157875792	XO_CT_CAMPUSSMACKTREEB_1B_JG_00	Tree_1953_XO_CT_CAMPUSSMACKTREEB_1B_JG_00	-441.19720458984375	170.2020263671875	-2619.3583984375	1.2355732917785645	0.999998927116394	1.0	-0.0360107421875	0.0	0.5202522277832031	9.177597999572754
157875856	XO_CT_CAMPUSSMACKTREEB_1B_JG_00	Tree_1953_XO_CT_CAMPUSSMACKTREEB_1B_JG_00	-364.6221008300781	174.0389404296875	-2638.9609375	0.31758132576942444	0.9999554753303528	1.0	-0.0360107421875	0.0	0.5202522277832031	9.177597999572754
157875920	XO_CT_CAMPUSSMACKTREEB_1B_JG_00	Tree_1953_XO_CT_CAMPUSSMACKTREEB_1B_JG_00	-533.6722412109375	169.47760009765625	-2553.898193359375	3.952458143234253	0.9999585151672363	1.0	-0.0360107421875	0.0	0.5202522277832031	9.177597999572754
157875984	XO_CT_CAMPUSSMACKTREEB_1B_JG_00	Tree_1953_XO_CT_CAMPUSSMACKTREEB_1B_JG_00	-401.94635009765625	171.60507202148438	-2627.5380859375	6.054016590118408	1.0000219345092773	1.0	-0.0360107421875	0.0	0.5202522277832031	9.177597999572754
158917456	XO_CT_CAMPUSSMACKTREEB_1B_JG_00	Tree_1953_XO_CT_CAMPUSSMACKTREEB_1B_JG_00	-856.3976440429688	152.39486694335938	-2650.641357421875	0.0	1.0	1.0	-0.0360107421875	0.0	0.5202522277832031	9.177597999572754
158917520	XO_CT_CAMPUSSMACKTREEB_1B_JG_00	Tree_1953_XO_CT_CAMPUSSMACKTREEB_1B_JG_00	-918.5911254882812	152.7128143310547	-2621.157470703125	0.0	1.0	1.0	-0.0360107421875	0.0	0.5202522277832031	9.177597999572754
158917584	XO_CT_CAMPUSSMACKTREEB_1B_JG_00	Tree_1953_XO_CT_CAMPUSSMACKTREEB_1B_JG_00	-881.8074951171875	151.4358673095703	-2624.88818359375	0.0	1.0	1.0	-0.0360107421875	0.0	0.5202522277832031	9.177597999572754
158917648	XO_CT_CAMPUSSMACKTREEB_1B_JG_00	Tree_1953_XO_CT_CAMPUSSMACKTREEB_1B_JG_00	-895.905029296875	151.4043426513672	-2613.05615234375	0.0	1.0	1.0	-0.0360107421875	0.0	0.5202522277832031	9.177597999572754
159348480	XO_CT_CAMPUSSMACKTREEB_1B_JG_00	Tree_1953_XO_CT_CAMPUSSMACKTREEB_1B_JG_00	-899.8782348632812	149.0131378173828	-2405.611572265625	2.282759189605713	0.9999988079071045	1.0	-0.0360107421875	0.0	0.5202522277832031	9.177597999572754
159348544	XO_CT_CAMPUSSMACKTREEB_1B_JG_00	Tree_1953_XO_CT_CAMPUSSMACKTREEB_1B_JG_00	-943.014892578125	149.68899536132812	-2386.99560546875	2.282759189605713	0.9999988079071045	1.0	-0.0360107421875	0.0	0.5202522277832031	9.177597999572754
167966432	XO_CT_CAMPUSSMACKTREEB_1B_JG_00	Tree_1953_XO_CT_CAMPUSSMACKTREEB_1B_JG_00	-663.4728393554688	164.37356567382812	-2633.728515625	3.564068078994751	1.0000357627868652	1.0	-0.0360107421875	0.0	0.5202522277832031	9.177597999572754
167966496	XO_CT_CAMPUSSMACKTREEB_1B_JG_00	Tree_1953_XO_CT_CAMPUSSMACKTREEB_1B_JG_00	-639.6552734375	167.2489471435547	-2722.309326171875	0.0	1.0	1.0	-0.0360107421875	0.0	0.5202522277832031	9.177597999572754
167966560	XO_CT_CAMPUSSMACKTREEB_1B_JG_00	Tree_1953_XO_CT_CAMPUSSMACKTREEB_1B_JG_00	-588.5068359375	164.67239379882812	-2623.1171875	4.406504154205322	0.999975860118866	1.0	-0.0360107421875	0.0	0.5202522277832031	9.177597999572754
167966624	XO_CT_CAMPUSSMACKTREEB_1B_JG_00	Tree_1953_XO_CT_CAMPUSSMACKTREEB_1B_JG_00	-617.9030151367188	164.70263671875	-2633.363525390625	1.2355732917785645	0.999998927116394	1.0	-0.0360107421875	0.0	0.5202522277832031	9.177597999572754
167966688	XO_CT_CAMPUSSMACKTREEB_1B_JG_00	Tree_1953_XO_CT_CAMPUSSMACKTREEB_1B_JG_00	-577.8671875	164.67239379882812	-2625.6259765625	4.406504154205322	0.999975860118866	1.0	-0.0360107421875	0.0	0.5202522277832031	9.177597999572754
167966752	XO_CT_CAMPUSSMACKTREEB_1B_JG_00	Tree_1953_XO_CT_CAMPUSSMACKTREEB_1B_JG_00	-600.0526123046875	164.67239379882812	-2620.9833984375	4.406504154205322	0.999975860118866	1.0	-0.0360107421875	0.0	0.5202522277832031	9.177597999572754
167966816	XO_CT_CAMPUSSMACKTREEB_1B_JG_00	Tree_1953_XO_CT_CAMPUSSMACKTREEB_1B_JG_00	-644.2244262695312	164.509765625	-2581.11767578125	4.406504154205322	0.999975860118866	1.0	-0.0360107421875	0.0	0.5202522277832031	9.177597999572754
167966880	XO_CT_CAMPUSSMACKTREEB_1B_JG_00	Tree_1953_XO_CT_CAMPUSSMACKTREEB_1B_JG_00	-648.7401123046875	164.37356567382812	-2639.022705078125	0.7806506752967834	0.9999907612800598	1.0	-0.0360107421875	0.0	0.5202522277832031	9.177597999572754
167966944	XO_CT_CAMPUSSMACKTREEB_1B_JG_00	Tree_1953_XO_CT_CAMPUSSMACKTREEB_1B_JG_00	-612.3446044921875	164.88511657714844	-2655.7529296875	1.5946013927459717	1.0000392198562622	1.0	-0.0360107421875	0.0	0.5202522277832031	9.177597999572754
167967008	XO_CT_CAMPUSSMACKTREEB_1B_JG_00	Tree_1953_XO_CT_CAMPUSSMACKTREEB_1B_JG_00	-647.57763671875	164.68624877929688	-2620.55322265625	2.630213975906372	1.0000295639038086	1.0	-0.0360107421875	0.0	0.5202522277832031	9.177597999572754
167967072	XO_CT_CAMPUSSMACKTREEB_1B_JG_00	Tree_1953_XO_CT_CAMPUSSMACKTREEB_1B_JG_00	-623.011474609375	164.80796813964844	-2649.92333984375	2.8681559562683105	0.9999169111251831	1.0	-0.0360107421875	0.0	0.5202522277832031	9.177597999572754
167967136	XO_CT_CAMPUSSMACKTREEB_1B_JG_00	Tree_1953_XO_CT_CAMPUSSMACKTREEB_1B_JG_00	-605.4765014648438	164.59132385253906	-2610.53662109375	4.406504154205322	0.999975860118866	1.0	-0.0360107421875	0.0	0.5202522277832031	9.177597999572754
167967200	XO_CT_CAMPUSSMACKTREEB_1B_JG_00	Tree_1953_XO_CT_CAMPUSSMACKTREEB_1B_JG_00	-605.678466796875	164.88511657714844	-2669.2119140625	1.9436407089233398	0.9999778866767883	1.0	-0.0360107421875	0.0	0.5202522277832031	9.177597999572754
167967264	XO_CT_CAMPUSSMACKTREEB_1B_JG_00	Tree_1953_XO_CT_CAMPUSSMACKTREEB_1B_JG_00	-607.054931640625	164.88511657714844	-2656.527587890625	3.0583600997924805	0.9999215006828308	1.0	-0.0360107421875	0.0	0.5202522277832031	9.177597999572754
169851312	XO_CT_CAMPUSSMACKTREEB_1B_JG_00	Tree_1953_XO_CT_CAMPUSSMACKTREEB_1B_JG_00	-805.8193359375	151.0957489013672	-2684.3017578125	0.0	1.0	1.0	-0.0360107421875	0.0	0.5202522277832031	9.177597999572754
169851376	XO_CT_CAMPUSSMACKTREEB_1B_JG_00	Tree_1953_XO_CT_CAMPUSSMACKTREEB_1B_JG_00	-795.185302734375	149.93972778320312	-2732.2392578125	0.0	1.0	1.0	-0.0360107421875	0.0	0.5202522277832031	9.177597999572754
169851440	XO_CT_CAMPUSSMACKTREEB_1B_JG_00	Tree_1953_XO_CT_CAMPUSSMACKTREEB_1B_JG_00	-796.71875	152.0417938232422	-2788.69189453125	0.9229007363319397	1.0000096559524536	1.0	-0.0360107421875	0.0	0.5202522277832031	9.177597999572754
169851504	XO_CT_CAMPUSSMACKTREEB_1B_JG_00	Tree_1953_XO_CT_CAMPUSSMACKTREEB_1B_JG_00	-791.2877197265625	150.15032958984375	-2721.078125	0.0	1.0	1.0	-0.0360107421875	0.0	0.5202522277832031	9.177597999572754
169851568	XO_CT_CAMPUSSMACKTREEB_1B_JG_00	Tree_1953_XO_CT_CAMPUSSMACKTREEB_1B_JG_00	-800.5741577148438	152.0417938232422	-2784.86865234375	5.142946720123291	0.9999540448188782	1.0	-0.0360107421875	0.0	0.5202522277832031	9.177597999572754
169851632	XO_CT_CAMPUSSMACKTREEB_1B_JG_00	Tree_1953_XO_CT_CAMPUSSMACKTREEB_1B_JG_00	-821.967529296875	151.5050506591797	-2743.906982421875	0.0	1.0	1.0	-0.0360107421875	0.0	0.5202522277832031	9.177597999572754
169851696	XO_CT_CAMPUSSMACKTREEB_1B_JG_00	Tree_1953_XO_CT_CAMPUSSMACKTREEB_1B_JG_00	-815.938232421875	151.5050506591797	-2757.359375	0.0	1.0	1.0	-0.0360107421875	0.0	0.5202522277832031	9.177597999572754
169851760	XO_CT_CAMPUSSMACKTREEB_1B_JG_00	Tree_1953_XO_CT_CAMPUSSMACKTREEB_1B_JG_00	-791.2109375	149.93972778320312	-2756.923828125	0.0	1.0	1.0	-0.0360107421875	0.0	0.5202522277832031	9.177597999572754
169851824	XO_CT_CAMPUSSMACKTREEB_1B_JG_00	Tree_1953_XO_CT_CAMPUSSMACKTREEB_1B_JG_00	-776.7622680664062	152.12725830078125	-2692.68994140625	0.0	1.0	1.0	-0.0360107421875	0.0	0.5202522277832031	9.177597999572754
169851888	XO_CT_CAMPUSSMACKTREEB_1B_JG_00	Tree_1953_XO_CT_CAMPUSSMACKTREEB_1B_JG_00	-782.7291259765625	152.12725830078125	-2708.392822265625	0.0	1.0	1.0	-0.0360107421875	0.0	0.5202522277832031	9.177597999572754
170129808	XO_CT_CAMPUSSMACKTREEB_1B_JG_00	Tree_1955_XO_CT_CAMPUSSMACKTREEB_1B_JG_00	-684.2157592773438	157.01673889160156	-2388.80126953125	0.0	1.0	1.0	0.2718884713249281	-0.0039726197719573975	0.7715844775084406	9.211198357515968
170129872	XO_CT_CAMPUSSMACKTREEB_1B_JG_00	Tree_1956_XO_CT_CAMPUSSMACKTREEB_1B_JG_00	-687.8809204101562	157.11572265625	-2398.758544921875	0.0	1.0	1.0	0.8904108980932506	-0.003887265920639038	0.1200084692100063	9.165719357901253
170386496	XO_CT_CAMPUSSMACKTREEB_1B_JG_00	Tree_1953_XO_CT_CAMPUSSMACKTREEB_1B_JG_00	-542.045166015625	168.453125	-2535.204345703125	5.472664833068848	0.9999497532844543	1.0	-0.0360107421875	0.0	0.5202522277832031	9.177597999572754
170386560	XO_CT_CAMPUSSMACKTREEB_1B_JG_00	Tree_1957_XO_CT_CAMPUSSMACKTREEB_1B_JG_00	-531.3922729492188	163.53721618652344	-2465.5126953125	0.0	1.0	1.0	-1.0900733117305208	-0.007429443299770355	0.2954183017136529	9.231824027956463
170386624	XO_CT_CAMPUSSMACKTREEB_1B_JG_00	Tree_1953_XO_CT_CAMPUSSMACKTREEB_1B_JG_00	-536.961181640625	169.27841186523438	-2544.493408203125	1.5783644914627075	1.0000286102294922	1.0	-0.0360107421875	0.0	0.5202522277832031	9.177597999572754
170694048	XO_CT_CAMPUSSMACKTREEB_1B_JG_00	Tree_1953_XO_CT_CAMPUSSMACKTREEB_1B_JG_00	-802.1610717773438	152.481201171875	-2533.481201171875	0.08726707100868225	1.00002121925354	1.0	-0.0360107421875	0.0	0.5202522277832031	9.177597999572754
170694112	XO_CT_CAMPUSSMACKTREEB_1B_JG_00	Tree_1953_XO_CT_CAMPUSSMACKTREEB_1B_JG_00	-751.0326538085938	154.15890502929688	-2536.831787109375	4.406504154205322	0.999975860118866	1.0	-0.0360107421875	0.0	0.5202522277832031	9.177597999572754
170694176	XO_CT_CAMPUSSMACKTREEB_1B_JG_00	Tree_1953_XO_CT_CAMPUSSMACKTREEB_1B_JG_00	-759.1001586914062	153.9345703125	-2525.359375	4.406504154205322	0.999975860118866	1.0	-0.0360107421875	0.0	0.5202522277832031	9.177597999572754
170694240	XO_CT_CAMPUSSMACKTREEB_1B_JG_00	Tree_1953_XO_CT_CAMPUSSMACKTREEB_1B_JG_00	-777.318115234375	152.86058044433594	-2545.45654296875	1.2355732917785645	0.999998927116394	1.0	-0.0360107421875	0.0	0.5202522277832031	9.177597999572754
170694304	XO_CT_CAMPUSSMACKTREEB_1B_JG_00	Tree_1953_XO_CT_CAMPUSSMACKTREEB_1B_JG_00	-801.782470703125	150.29196166992188	-2492.0654296875	2.282759189605713	0.9999988079071045	1.0	-0.0360107421875	0.0	0.5202522277832031	9.177597999572754
170694368	XO_CT_CAMPUSSMACKTREEB_1B_JG_00	Tree_1953_XO_CT_CAMPUSSMACKTREEB_1B_JG_00	-789.5003662109375	153.91502380371094	-2559.7900390625	3.0983643531799316	0.9999575614929199	1.0	-0.0360107421875	0.0	0.5202522277832031	9.177597999572754
170694432	XO_CT_CAMPUSSMACKTREEB_1B_JG_00	Tree_1953_XO_CT_CAMPUSSMACKTREEB_1B_JG_00	-807.7092895507812	152.55995178222656	-2522.879150390625	0.08726707100868225	1.00002121925354	1.0	-0.0360107421875	0.0	0.5202522277832031	9.177597999572754
171801216	XO_CT_CAMPUSSMACKTREEB_1B_JG_00	Tree_1953_XO_CT_CAMPUSSMACKTREEB_1B_JG_00	-687.3770751953125	159.53619384765625	-2579.160400390625	0.06425393372774124	0.9999922513961792	1.0	-0.0360107421875	0.0	0.5202522277832031	9.177597999572754
171801280	XO_CT_CAMPUSSMACKTREEB_1B_JG_00	Tree_1953_XO_CT_CAMPUSSMACKTREEB_1B_JG_00	-749.66259765625	154.14309692382812	-2650.751220703125	2.8681559562683105	0.9999169111251831	1.0	-0.0360107421875	0.0	0.5202522277832031	9.177597999572754
171801344	XO_CT_CAMPUSSMACKTREEB_1B_JG_00	Tree_1953_XO_CT_CAMPUSSMACKTREEB_1B_JG_00	-698.5895385742188	159.53619384765625	-2580.798583984375	3.7117860317230225	1.000000238418579	1.0	-0.0360107421875	0.0	0.5202522277832031	9.177597999572754
171801408	XO_CT_CAMPUSSMACKTREEB_1B_JG_00	Tree_1953_XO_CT_CAMPUSSMACKTREEB_1B_JG_00	-738.4507446289062	155.0431671142578	-2654.674560546875	2.8681559562683105	0.9999169111251831	1.0	-0.0360107421875	0.0	0.5202522277832031	9.177597999572754
171801472	XO_CT_CAMPUSSMACKTREEB_1B_JG_00	Tree_1953_XO_CT_CAMPUSSMACKTREEB_1B_JG_00	-711.0991821289062	156.88897705078125	-2579.0302734375	4.007959842681885	0.9999756217002869	1.0	-0.0360107421875	0.0	0.5202522277832031	9.177597999572754
171801536	XO_CT_CAMPUSSMACKTREEB_1B_JG_00	Tree_1953_XO_CT_CAMPUSSMACKTREEB_1B_JG_00	-762.7548828125	153.74668884277344	-2646.21484375	2.8681559562683105	0.9999169111251831	1.0	-0.0360107421875	0.0	0.5202522277832031	9.177597999572754
171801600	XO_CT_CAMPUSSMACKTREEB_1B_JG_00	Tree_1953_XO_CT_CAMPUSSMACKTREEB_1B_JG_00	-722.1698608398438	159.53619384765625	-2563.87548828125	2.913430690765381	1.0000383853912354	1.0	-0.0360107421875	0.0	0.5202522277832031	9.177597999572754
171801664	XO_CT_CAMPUSSMACKTREEB_1B_JG_00	Tree_1953_XO_CT_CAMPUSSMACKTREEB_1B_JG_00	-747.34228515625	154.51913452148438	-2614.724853515625	2.8681559562683105	0.9999169111251831	1.0	-0.0360107421875	0.0	0.5202522277832031	9.177597999572754
171801728	XO_CT_CAMPUSSMACKTREEB_1B_JG_00	Tree_1953_XO_CT_CAMPUSSMACKTREEB_1B_JG_00	-741.676513671875	154.22348022460938	-2543.8623046875	4.406504154205322	0.999975860118866	1.0	-0.0360107421875	0.0	0.5202522277832031	9.177597999572754
171801792	XO_CT_CAMPUSSMACKTREEB_1B_JG_00	Tree_1953_XO_CT_CAMPUSSMACKTREEB_1B_JG_00	-697.4713134765625	163.25668334960938	-2620.53271484375	2.8681559562683105	0.9999169111251831	1.0	-0.0360107421875	0.0	0.5202522277832031	9.177597999572754
171801856	XO_CT_CAMPUSSMACKTREEB_1B_JG_00	Tree_1953_XO_CT_CAMPUSSMACKTREEB_1B_JG_00	-715.70166015625	159.53463745117188	-2613.384765625	2.8681559562683105	0.9999169111251831	1.0	-0.0360107421875	0.0	0.5202522277832031	9.177597999572754
171801920	XO_CT_CAMPUSSMACKTREEB_1B_JG_00	Tree_1953_XO_CT_CAMPUSSMACKTREEB_1B_JG_00	-731.9507446289062	155.26905822753906	-2607.7373046875	2.8681559562683105	0.9999169111251831	1.0	-0.0360107421875	0.0	0.5202522277832031	9.177597999572754
171801984	XO_CT_CAMPUSSMACKTREEB_1B_JG_00	Tree_1953_XO_CT_CAMPUSSMACKTREEB_1B_JG_00	-684.424072265625	162.67942810058594	-2606.13525390625	1.2355732917785645	0.999998927116394	1.0	-0.0360107421875	0.0	0.5202522277832031	9.177597999572754
171802048	XO_CT_CAMPUSSMACKTREEB_1B_JG_00	Tree_1953_XO_CT_CAMPUSSMACKTREEB_1B_JG_00	-728.798583984375	156.88897705078125	-2560.17333984375	4.001551628112793	0.9999957084655762	1.0	-0.0360107421875	0.0	0.5202522277832031	9.177597999572754
171802112	XO_CT_CAMPUSSMACKTREEB_1B_JG_00	Tree_1953_XO_CT_CAMPUSSMACKTREEB_1B_JG_00	-782.9822998046875	153.91502380371094	-2571.102294921875	3.0983643531799316	0.9999575614929199	1.0	-0.0360107421875	0.0	0.5202522277832031	9.177597999572754
171802176	XO_CT_CAMPUSSMACKTREEB_1B_JG_00	Tree_1953_XO_CT_CAMPUSSMACKTREEB_1B_JG_00	-715.3824462890625	159.53619384765625	-2573.626220703125	3.7117860317230225	1.000000238418579	1.0	-0.0360107421875	0.0	0.5202522277832031	9.177597999572754
171802240	XO_CT_CAMPUSSMACKTREEB_1B_JG_00	Tree_1953_XO_CT_CAMPUSSMACKTREEB_1B_JG_00	-694.9049682617188	164.7810516357422	-2631.74560546875	2.8681559562683105	0.9999169111251831	1.0	-0.0360107421875	0.0	0.5202522277832031	9.177597999572754
171802304	XO_CT_CAMPUSSMACKTREEB_1B_JG_00	Tree_1953_XO_CT_CAMPUSSMACKTREEB_1B_JG_00	-731.4777221679688	156.88897705078125	-2564.70166015625	2.8446285724639893	0.9999451041221619	1.0	-0.0360107421875	0.0	0.5202522277832031	9.177597999572754
171802368	XO_CT_CAMPUSSMACKTREEB_1B_JG_00	Tree_1953_XO_CT_CAMPUSSMACKTREEB_1B_JG_00	-778.2144165039062	154.4854278564453	-2603.466064453125	3.0983643531799316	0.9999575614929199	1.0	-0.0360107421875	0.0	0.5202522277832031	9.177597999572754
171802432	XO_CT_CAMPUSSMACKTREEB_1B_JG_00	Tree_1953_XO_CT_CAMPUSSMACKTREEB_1B_JG_00	-785.246337890625	154.4854278564453	-2624.059326171875	3.0983643531799316	0.9999575614929199	1.0	-0.0360107421875	0.0	0.5202522277832031	9.177597999572754
171802496	XO_CT_CAMPUSSMACKTREEB_1B_JG_00	Tree_1953_XO_CT_CAMPUSSMACKTREEB_1B_JG_00	-721.8352661132812	158.39797973632812	-2621.77880859375	2.8681559562683105	0.9999169111251831	1.0	-0.0360107421875	0.0	0.5202522277832031	9.177597999572754
173213248	XO_CT_CAMPUSSMACKTREEB_1B_JG_00	Tree_1953_XO_CT_CAMPUSSMACKTREEB_1B_JG_00	-940.3860473632812	154.7454071044922	-2198.791015625	5.640172481536865	1.0000001192092896	1.0	-0.0360107421875	0.0	0.5202522277832031	9.177597999572754
173213312	XO_CT_CAMPUSSMACKTREEB_1B_JG_00	Tree_1953_XO_CT_CAMPUSSMACKTREEB_1B_JG_00	-953.4798583984375	154.43508911132812	-2191.01611328125	5.640172481536865	1.0000001192092896	1.0	-0.0360107421875	0.0	0.5202522277832031	9.177597999572754
183268368	XO_CT_CAMPUSSMACKTREE_1B_JG_00	Tree_1963_XO_CT_CAMPUSSMACKTREE_1B_JG_00	-2132.66943359375	92.52047729492188	-123.63609313964844	0.0	1.0	1.0	-0.0352783203125	0.0	0.33315277099609375	6.039129734039307
198715408	XO_CT_CAMPUSSMACKTREE_1B_JG_00	Tree_1963_XO_CT_CAMPUSSMACKTREE_1B_JG_00	-2089.815185546875	91.56658172607422	-170.8905792236328	0.8726038336753845	0.9999815225601196	1.0	-0.0352783203125	0.0	0.33315277099609375	6.039129734039307
198715472	XO_CT_CAMPUSSMACKTREE_1B_JG_00	Tree_1963_XO_CT_CAMPUSSMACKTREE_1B_JG_00	-2081.9658203125	90.8976058959961	-176.88035583496094	4.1014628410339355	0.9999690055847168	1.0	-0.0352783203125	0.0	0.33315277099609375	6.039129734039307
198715536	XO_CT_CAMPUSSMACKTREE_1B_JG_00	Tree_1963_XO_CT_CAMPUSSMACKTREE_1B_JG_00	-2074.8798828125	90.24049377441406	-180.71658325195312	0.0	1.0	1.0	-0.0352783203125	0.0	0.33315277099609375	6.039129734039307
198715600	XO_CT_CAMPUSSMACKTREE_1B_JG_00	Tree_1963_XO_CT_CAMPUSSMACKTREE_1B_JG_00	-2129.447265625	92.53829193115234	-130.44338989257812	4.974154949188232	1.000008225440979	1.0	-0.0352783203125	0.0	0.33315277099609375	6.039129734039307
198715664	XO_CT_CAMPUSSMACKTREE_1B_JG_00	Tree_1963_XO_CT_CAMPUSSMACKTREE_1B_JG_00	-2124.427001953125	92.53792572021484	-136.8518524169922	2.007143259048462	0.9999430179595947	1.0	-0.0352783203125	0.0	0.33315277099609375	6.039129734039307
198715728	XO_CT_CAMPUSSMACKTREE_1B_JG_00	Tree_1963_XO_CT_CAMPUSSMACKTREE_1B_JG_00	-2119.7568359375	92.504638671875	-143.37841796875	4.974154949188232	1.000008225440979	1.0	-0.0352783203125	0.0	0.33315277099609375	6.039129734039307
198715792	XO_CT_CAMPUSSMACKTREE_1B_JG_00	Tree_1963_XO_CT_CAMPUSSMACKTREE_1B_JG_00	-2112.974853515625	92.43273162841797	-150.23690795898438	1.6580634117126465	1.00002121925354	1.0	-0.0352783203125	0.0	0.33315277099609375	6.039129734039307
198715856	XO_CT_CAMPUSSMACKTREE_1B_JG_00	Tree_1963_XO_CT_CAMPUSSMACKTREE_1B_JG_00	-2107.21044921875	92.31739044189453	-155.916015625	0.0	1.0	1.0	-0.0352783203125	0.0	0.33315277099609375	6.039129734039307
198715920	XO_CT_CAMPUSSMACKTREE_1B_JG_00	Tree_1963_XO_CT_CAMPUSSMACKTREE_1B_JG_00	-2098.65869140625	92.06272888183594	-163.5956268310547	1.047168254852295	0.9999492168426514	1.0	-0.0352783203125	0.0	0.33315277099609375	6.039129734039307
204322896	XO_CT_CAMPUSSMACKTREE_1B_JG_00	Tree_1963_XO_CT_CAMPUSSMACKTREE_1B_JG_00	-2004.4486083984375	97.30935668945312	-54.2868537902832	4.647769451141357	1.000011920928955	1.0	-0.0352783203125	0.0	0.33315277099609375	6.039129734039307
204322960	XO_CT_CAMPUSSMACKTREE_1B_JG_00	Tree_1963_XO_CT_CAMPUSSMACKTREE_1B_JG_00	-2005.4730224609375	97.13411712646484	-62.67232894897461	4.9806108474731445	0.99998939037323	1.0	-0.0352783203125	0.0	0.33315277099609375	6.039129734039307
204323024	XO_CT_CAMPUSSMACKTREE_1B_JG_00	Tree_1963_XO_CT_CAMPUSSMACKTREE_1B_JG_00	-2005.9923095703125	96.58220672607422	-71.1492919921875	1.9109218120574951	1.0000383853912354	1.0	-0.0352783203125	0.0	0.33315277099609375	6.039129734039307
204323088	XO_CT_CAMPUSSMACKTREE_1B_JG_00	Tree_1963_XO_CT_CAMPUSSMACKTREE_1B_JG_00	-2007.4810791015625	95.82855224609375	-79.38455200195312	2.0110223293304443	1.000008463859558	1.0	-0.0352783203125	0.0	0.33315277099609375	6.039129734039307
204323152	XO_CT_CAMPUSSMACKTREE_1B_JG_00	Tree_1963_XO_CT_CAMPUSSMACKTREE_1B_JG_00	-1994.526123046875	100.63520050048828	1.386102557182312	0.0	1.0	1.0	-0.0352783203125	0.0	0.33315277099609375	6.039129734039307
204323216	XO_CT_CAMPUSSMACKTREE_1B_JG_00	Tree_1963_XO_CT_CAMPUSSMACKTREE_1B_JG_00	-1997.166015625	100.00977325439453	-7.669872760772705	1.4131536483764648	0.9999480843544006	1.0	-0.0352783203125	0.0	0.33315277099609375	6.039129734039307
204323280	XO_CT_CAMPUSSMACKTREE_1B_JG_00	Tree_1963_XO_CT_CAMPUSSMACKTREE_1B_JG_00	-2007.7569580078125	95.21871948242188	-85.3285903930664	2.0942575931549072	0.9999939203262329	1.0	-0.0352783203125	0.0	0.33315277099609375	6.039129734039307
204323344	XO_CT_CAMPUSSMACKTREE_1B_JG_00	Tree_1963_XO_CT_CAMPUSSMACKTREE_1B_JG_00	-1998.9736328125	99.35755920410156	-16.493568420410156	5.154635429382324	1.000017762184143	1.0	-0.0352783203125	0.0	0.33315277099609375	6.039129734039307
204323408	XO_CT_CAMPUSSMACKTREE_1B_JG_00	Tree_1963_XO_CT_CAMPUSSMACKTREE_1B_JG_00	-2000.252685546875	98.68817138671875	-25.581235885620117	0.6983644366264343	0.9999665021896362	1.0	-0.0352783203125	0.0	0.33315277099609375	6.039129734039307
204323472	XO_CT_CAMPUSSMACKTREE_1B_JG_00	Tree_1963_XO_CT_CAMPUSSMACKTREE_1B_JG_00	-2002.7408447265625	98.1164321899414	-34.91538619995117	3.945807695388794	1.0000262260437012	1.0	-0.0352783203125	0.0	0.33315277099609375	6.039129734039307
204323536	XO_CT_CAMPUSSMACKTREE_1B_JG_00	Tree_1963_XO_CT_CAMPUSSMACKTREE_1B_JG_00	-2003.0771484375	97.63330078125	-44.1198844909668	1.3821865320205688	1.0000345706939697	1.0	-0.0352783203125	0.0	0.33315277099609375	6.039129734039307
208302400	XO_CT_CAMPUSSMACKTREE_1B_JG_00	Tree_1963_XO_CT_CAMPUSSMACKTREE_1B_JG_00	-2612.945068359375	88.44120788574219	-1033.893310546875	1.4176087379455566	0.9999914169311523	1.0	-0.0352783203125	0.0	0.33315277099609375	6.039129734039307
208302464	XO_CT_CAMPUSSMACKTREE_1B_JG_00	Tree_1963_XO_CT_CAMPUSSMACKTREE_1B_JG_00	-2634.997314453125	89.21372985839844	-1043.188720703125	3.529942274093628	1.0000019073486328	1.0	-0.0352783203125	0.0	0.33315277099609375	6.039129734039307
208302528	XO_CT_CAMPUSSMACKTREE_1B_JG_00	Tree_1963_XO_CT_CAMPUSSMACKTREE_1B_JG_00	-2622.352783203125	88.44120788574219	-1051.2235107421875	1.4176087379455566	0.9999914169311523	1.0	-0.0352783203125	0.0	0.33315277099609375	6.039129734039307
208302592	XO_CT_CAMPUSSMACKTREE_1B_JG_00	Tree_1963_XO_CT_CAMPUSSMACKTREE_1B_JG_00	-2607.845947265625	87.37257385253906	-1061.7728271484375	4.462732315063477	0.9999966621398926	1.0	-0.0352783203125	0.0	0.33315277099609375	6.039129734039307
208302656	XO_CT_CAMPUSSMACKTREE_1B_JG_00	Tree_1963_XO_CT_CAMPUSSMACKTREE_1B_JG_00	-2598.43798828125	87.37257385253906	-1044.442626953125	4.462732315063477	0.9999966621398926	1.0	-0.0352783203125	0.0	0.33315277099609375	6.039129734039307
235705488	XO_CT_CAMPUSSMACKTREE_1B_JG_00	Tree_1963_XO_CT_CAMPUSSMACKTREE_1B_JG_00	-238.3386688232422	190.04229736328125	-4093.31787109375	6.180832386016846	0.9999843835830688	1.0	-0.0352783203125	0.0	0.33315277099609375	6.039129734039307
235705552	XO_CT_CAMPUSSMACKTREE_1B_JG_00	Tree_1963_XO_CT_CAMPUSSMACKTREE_1B_JG_00	-265.4407653808594	190.44007873535156	-4106.974609375	5.866721153259277	1.0000282526016235	1.0	-0.0352783203125	0.0	0.33315277099609375	6.039129734039307
235705616	XO_CT_CAMPUSSMACKTREE_1B_JG_00	Tree_1963_XO_CT_CAMPUSSMACKTREE_1B_JG_00	-297.38726806640625	190.45718383789062	-4122.01953125	4.658650875091553	0.9999786615371704	1.0	-0.0352783203125	0.0	0.33315277099609375	6.039129734039307
235705680	XO_CT_CAMPUSSMACKTREE_1B_JG_00	Tree_1963_XO_CT_CAMPUSSMACKTREE_1B_JG_00	-185.7219696044922	185.39315795898438	-4061.11572265625	6.180832386016846	0.9999843835830688	1.0	-0.0352783203125	0.0	0.33315277099609375	6.039129734039307
235705744	XO_CT_CAMPUSSMACKTREE_1B_JG_00	Tree_1963_XO_CT_CAMPUSSMACKTREE_1B_JG_00	-334.25262451171875	191.85699462890625	-4137.89208984375	2.3542091846466064	0.9999814629554749	1.0	-0.0352783203125	0.0	0.33315277099609375	6.039129734039307
235705808	XO_CT_CAMPUSSMACKTREE_1B_JG_00	Tree_1963_XO_CT_CAMPUSSMACKTREE_1B_JG_00	-207.2363739013672	188.04452514648438	-4076.04052734375	5.596090316772461	0.999973475933075	1.0	-0.0352783203125	0.0	0.33315277099609375	6.039129734039307
235705872	XO_CT_CAMPUSSMACKTREE_1B_JG_00	Tree_1963_XO_CT_CAMPUSSMACKTREE_1B_JG_00	-458.7788391113281	195.7294464111328	-4187.10546875	2.431708574295044	1.0000206232070923	1.0	-0.0352783203125	0.0	0.33315277099609375	6.039129734039307
235705936	XO_CT_CAMPUSSMACKTREE_1B_JG_00	Tree_1963_XO_CT_CAMPUSSMACKTREE_1B_JG_00	-432.0805358886719	195.94749450683594	-4176.29638671875	2.431708574295044	1.0000206232070923	1.0	-0.0352783203125	0.0	0.33315277099609375	6.039129734039307
235706000	XO_CT_CAMPUSSMACKTREE_1B_JG_00	Tree_1963_XO_CT_CAMPUSSMACKTREE_1B_JG_00	-395.33941650390625	194.8763427734375	-4161.5751953125	4.736072063446045	1.0000362396240234	1.0	-0.0352783203125	0.0	0.33315277099609375	6.039129734039307
235706064	XO_CT_CAMPUSSMACKTREE_1B_JG_00	Tree_1963_XO_CT_CAMPUSSMACKTREE_1B_JG_00	-362.5517578125	193.087646484375	-4148.908203125	6.258278846740723	0.9999439120292664	1.0	-0.0352783203125	0.0	0.33315277099609375	6.039129734039307
238796384	XO_CT_CAMPUSSMACKTREE_1B_JG_00	Tree_1963_XO_CT_CAMPUSSMACKTREE_1B_JG_00	70.53992462158203	228.29942321777344	-4122.83935546875	3.1684515476226807	0.9999944567680359	1.0	-0.0352783203125	0.0	0.33315277099609375	6.039129734039307
238796448	XO_CT_CAMPUSSMACKTREE_1B_JG_00	Tree_1963_XO_CT_CAMPUSSMACKTREE_1B_JG_00	13.661994934082031	222.1153106689453	-4180.86865234375	2.5595829486846924	0.9999611973762512	1.0	-0.0352783203125	0.0	0.33315277099609375	6.039129734039307
238796512	XO_CT_CAMPUSSMACKTREE_1B_JG_00	Tree_1963_XO_CT_CAMPUSSMACKTREE_1B_JG_00	-8.34448528289795	223.50955200195312	-4261.32373046875	5.292740345001221	1.0000402927398682	1.0	-0.0352783203125	0.0	0.33315277099609375	6.039129734039307
238796576	XO_CT_CAMPUSSMACKTREE_1B_JG_00	Tree_1963_XO_CT_CAMPUSSMACKTREE_1B_JG_00	-15.83876895904541	222.0428924560547	-4307.96240234375	5.292740345001221	1.0000402927398682	1.0	-0.0352783203125	0.0	0.33315277099609375	6.039129734039307
238796640	XO_CT_CAMPUSSMACKTREE_1B_JG_00	Tree_1963_XO_CT_CAMPUSSMACKTREE_1B_JG_00	-29.541397094726562	230.41140747070312	-4370.04052734375	5.590447425842285	1.000040054321289	1.0	-0.0352783203125	0.0	0.33315277099609375	6.039129734039307
252115664	XO_CT_CAMPUSSMACKTREEB_1B_JG_00	Tree_1953_XO_CT_CAMPUSSMACKTREEB_1B_JG_00	-2421.92578125	253.35183715820312	-4564.87841796875	0.0	1.0	1.0	-0.0360107421875	0.0	0.5202522277832031	9.177597999572754
252115728	XO_CT_CAMPUSSMACKTREEB_1B_JG_00	Tree_1953_XO_CT_CAMPUSSMACKTREEB_1B_JG_00	-2565.048828125	262.0019226074219	-4511.09130859375	0.0	1.0	1.0	-0.0360107421875	0.0	0.5202522277832031	9.177597999572754
252869008	XO_CT_CAMPUSSMACKTREEB_1B_JG_00	Tree_1953_XO_CT_CAMPUSSMACKTREEB_1B_JG_00	-2515.994140625	230.53306579589844	-3857.319580078125	0.0	1.0	1.0	-0.0360107421875	0.0	0.5202522277832031	9.177597999572754
260792112	XO_CT_CAMPUSSMACKTREEB_1B_JG_00	Tree_1953_XO_CT_CAMPUSSMACKTREEB_1B_JG_00	-2618.01953125	255.89170837402344	-4245.4921875	0.0	1.0	1.0	-0.0360107421875	0.0	0.5202522277832031	9.177597999572754
260792176	XO_CT_CAMPUSSMACKTREEB_1B_JG_00	Tree_1953_XO_CT_CAMPUSSMACKTREEB_1B_JG_00	-2625.61962890625	265.1250305175781	-4390.80859375	0.0	1.0	1.0	-0.0360107421875	0.0	0.5202522277832031	9.177597999572754
262486432	XO_CT_CAMPUSSMACKTREEB_1B_JG_00	Tree_1953_XO_CT_CAMPUSSMACKTREEB_1B_JG_00	-2350.97314453125	197.15708923339844	-3302.878173828125	0.0	1.0	1.0	-0.0360107421875	0.0	0.5202522277832031	9.177597999572754
262486496	XO_CT_CAMPUSSMACKTREEB_1B_JG_00	Tree_1953_XO_CT_CAMPUSSMACKTREEB_1B_JG_00	-2367.16943359375	196.17588806152344	-3335.49267578125	0.0	1.0	1.0	-0.0360107421875	0.0	0.5202522277832031	9.177597999572754
262486560	XO_CT_CAMPUSSMACKTREEB_1B_JG_00	Tree_1953_XO_CT_CAMPUSSMACKTREEB_1B_JG_00	-2415.42529296875	192.892578125	-3404.321533203125	0.0	1.0	1.0	-0.0360107421875	0.0	0.5202522277832031	9.177597999572754
262486624	XO_CT_CAMPUSSMACKTREEB_1B_JG_00	Tree_1953_XO_CT_CAMPUSSMACKTREEB_1B_JG_00	-2401.27197265625	193.75892639160156	-3387.653076171875	0.0	1.0	1.0	-0.0360107421875	0.0	0.5202522277832031	9.177597999572754
262486688	XO_CT_CAMPUSSMACKTREEB_1B_JG_00	Tree_1953_XO_CT_CAMPUSSMACKTREEB_1B_JG_00	-2385.01611328125	194.80625915527344	-3366.335693359375	0.0	1.0	1.0	-0.0360107421875	0.0	0.5202522277832031	9.177597999572754
262486752	XO_CT_CAMPUSSMACKTREEB_1B_JG_00	Tree_1953_XO_CT_CAMPUSSMACKTREEB_1B_JG_00	-2434.08154296875	192.19879150390625	-3421.059326171875	0.0	1.0	1.0	-0.0360107421875	0.0	0.5202522277832031	9.177597999572754
262486816	XO_CT_CAMPUSSMACKTREEB_1B_JG_00	Tree_1953_XO_CT_CAMPUSSMACKTREEB_1B_JG_00	-2465.78076171875	192.22743225097656	-3451.44189453125	0.0	1.0	1.0	-0.0360107421875	0.0	0.5202522277832031	9.177597999572754
264146448	XO_CT_CAMPUSSMACKTREE_1B_JG_00	Tree_1963_XO_CT_CAMPUSSMACKTREE_1B_JG_00	-816.740234375	199.8562774658203	-3798.098876953125	0.5263082385063171	0.9999496936798096	1.0	-0.0352783203125	0.0	0.33315277099609375	6.039129734039307
264146512	XO_CT_CAMPUSSMACKTREE_1B_JG_00	Tree_1963_XO_CT_CAMPUSSMACKTREE_1B_JG_00	-819.18212890625	200.1591796875	-3807.6904296875	0.5263082385063171	0.9999496936798096	1.0	-0.0352783203125	0.0	0.33315277099609375	6.039129734039307
264146576	XO_CT_CAMPUSSMACKTREE_1B_JG_00	Tree_1963_XO_CT_CAMPUSSMACKTREE_1B_JG_00	-839.42578125	199.82228088378906	-3802.216064453125	0.5263082385063171	0.9999496936798096	1.0	-0.0352783203125	0.0	0.33315277099609375	6.039129734039307
264146640	XO_CT_CAMPUSSMACKTREE_1B_JG_00	Tree_1963_XO_CT_CAMPUSSMACKTREE_1B_JG_00	-823.8956909179688	199.7212677001953	-3786.3955078125	0.5263082385063171	0.9999496936798096	1.0	-0.0352783203125	0.0	0.33315277099609375	6.039129734039307
264146704	XO_CT_CAMPUSSMACKTREE_1B_JG_00	Tree_1963_XO_CT_CAMPUSSMACKTREE_1B_JG_00	-820.150146484375	199.8562774658203	-3798.733642578125	3.433189868927002	0.9999767541885376	1.0	-0.0352783203125	0.0	0.33315277099609375	6.039129734039307
264146768	XO_CT_CAMPUSSMACKTREE_1B_JG_00	Tree_1963_XO_CT_CAMPUSSMACKTREE_1B_JG_00	-804.365478515625	200.93075561523438	-3817.998291015625	2.005122423171997	0.9999456405639648	1.0	-0.0352783203125	0.0	0.33315277099609375	6.039129734039307
265207088	XO_CT_CAMPUSSMACKTREEB_1B_JG_00	Tree_1953_XO_CT_CAMPUSSMACKTREEB_1B_JG_00	-990.778076171875	154.08810424804688	-2591.5048828125	0.0	1.0	1.0	-0.0360107421875	0.0	0.5202522277832031	9.177597999572754
265207152	XO_CT_CAMPUSSMACKTREEB_1B_JG_00	Tree_1953_XO_CT_CAMPUSSMACKTREEB_1B_JG_00	-1004.011474609375	154.08810424804688	-2586.724609375	0.0	1.0	1.0	-0.0360107421875	0.0	0.5202522277832031	9.177597999572754
269757856	XO_CT_CAMPUSSMACKTREEB_1B_JG_00	Tree_1953_XO_CT_CAMPUSSMACKTREEB_1B_JG_00	-2614.00341796875	218.08470153808594	-3683.91455078125	0.0	1.0	1.0	-0.0360107421875	0.0	0.5202522277832031	9.177597999572754
269757920	XO_CT_CAMPUSSMACKTREEB_1B_JG_00	Tree_1953_XO_CT_CAMPUSSMACKTREEB_1B_JG_00	-2594.712890625	222.0650177001953	-3752.843505859375	0.0	1.0	1.0	-0.0360107421875	0.0	0.5202522277832031	9.177597999572754
269757984	XO_CT_CAMPUSSMACKTREEB_1B_JG_00	Tree_1953_XO_CT_CAMPUSSMACKTREEB_1B_JG_00	-2575.69580078125	223.9890594482422	-3786.7802734375	0.0	1.0	1.0	-0.0360107421875	0.0	0.5202522277832031	9.177597999572754
269758048	XO_CT_CAMPUSSMACKTREEB_1B_JG_00	Tree_1953_XO_CT_CAMPUSSMACKTREEB_1B_JG_00	-2556.4228515625	225.9563751220703	-3812.811279296875	0.0	1.0	1.0	-0.0360107421875	0.0	0.5202522277832031	9.177597999572754
269758112	XO_CT_CAMPUSSMACKTREEB_1B_JG_00	Tree_1953_XO_CT_CAMPUSSMACKTREEB_1B_JG_00	-2602.85595703125	209.66522216796875	-3601.053955078125	0.0	1.0	1.0	-0.0360107421875	0.0	0.5202522277832031	9.177597999572754
269758176	XO_CT_CAMPUSSMACKTREEB_1B_JG_00	Tree_1953_XO_CT_CAMPUSSMACKTREEB_1B_JG_00	-2612.67626953125	213.578369140625	-3634.234130859375	0.0	1.0	1.0	-0.0360107421875	0.0	0.5202522277832031	9.177597999572754
272593120	XO_CT_CAMPUSSMACKTREE_1B_JG_00	Tree_1963_XO_CT_CAMPUSSMACKTREE_1B_JG_00	-766.1064453125	204.3859405517578	-3851.416015625	2.8542048931121826	0.9999966621398926	1.0	-0.0352783203125	0.0	0.33315277099609375	6.039129734039307
272593184	XO_CT_CAMPUSSMACKTREE_1B_JG_00	Tree_1963_XO_CT_CAMPUSSMACKTREE_1B_JG_00	-745.0218505859375	208.50778198242188	-3891.953857421875	2.8542048931121826	0.9999966621398926	1.0	-0.0352783203125	0.0	0.33315277099609375	6.039129734039307
272593248	XO_CT_CAMPUSSMACKTREE_1B_JG_00	Tree_1963_XO_CT_CAMPUSSMACKTREE_1B_JG_00	-732.9371948242188	211.18663024902344	-3919.04736328125	2.8542048931121826	0.9999966621398926	1.0	-0.0352783203125	0.0	0.33315277099609375	6.039129734039307
272593312	XO_CT_CAMPUSSMACKTREE_1B_JG_00	Tree_1963_XO_CT_CAMPUSSMACKTREE_1B_JG_00	-723.3895263671875	213.0203094482422	-3942.056884765625	3.6647815704345703	0.9999776482582092	1.0	-0.0352783203125	0.0	0.33315277099609375	6.039129734039307
272593376	XO_CT_CAMPUSSMACKTREE_1B_JG_00	Tree_1963_XO_CT_CAMPUSSMACKTREE_1B_JG_00	-713.449951171875	213.5079803466797	-3966.87158203125	2.8542048931121826	0.9999966621398926	1.0	-0.0352783203125	0.0	0.33315277099609375	6.039129734039307
275597040	XO_CT_CAMPUSSMACKTREE_1B_JG_00	Tree_1963_XO_CT_CAMPUSSMACKTREE_1B_JG_00	-127.4706802368164	186.42526245117188	-3981.114501953125	6.180832386016846	0.9999843835830688	1.0	-0.0352783203125	0.0	0.33315277099609375	6.039129734039307
275597104	XO_CT_CAMPUSSMACKTREE_1B_JG_00	Tree_1963_XO_CT_CAMPUSSMACKTREE_1B_JG_00	-120.75928497314453	187.29202270507812	-3955.151611328125	6.180832386016846	0.9999843835830688	1.0	-0.0352783203125	0.0	0.33315277099609375	6.039129734039307
275597168	XO_CT_CAMPUSSMACKTREE_1B_JG_00	Tree_1963_XO_CT_CAMPUSSMACKTREE_1B_JG_00	-134.9258270263672	188.380615234375	-3864.011474609375	4.332086563110352	1.0000392198562622	1.0	-0.0352783203125	0.0	0.33315277099609375	6.039129734039307
275597232	XO_CT_CAMPUSSMACKTREE_1B_JG_00	Tree_1963_XO_CT_CAMPUSSMACKTREE_1B_JG_00	-211.3549041748047	188.47190856933594	-3739.812255859375	4.724841117858887	0.9999554753303528	1.0	-0.0352783203125	0.0	0.33315277099609375	6.039129734039307
275597296	XO_CT_CAMPUSSMACKTREE_1B_JG_00	Tree_1963_XO_CT_CAMPUSSMACKTREE_1B_JG_00	-162.27822875976562	184.11854553222656	-4040.211181640625	6.180832386016846	0.9999843835830688	1.0	-0.0352783203125	0.0	0.33315277099609375	6.039129734039307
275597360	XO_CT_CAMPUSSMACKTREE_1B_JG_00	Tree_1963_XO_CT_CAMPUSSMACKTREE_1B_JG_00	-143.02464294433594	185.0546875	-4014.38818359375	6.180832386016846	0.9999843835830688	1.0	-0.0352783203125	0.0	0.33315277099609375	6.039129734039307
275597424	XO_CT_CAMPUSSMACKTREE_1B_JG_00	Tree_1963_XO_CT_CAMPUSSMACKTREE_1B_JG_00	-119.42079162597656	187.29202270507812	-3923.371337890625	4.724841117858887	0.9999554753303528	1.0	-0.0352783203125	0.0	0.33315277099609375	6.039129734039307
275597488	XO_CT_CAMPUSSMACKTREE_1B_JG_00	Tree_1963_XO_CT_CAMPUSSMACKTREE_1B_JG_00	-125.00838470458984	188.2267608642578	-3889.369384765625	4.46299934387207	0.9999955296516418	1.0	-0.0352783203125	0.0	0.33315277099609375	6.039129734039307
275597552	XO_CT_CAMPUSSMACKTREE_1B_JG_00	Tree_1963_XO_CT_CAMPUSSMACKTREE_1B_JG_00	-190.61778259277344	188.7003631591797	-3732.30810546875	3.0576303005218506	0.9999826550483704	1.0	-0.0352783203125	0.0	0.33315277099609375	6.039129734039307
275597616	XO_CT_CAMPUSSMACKTREE_1B_JG_00	Tree_1963_XO_CT_CAMPUSSMACKTREE_1B_JG_00	-173.5386962890625	189.3426055908203	-3729.878173828125	3.0576303005218506	0.9999826550483704	1.0	-0.0352783203125	0.0	0.33315277099609375	6.039129734039307
275600304	XO_CT_CAMPUSSMACKTREEB_1B_JG_00	Tree_1953_XO_CT_CAMPUSSMACKTREEB_1B_JG_00	-183.0948028564453	188.86900329589844	-3734.3681640625	3.0576303005218506	0.9999826550483704	1.0	-0.0360107421875	0.0	0.5202522277832031	9.177597999572754
275600368	XO_CT_CAMPUSSMACKTREEB_1B_JG_00	Tree_1953_XO_CT_CAMPUSSMACKTREEB_1B_JG_00	-196.74102783203125	188.62887573242188	-3719.685546875	5.8386454582214355	1.000025987625122	1.0	-0.0360107421875	0.0	0.5202522277832031	9.177597999572754
275600432	XO_CT_CAMPUSSMACKTREEB_1B_JG_00	Tree_1953_XO_CT_CAMPUSSMACKTREEB_1B_JG_00	-191.81373596191406	188.76004028320312	-3727.6552734375	4.497109413146973	1.0000122785568237	1.0	-0.0360107421875	0.0	0.5202522277832031	9.177597999572754
277211568	XO_CT_CAMPUSSMACKTREE_1B_JG_00	Tree_1963_XO_CT_CAMPUSSMACKTREE_1B_JG_00	-993.9252319335938	199.08702087402344	-3773.4013671875	0.5263082385063171	0.9999496936798096	1.0	-0.0352783203125	0.0	0.33315277099609375	6.039129734039307
277211632	XO_CT_CAMPUSSMACKTREE_1B_JG_00	Tree_1963_XO_CT_CAMPUSSMACKTREE_1B_JG_00	-1021.3263549804688	199.08702087402344	-3766.384033203125	0.5263082385063171	0.9999496936798096	1.0	-0.0352783203125	0.0	0.33315277099609375	6.039129734039307
277211696	XO_CT_CAMPUSSMACKTREE_1B_JG_00	Tree_1963_XO_CT_CAMPUSSMACKTREE_1B_JG_00	-1047.868896484375	199.08702087402344	-3756.60791015625	0.5263082385063171	0.9999496936798096	1.0	-0.0352783203125	0.0	0.33315277099609375	6.039129734039307
277211760	XO_CT_CAMPUSSMACKTREE_1B_JG_00	Tree_1963_XO_CT_CAMPUSSMACKTREE_1B_JG_00	-1126.390380859375	199.08702087402344	-3710.638427734375	0.5263082385063171	0.9999496936798096	1.0	-0.0352783203125	0.0	0.33315277099609375	6.039129734039307
277211824	XO_CT_CAMPUSSMACKTREE_1B_JG_00	Tree_1963_XO_CT_CAMPUSSMACKTREE_1B_JG_00	-1073.784423828125	199.08702087402344	-3745.415283203125	0.5263082385063171	0.9999496936798096	1.0	-0.0352783203125	0.0	0.33315277099609375	6.039129734039307
277211888	XO_CT_CAMPUSSMACKTREE_1B_JG_00	Tree_1963_XO_CT_CAMPUSSMACKTREE_1B_JG_00	-1101.0703125	199.08702087402344	-3729.692626953125	0.5263082385063171	0.9999496936798096	1.0	-0.0352783203125	0.0	0.33315277099609375	6.039129734039307
282363824	XO_CT_CAMPUSSMACKTREEB_1B_JG_00	Tree_1953_XO_CT_CAMPUSSMACKTREEB_1B_JG_00	-620.0291137695312	169.20130920410156	-2757.646484375	0.0	1.0	1.0	-0.0360107421875	0.0	0.5202522277832031	9.177597999572754
282363888	XO_CT_CAMPUSSMACKTREEB_1B_JG_00	Tree_1953_XO_CT_CAMPUSSMACKTREEB_1B_JG_00	-614.5177001953125	169.26568603515625	-2814.83447265625	3.3036906719207764	0.9999245405197144	1.0	-0.0360107421875	0.0	0.5202522277832031	9.177597999572754
282363952	XO_CT_CAMPUSSMACKTREEB_1B_JG_00	Tree_1953_XO_CT_CAMPUSSMACKTREEB_1B_JG_00	-599.2818603515625	170.10874938964844	-2736.64208984375	1.449893593788147	0.9999754428863525	1.0	-0.0360107421875	0.0	0.5202522277832031	9.177597999572754
282364016	XO_CT_CAMPUSSMACKTREEB_1B_JG_00	Tree_1953_XO_CT_CAMPUSSMACKTREEB_1B_JG_00	-620.7169799804688	168.721923828125	-2779.3662109375	1.2400898933410645	0.9999868869781494	1.0	-0.0360107421875	0.0	0.5202522277832031	9.177597999572754
282364080	XO_CT_CAMPUSSMACKTREEB_1B_JG_00	Tree_1953_XO_CT_CAMPUSSMACKTREEB_1B_JG_00	-627.7250366210938	168.68011474609375	-2787.544189453125	2.8681559562683105	0.9999169111251831	1.0	-0.0360107421875	0.0	0.5202522277832031	9.177597999572754
282364144	XO_CT_CAMPUSSMACKTREEB_1B_JG_00	Tree_1953_XO_CT_CAMPUSSMACKTREEB_1B_JG_00	-599.3247680664062	169.26568603515625	-2812.17626953125	0.0	1.0	1.0	-0.0360107421875	0.0	0.5202522277832031	9.177597999572754
282364208	XO_CT_CAMPUSSMACKTREEB_1B_JG_00	Tree_1953_XO_CT_CAMPUSSMACKTREEB_1B_JG_00	-609.0331420898438	169.26568603515625	-2813.125	0.0	1.0	1.0	-0.0360107421875	0.0	0.5202522277832031	9.177597999572754
282364272	XO_CT_CAMPUSSMACKTREEB_1B_JG_00	Tree_1953_XO_CT_CAMPUSSMACKTREEB_1B_JG_00	-627.2174072265625	169.95042419433594	-2726.254638671875	0.0	1.0	1.0	-0.0360107421875	0.0	0.5202522277832031	9.177597999572754
282364336	XO_CT_CAMPUSSMACKTREEB_1B_JG_00	Tree_1953_XO_CT_CAMPUSSMACKTREEB_1B_JG_00	-629.072998046875	169.84823608398438	-2730.185302734375	0.0	1.0	1.0	-0.0360107421875	0.0	0.5202522277832031	9.177597999572754
284983776	XO_CT_CAMPUSSMACKTREE_1B_JG_00	Tree_1963_XO_CT_CAMPUSSMACKTREE_1B_JG_00	-1148.6680908203125	199.08702087402344	-3688.95263671875	0.5263082385063171	0.9999496936798096	1.0	-0.0352783203125	0.0	0.33315277099609375	6.039129734039307
284983840	XO_CT_CAMPUSSMACKTREE_1B_JG_00	Tree_1963_XO_CT_CAMPUSSMACKTREE_1B_JG_00	-1138.6104736328125	199.08702087402344	-3625.029296875	2.5426878929138184	0.9999688267707825	1.0	-0.0352783203125	0.0	0.33315277099609375	6.039129734039307
284983904	XO_CT_CAMPUSSMACKTREE_1B_JG_00	Tree_1963_XO_CT_CAMPUSSMACKTREE_1B_JG_00	-1137.5181884765625	199.08702087402344	-3649.89794921875	0.5263082385063171	0.9999496936798096	1.0	-0.0352783203125	0.0	0.33315277099609375	6.039129734039307
284983968	XO_CT_CAMPUSSMACKTREE_1B_JG_00	Tree_1963_XO_CT_CAMPUSSMACKTREE_1B_JG_00	-1175.1160888671875	199.08702087402344	-3621.99658203125	3.433189868927002	0.9999767541885376	1.0	-0.0352783203125	0.0	0.33315277099609375	6.039129734039307
284984032	XO_CT_CAMPUSSMACKTREE_1B_JG_00	Tree_1963_XO_CT_CAMPUSSMACKTREE_1B_JG_00	-1199.6475830078125	199.08702087402344	-3608.1396484375	3.433189868927002	0.9999767541885376	1.0	-0.0352783203125	0.0	0.33315277099609375	6.039129734039307
284984096	XO_CT_CAMPUSSMACKTREE_1B_JG_00	Tree_1963_XO_CT_CAMPUSSMACKTREE_1B_JG_00	-1237.5335693359375	199.08702087402344	-3611.943603515625	3.433189868927002	0.9999767541885376	1.0	-0.0352783203125	0.0	0.33315277099609375	6.039129734039307
284984160	XO_CT_CAMPUSSMACKTREE_1B_JG_00	Tree_1963_XO_CT_CAMPUSSMACKTREE_1B_JG_00	-1238.84326171875	199.08702087402344	-3602.87158203125	3.433189868927002	0.9999767541885376	1.0	-0.0352783203125	0.0	0.33315277099609375	6.039129734039307
284984224	XO_CT_CAMPUSSMACKTREE_1B_JG_00	Tree_1963_XO_CT_CAMPUSSMACKTREE_1B_JG_00	-1234.333251953125	199.08702087402344	-3606.142578125	3.433189868927002	0.9999767541885376	1.0	-0.0352783203125	0.0	0.33315277099609375	6.039129734039307
284984288	XO_CT_CAMPUSSMACKTREE_1B_JG_00	Tree_1963_XO_CT_CAMPUSSMACKTREE_1B_JG_00	-1165.4659423828125	199.08702087402344	-3669.98779296875	0.9779521822929382	0.999988853931427	1.0	-0.0352783203125	0.0	0.33315277099609375	6.039129734039307
284984352	XO_CT_CAMPUSSMACKTREE_1B_JG_00	Tree_1963_XO_CT_CAMPUSSMACKTREE_1B_JG_00	-1143.05908203125	199.08702087402344	-3678.89306640625	0.5263082385063171	0.9999496936798096	1.0	-0.0352783203125	0.0	0.33315277099609375	6.039129734039307
284984416	XO_CT_CAMPUSSMACKTREE_1B_JG_00	Tree_1963_XO_CT_CAMPUSSMACKTREE_1B_JG_00	-1236.5804443359375	199.86097717285156	-3552.72900390625	5.637731075286865	1.0000019073486328	1.0	-0.0352783203125	0.0	0.33315277099609375	6.039129734039307
284984480	XO_CT_CAMPUSSMACKTREE_1B_JG_00	Tree_1963_XO_CT_CAMPUSSMACKTREE_1B_JG_00	-1143.8070068359375	199.08702087402344	-3673.7822265625	1.2992875576019287	1.0000120401382446	1.0	-0.0352783203125	0.0	0.33315277099609375	6.039129734039307
284984544	XO_CT_CAMPUSSMACKTREE_1B_JG_00	Tree_1963_XO_CT_CAMPUSSMACKTREE_1B_JG_00	-1240.957275390625	200.54847717285156	-3534.41259765625	5.7167181968688965	0.9999381303787231	1.0	-0.0352783203125	0.0	0.33315277099609375	6.039129734039307
286332640	XO_CT_CAMPUSSMACKTREE_1B_JG_00	Tree_1963_XO_CT_CAMPUSSMACKTREE_1B_JG_00	-1217.739990234375	203.61871337890625	-3342.13330078125	0.06939402222633362	0.9999653100967407	1.0	-0.0352783203125	0.0	0.33315277099609375	6.039129734039307
286332704	XO_CT_CAMPUSSMACKTREE_1B_JG_00	Tree_1963_XO_CT_CAMPUSSMACKTREE_1B_JG_00	-1240.3656005859375	204.75401306152344	-3409.24267578125	6.115909576416016	1.0000425577163696	1.0	-0.0352783203125	0.0	0.33315277099609375	6.039129734039307
286332768	XO_CT_CAMPUSSMACKTREE_1B_JG_00	Tree_1963_XO_CT_CAMPUSSMACKTREE_1B_JG_00	-1243.56591796875	200.7938232421875	-3517.0693359375	1.440672755241394	1.000031590461731	1.0	-0.0352783203125	0.0	0.33315277099609375	6.039129734039307
286332832	XO_CT_CAMPUSSMACKTREE_1B_JG_00	Tree_1963_XO_CT_CAMPUSSMACKTREE_1B_JG_00	-1209.52294921875	202.96194458007812	-3325.5439453125	0.12347685545682907	1.0000455379486084	1.0	-0.0352783203125	0.0	0.33315277099609375	6.039129734039307
286332896	XO_CT_CAMPUSSMACKTREE_1B_JG_00	Tree_1963_XO_CT_CAMPUSSMACKTREE_1B_JG_00	-1209.3370361328125	202.20880126953125	-3503.837646484375	0.9488298296928406	1.0000121593475342	1.0	-0.0352783203125	0.0	0.33315277099609375	6.039129734039307
286332960	XO_CT_CAMPUSSMACKTREE_1B_JG_00	Tree_1963_XO_CT_CAMPUSSMACKTREE_1B_JG_00	-1246.1246337890625	201.53082275390625	-3500.556396484375	4.233181476593018	0.9999644160270691	1.0	-0.0352783203125	0.0	0.33315277099609375	6.039129734039307
286333024	XO_CT_CAMPUSSMACKTREE_1B_JG_00	Tree_1963_XO_CT_CAMPUSSMACKTREE_1B_JG_00	-1235.915283203125	204.8688201904297	-3392.78955078125	1.8399070501327515	0.9999808669090271	1.0	-0.0352783203125	0.0	0.33315277099609375	6.039129734039307
286333088	XO_CT_CAMPUSSMACKTREE_1B_JG_00	Tree_1963_XO_CT_CAMPUSSMACKTREE_1B_JG_00	-1179.33544921875	200.55789184570312	-3279.419677734375	2.21781325340271	1.000006079673767	1.0	-0.0352783203125	0.0	0.33315277099609375	6.039129734039307
286333152	XO_CT_CAMPUSSMACKTREE_1B_JG_00	Tree_1963_XO_CT_CAMPUSSMACKTREE_1B_JG_00	-1231.49267578125	204.83123779296875	-3376.183837890625	4.632471561431885	1.0000178813934326	1.0	-0.0352783203125	0.0	0.33315277099609375	6.039129734039307
286333216	XO_CT_CAMPUSSMACKTREE_1B_JG_00	Tree_1963_XO_CT_CAMPUSSMACKTREE_1B_JG_00	-1247.0975341796875	202.32667541503906	-3480.758056640625	3.9462409019470215	0.9999921321868896	1.0	-0.0352783203125	0.0	0.33315277099609375	6.039129734039307
286333280	XO_CT_CAMPUSSMACKTREE_1B_JG_00	Tree_1963_XO_CT_CAMPUSSMACKTREE_1B_JG_00	-1245.9024658203125	203.7782745361328	-3445.628173828125	4.02988862991333	0.9999561905860901	1.0	-0.0352783203125	0.0	0.33315277099609375	6.039129734039307
286333344	XO_CT_CAMPUSSMACKTREE_1B_JG_00	Tree_1963_XO_CT_CAMPUSSMACKTREE_1B_JG_00	-1224.63427734375	204.2647247314453	-3357.858154296875	4.345460414886475	1.0000407695770264	1.0	-0.0352783203125	0.0	0.33315277099609375	6.039129734039307
286333408	XO_CT_CAMPUSSMACKTREE_1B_JG_00	Tree_1963_XO_CT_CAMPUSSMACKTREE_1B_JG_00	-1246.9190673828125	202.99058532714844	-3464.153076171875	5.953405857086182	1.000056266784668	1.0	-0.0352783203125	0.0	0.33315277099609375	6.039129734039307
286333472	XO_CT_CAMPUSSMACKTREE_1B_JG_00	Tree_1963_XO_CT_CAMPUSSMACKTREE_1B_JG_00	-1243.779541015625	204.25543212890625	-3428.21728515625	6.036933422088623	1.000016212463379	1.0	-0.0352783203125	0.0	0.33315277099609375	6.039129734039307
289434672	XO_CT_CAMPUSSMACKTREE_1B_JG_00	Tree_1963_XO_CT_CAMPUSSMACKTREE_1B_JG_00	-640.5717163085938	199.0968780517578	-3351.741455078125	4.02988862991333	0.9999561905860901	1.0	-0.0352783203125	0.0	0.33315277099609375	6.039129734039307
289434736	XO_CT_CAMPUSSMACKTREE_1B_JG_00	Tree_1963_XO_CT_CAMPUSSMACKTREE_1B_JG_00	-646.0226440429688	199.09620666503906	-3343.291748046875	4.02988862991333	0.9999561905860901	1.0	-0.0352783203125	0.0	0.33315277099609375	6.039129734039307
289434800	XO_CT_CAMPUSSMACKTREE_1B_JG_00	Tree_1963_XO_CT_CAMPUSSMACKTREE_1B_JG_00	-650.30517578125	199.10525512695312	-3405.55224609375	4.02988862991333	0.9999561905860901	1.0	-0.0352783203125	0.0	0.33315277099609375	6.039129734039307
289434864	XO_CT_CAMPUSSMACKTREE_1B_JG_00	Tree_1963_XO_CT_CAMPUSSMACKTREE_1B_JG_00	-646.8611450195312	199.2181396484375	-3425.0908203125	4.02988862991333	0.9999561905860901	1.0	-0.0352783203125	0.0	0.33315277099609375	6.039129734039307
291200800	XO_CT_CAMPUSSMACKTREE_1B_JG_00	Tree_1963_XO_CT_CAMPUSSMACKTREE_1B_JG_00	-642.4352416992188	199.37042236328125	-3481.58740234375	2.862354040145874	1.0000396966934204	1.0	-0.0352783203125	0.0	0.33315277099609375	6.039129734039307
291200864	XO_CT_CAMPUSSMACKTREE_1B_JG_00	Tree_1963_XO_CT_CAMPUSSMACKTREE_1B_JG_00	-644.109375	199.85137939453125	-3500.412353515625	3.459019899368286	1.0000333786010742	1.0	-0.0352783203125	0.0	0.33315277099609375	6.039129734039307
291200928	XO_CT_CAMPUSSMACKTREE_1B_JG_00	Tree_1963_XO_CT_CAMPUSSMACKTREE_1B_JG_00	-647.7151489257812	200.000244140625	-3524.44677734375	4.31002950668335	1.0000286102294922	1.0	-0.0352783203125	0.0	0.33315277099609375	6.039129734039307
291200992	XO_CT_CAMPUSSMACKTREE_1B_JG_00	Tree_1963_XO_CT_CAMPUSSMACKTREE_1B_JG_00	-652.6508178710938	199.4760284423828	-3547.740478515625	2.0630013942718506	0.9999235272407532	1.0	-0.0352783203125	0.0	0.33315277099609375	6.039129734039307
291201056	XO_CT_CAMPUSSMACKTREE_1B_JG_00	Tree_1963_XO_CT_CAMPUSSMACKTREE_1B_JG_00	-659.788818359375	199.9674835205078	-3571.8935546875	4.384539604187012	0.9999848008155823	1.0	-0.0352783203125	0.0	0.33315277099609375	6.039129734039307
291201120	XO_CT_CAMPUSSMACKTREE_1B_JG_00	Tree_1963_XO_CT_CAMPUSSMACKTREE_1B_JG_00	-670.81494140625	199.71783447265625	-3600.810791015625	3.6473987102508545	0.999967634677887	1.0	-0.0352783203125	0.0	0.33315277099609375	6.039129734039307
291201184	XO_CT_CAMPUSSMACKTREE_1B_JG_00	Tree_1963_XO_CT_CAMPUSSMACKTREE_1B_JG_00	-684.8836669921875	200.2604522705078	-3627.042724609375	4.828991413116455	0.999954104423523	1.0	-0.0352783203125	0.0	0.33315277099609375	6.039129734039307
291201248	XO_CT_CAMPUSSMACKTREE_1B_JG_00	Tree_1963_XO_CT_CAMPUSSMACKTREE_1B_JG_00	-644.9932250976562	199.22622680664062	-3443.898681640625	4.02988862991333	0.9999561905860901	1.0	-0.0352783203125	0.0	0.33315277099609375	6.039129734039307
291201312	XO_CT_CAMPUSSMACKTREE_1B_JG_00	Tree_1963_XO_CT_CAMPUSSMACKTREE_1B_JG_00	-699.482421875	199.60658264160156	-3649.316650390625	4.828991413116455	0.999954104423523	1.0	-0.0352783203125	0.0	0.33315277099609375	6.039129734039307
291201376	XO_CT_CAMPUSSMACKTREE_1B_JG_00	Tree_1963_XO_CT_CAMPUSSMACKTREE_1B_JG_00	-643.1253051757812	199.24658203125	-3462.70654296875	4.02988862991333	0.9999561905860901	1.0	-0.0352783203125	0.0	0.33315277099609375	6.039129734039307
291201440	XO_CT_CAMPUSSMACKTREE_1B_JG_00	Tree_1963_XO_CT_CAMPUSSMACKTREE_1B_JG_00	-700.859619140625	199.49517822265625	-3653.714111328125	5.76267671585083	0.9999855756759644	1.0	-0.0352783203125	0.0	0.33315277099609375	6.039129734039307
292105568	XO_CT_CAMPUSSMACKTREE_1B_JG_00	Tree_1963_XO_CT_CAMPUSSMACKTREE_1B_JG_00	-997.1632690429688	199.38275146484375	-3629.090087890625	1.7044932842254639	1.0000131130218506	1.0	-0.0352783203125	0.0	0.33315277099609375	6.039129734039307
292105632	XO_CT_CAMPUSSMACKTREE_1B_JG_00	Tree_1963_XO_CT_CAMPUSSMACKTREE_1B_JG_00	-1110.989013671875	199.08702087402344	-3647.02978515625	0.5263082385063171	0.9999496936798096	1.0	-0.0352783203125	0.0	0.33315277099609375	6.039129734039307
292105696	XO_CT_CAMPUSSMACKTREE_1B_JG_00	Tree_1963_XO_CT_CAMPUSSMACKTREE_1B_JG_00	-993.4000244140625	199.54209899902344	-3624.946533203125	1.7044932842254639	1.0000131130218506	1.0	-0.0352783203125	0.0	0.33315277099609375	6.039129734039307
292105760	XO_CT_CAMPUSSMACKTREE_1B_JG_00	Tree_1963_XO_CT_CAMPUSSMACKTREE_1B_JG_00	-1077.839599609375	199.08702087402344	-3645.04296875	0.5263082385063171	0.9999496936798096	1.0	-0.0352783203125	0.0	0.33315277099609375	6.039129734039307
292105824	XO_CT_CAMPUSSMACKTREE_1B_JG_00	Tree_1963_XO_CT_CAMPUSSMACKTREE_1B_JG_00	-981.8872680664062	199.41567993164062	-3626.288818359375	1.7044932842254639	1.0000131130218506	1.0	-0.0352783203125	0.0	0.33315277099609375	6.039129734039307
292105888	XO_CT_CAMPUSSMACKTREE_1B_JG_00	Tree_1963_XO_CT_CAMPUSSMACKTREE_1B_JG_00	-1083.4896240234375	199.08702087402344	-3615.62646484375	5.96614408493042	1.000035047531128	1.0	-0.0352783203125	0.0	0.33315277099609375	6.039129734039307
292105952	XO_CT_CAMPUSSMACKTREE_1B_JG_00	Tree_1963_XO_CT_CAMPUSSMACKTREE_1B_JG_00	-1058.0469970703125	199.08702087402344	-3605.362060546875	0.5263082385063171	0.9999496936798096	1.0	-0.0352783203125	0.0	0.33315277099609375	6.039129734039307
292106016	XO_CT_CAMPUSSMACKTREE_1B_JG_00	Tree_1963_XO_CT_CAMPUSSMACKTREE_1B_JG_00	-1021.8464965820312	199.1923828125	-3623.010498046875	0.5263082385063171	0.9999496936798096	1.0	-0.0352783203125	0.0	0.33315277099609375	6.039129734039307
292106080	XO_CT_CAMPUSSMACKTREE_1B_JG_00	Tree_1963_XO_CT_CAMPUSSMACKTREE_1B_JG_00	-1035.46240234375	199.08702087402344	-3590.4697265625	1.9495571851730347	1.0000067949295044	1.0	-0.0352783203125	0.0	0.33315277099609375	6.039129734039307
292106144	XO_CT_CAMPUSSMACKTREE_1B_JG_00	Tree_1963_XO_CT_CAMPUSSMACKTREE_1B_JG_00	-1014.8573608398438	199.08702087402344	-3573.060302734375	0.5263082385063171	0.9999496936798096	1.0	-0.0352783203125	0.0	0.33315277099609375	6.039129734039307
292106208	XO_CT_CAMPUSSMACKTREE_1B_JG_00	Tree_1963_XO_CT_CAMPUSSMACKTREE_1B_JG_00	-1109.7410888671875	199.08702087402344	-3621.629150390625	1.5397852659225464	0.9999924898147583	1.0	-0.0352783203125	0.0	0.33315277099609375	6.039129734039307
292106272	XO_CT_CAMPUSSMACKTREE_1B_JG_00	Tree_1963_XO_CT_CAMPUSSMACKTREE_1B_JG_00	-1008.37744140625	199.25338745117188	-3630.5205078125	0.5263082385063171	0.9999496936798096	1.0	-0.0352783203125	0.0	0.33315277099609375	6.039129734039307
305594368	XO_CT_CAMPUSSMACKTREE_1B_JG_00	Tree_1963_XO_CT_CAMPUSSMACKTREE_1B_JG_00	-1082.8221435546875	199.12448120117188	-3163.894775390625	0.006347571033984423	1.0000205039978027	1.0	-0.0352783203125	0.0	0.33315277099609375	6.039129734039307
305594432	XO_CT_CAMPUSSMACKTREE_1B_JG_00	Tree_1963_XO_CT_CAMPUSSMACKTREE_1B_JG_00	-1070.005615234375	199.09371948242188	-3176.410888671875	0.9488298296928406	1.0000121593475342	1.0	-0.0352783203125	0.0	0.33315277099609375	6.039129734039307
305594496	XO_CT_CAMPUSSMACKTREE_1B_JG_00	Tree_1963_XO_CT_CAMPUSSMACKTREE_1B_JG_00	-1010.0701904296875	198.97035217285156	-3172.02197265625	2.930311679840088	1.0000205039978027	1.0	-0.0352783203125	0.0	0.33315277099609375	6.039129734039307
305594560	XO_CT_CAMPUSSMACKTREE_1B_JG_00	Tree_1963_XO_CT_CAMPUSSMACKTREE_1B_JG_00	-1143.8714599609375	199.42312622070312	-3241.18994140625	0.4641389548778534	0.9999526739120483	1.0	-0.0352783203125	0.0	0.33315277099609375	6.039129734039307
305594624	XO_CT_CAMPUSSMACKTREE_1B_JG_00	Tree_1963_XO_CT_CAMPUSSMACKTREE_1B_JG_00	-1128.8018798828125	199.08702087402344	-3228.163330078125	0.5263082385063171	0.9999496936798096	1.0	-0.0352783203125	0.0	0.33315277099609375	6.039129734039307
305594688	XO_CT_CAMPUSSMACKTREE_1B_JG_00	Tree_1963_XO_CT_CAMPUSSMACKTREE_1B_JG_00	-1027.293212890625	198.97035217285156	-3175.891357421875	0.9231690764427185	0.9999597072601318	1.0	-0.0352783203125	0.0	0.33315277099609375	6.039129734039307
305594752	XO_CT_CAMPUSSMACKTREE_1B_JG_00	Tree_1963_XO_CT_CAMPUSSMACKTREE_1B_JG_00	-957.6889038085938	198.99681091308594	-3164.760986328125	1.1597977876663208	1.0000280141830444	1.0	-0.0352783203125	0.0	0.33315277099609375	6.039129734039307
305594816	XO_CT_CAMPUSSMACKTREE_1B_JG_00	Tree_1963_XO_CT_CAMPUSSMACKTREE_1B_JG_00	-993.4600830078125	198.97035217285156	-3168.286865234375	5.722813129425049	0.9999864101409912	1.0	-0.0352783203125	0.0	0.33315277099609375	6.039129734039307
305594880	XO_CT_CAMPUSSMACKTREE_1B_JG_00	Tree_1963_XO_CT_CAMPUSSMACKTREE_1B_JG_00	-1114.51220703125	198.9201202392578	-3218.042236328125	2.533376693725586	1.0000121593475342	1.0	-0.0352783203125	0.0	0.33315277099609375	6.039129734039307
305594944	XO_CT_CAMPUSSMACKTREE_1B_JG_00	Tree_1963_XO_CT_CAMPUSSMACKTREE_1B_JG_00	-981.7406005859375	198.97035217285156	-3182.31591796875	5.435858249664307	0.9999974966049194	1.0	-0.0352783203125	0.0	0.33315277099609375	6.039129734039307
305595008	XO_CT_CAMPUSSMACKTREE_1B_JG_00	Tree_1963_XO_CT_CAMPUSSMACKTREE_1B_JG_00	-1045.28076171875	198.97035217285156	-3181.662841796875	0.8442147970199585	0.9999823570251465	1.0	-0.0352783203125	0.0	0.33315277099609375	6.039129734039307
305595072	XO_CT_CAMPUSSMACKTREE_1B_JG_00	Tree_1963_XO_CT_CAMPUSSMACKTREE_1B_JG_00	-998.711181640625	198.97035217285156	-3184.688232421875	5.435858249664307	0.9999974966049194	1.0	-0.0352783203125	0.0	0.33315277099609375	6.039129734039307
305595136	XO_CT_CAMPUSSMACKTREE_1B_JG_00	Tree_1963_XO_CT_CAMPUSSMACKTREE_1B_JG_00	-974.5282592773438	198.97035217285156	-3165.88525390625	5.435858249664307	0.9999974966049194	1.0	-0.0352783203125	0.0	0.33315277099609375	6.039129734039307
305595200	XO_CT_CAMPUSSMACKTREE_1B_JG_00	Tree_1963_XO_CT_CAMPUSSMACKTREE_1B_JG_00	-1168.895751953125	200.2411651611328	-3266.6357421875	5.010241508483887	0.9999620914459229	1.0	-0.0352783203125	0.0	0.33315277099609375	6.039129734039307
305595264	XO_CT_CAMPUSSMACKTREE_1B_JG_00	Tree_1963_XO_CT_CAMPUSSMACKTREE_1B_JG_00	-991.6130981445312	198.97035217285156	-3189.51611328125	4.563396453857422	0.9999701380729675	1.0	-0.0352783203125	0.0	0.33315277099609375	6.039129734039307
305595328	XO_CT_CAMPUSSMACKTREE_1B_JG_00	Tree_1963_XO_CT_CAMPUSSMACKTREE_1B_JG_00	-1061.712158203125	198.97035217285156	-3188.042236328125	5.120213985443115	0.9999816417694092	1.0	-0.0352783203125	0.0	0.33315277099609375	6.039129734039307
305595392	XO_CT_CAMPUSSMACKTREE_1B_JG_00	Tree_1963_XO_CT_CAMPUSSMACKTREE_1B_JG_00	-1156.114990234375	199.682373046875	-3252.997314453125	4.7402238845825195	1.00002121925354	1.0	-0.0352783203125	0.0	0.33315277099609375	6.039129734039307
305595456	XO_CT_CAMPUSSMACKTREE_1B_JG_00	Tree_1963_XO_CT_CAMPUSSMACKTREE_1B_JG_00	-1065.84326171875	199.07533264160156	-3173.76416015625	5.120213985443115	0.9999816417694092	1.0	-0.0352783203125	0.0	0.33315277099609375	6.039129734039307
319852048	XO_CT_CAMPUSSMACKTREEB_1B_JG_00	Tree_1953_XO_CT_CAMPUSSMACKTREEB_1B_JG_00	-328.5818176269531	188.22650146484375	-3150.48486328125	1.2395883798599243	1.0000301599502563	1.0	-0.0360107421875	0.0	0.5202522277832031	9.177597999572754
319852112	XO_CT_CAMPUSSMACKTREEB_1B_JG_00	Tree_1953_XO_CT_CAMPUSSMACKTREEB_1B_JG_00	-333.36785888671875	188.22650146484375	-3155.29736328125	5.589322090148926	1.0000227689743042	1.0	-0.0360107421875	0.0	0.5202522277832031	9.177597999572754
319852176	XO_CT_CAMPUSSMACKTREEB_1B_JG_00	Tree_1953_XO_CT_CAMPUSSMACKTREEB_1B_JG_00	-343.41802978515625	188.22650146484375	-3175.120361328125	5.589322090148926	1.0000227689743042	1.0	-0.0360107421875	0.0	0.5202522277832031	9.177597999572754
319852240	XO_CT_CAMPUSSMACKTREEB_1B_JG_00	Tree_1953_XO_CT_CAMPUSSMACKTREEB_1B_JG_00	-314.5553283691406	188.22650146484375	-3189.480224609375	0.0	1.0	1.0	-0.0360107421875	0.0	0.5202522277832031	9.177597999572754
319852304	XO_CT_CAMPUSSMACKTREEB_1B_JG_00	Tree_1953_XO_CT_CAMPUSSMACKTREEB_1B_JG_00	-301.045654296875	188.22650146484375	-3203.35595703125	1.439430594444275	0.9999486207962036	1.0	-0.0360107421875	0.0	0.5202522277832031	9.177597999572754
319852368	XO_CT_CAMPUSSMACKTREEB_1B_JG_00	Tree_1953_XO_CT_CAMPUSSMACKTREEB_1B_JG_00	-312.63140869140625	188.22650146484375	-3197.51123046875	2.781035900115967	0.9999877214431763	1.0	-0.0360107421875	0.0	0.5202522277832031	9.177597999572754
319852432	XO_CT_CAMPUSSMACKTREEB_1B_JG_00	Tree_1953_XO_CT_CAMPUSSMACKTREEB_1B_JG_00	-330.1891174316406	188.22650146484375	-3162.803466796875	0.0	1.0	1.0	-0.0360107421875	0.0	0.5202522277832031	9.177597999572754
319858768	XO_CT_CAMPUSSMACKTREE_1B_JG_00	Tree_1963_XO_CT_CAMPUSSMACKTREE_1B_JG_00	-306.75958251953125	188.42620849609375	-3191.703857421875	0.0	1.0	1.0	-0.0352783203125	0.0	0.33315277099609375	6.039129734039307
319858832	XO_CT_CAMPUSSMACKTREE_1B_JG_00	Tree_1963_XO_CT_CAMPUSSMACKTREE_1B_JG_00	-324.2826843261719	188.42620849609375	-3193.15283203125	0.0	1.0	1.0	-0.0352783203125	0.0	0.33315277099609375	6.039129734039307
338990096	XO_CT_CAMPUSSMACKTREE_1B_JG_00	Tree_1963_XO_CT_CAMPUSSMACKTREE_1B_JG_00	-3150.86474609375	73.90017700195312	-1315.957275390625	0.0	1.0	1.0	-0.0352783203125	0.0	0.33315277099609375	6.039129734039307
338990160	XO_CT_CAMPUSSMACKTREE_1B_JG_00	Tree_1963_XO_CT_CAMPUSSMACKTREE_1B_JG_00	-3146.28662109375	74.665283203125	-1303.878662109375	0.0	1.0	1.0	-0.0352783203125	0.0	0.33315277099609375	6.039129734039307
338990224	XO_CT_CAMPUSSMACKTREE_1B_JG_00	Tree_1963_XO_CT_CAMPUSSMACKTREE_1B_JG_00	-3142.63037109375	75.337890625	-1292.42578125	0.0	1.0	1.0	-0.0352783203125	0.0	0.33315277099609375	6.039129734039307
338990288	XO_CT_CAMPUSSMACKTREE_1B_JG_00	Tree_1963_XO_CT_CAMPUSSMACKTREE_1B_JG_00	-3174.27783203125	72.53602600097656	-1345.3804931640625	0.0	1.0	1.0	-0.0352783203125	0.0	0.33315277099609375	6.039129734039307
338990352	XO_CT_CAMPUSSMACKTREE_1B_JG_00	Tree_1963_XO_CT_CAMPUSSMACKTREE_1B_JG_00	-3165.39404296875	73.25568389892578	-1337.092041015625	0.0	1.0	1.0	-0.0352783203125	0.0	0.33315277099609375	6.039129734039307
338990416	XO_CT_CAMPUSSMACKTREE_1B_JG_00	Tree_1963_XO_CT_CAMPUSSMACKTREE_1B_JG_00	-3156.51904296875	73.75260925292969	-1326.5185546875	0.0	1.0	1.0	-0.0352783203125	0.0	0.33315277099609375	6.039129734039307
340954816	XO_CT_CAMPUSSMACKTREEB_1B_JG_00	Tree_1979_XO_CT_CAMPUSSMACKTREEB_1B_JG_00	-4565.2900390625	4.441075801849365	-153.9373016357422	0.0	1.0	1.0	0.3136921528930543	-0.0037842094898223877	0.12010893126716837	9.200917495065369
340954880	XO_CT_CAMPUSSMACKTREEB_1B_JG_00	Tree_1980_XO_CT_CAMPUSSMACKTREEB_1B_JG_00	-4568.2802734375	4.213176250457764	-150.3146514892578	0.0	1.0	1.0	-0.04740398155990988	-0.0037842094898223877	-0.893525727908127	9.200917495065369
340954944	XO_CT_CAMPUSSMACKTREEB_1B_JG_00	Tree_1981_XO_CT_CAMPUSSMACKTREEB_1B_JG_00	-4570.9931640625	4.213176250457764	-144.61972045898438	0.0	1.0	1.0	-0.23211197037016973	-0.0037842094898223877	0.27304976638697553	9.200917495065369
346726624	XO_CT_CAMPUSSMACKTREE_1B_JG_00	Tree_1963_XO_CT_CAMPUSSMACKTREE_1B_JG_00	-3156.8623046875	105.59159088134766	-1631.921630859375	0.0	1.0	1.0	-0.0352783203125	0.0	0.33315277099609375	6.039129734039307
346726688	XO_CT_CAMPUSSMACKTREE_1B_JG_00	Tree_1963_XO_CT_CAMPUSSMACKTREE_1B_JG_00	-3157.4052734375	104.42427825927734	-1621.997802734375	0.0	1.0	1.0	-0.0352783203125	0.0	0.33315277099609375	6.039129734039307
346726752	XO_CT_CAMPUSSMACKTREE_1B_JG_00	Tree_1963_XO_CT_CAMPUSSMACKTREE_1B_JG_00	-3159.98388671875	103.77640533447266	-1612.543701171875	0.0	1.0	1.0	-0.0352783203125	0.0	0.33315277099609375	6.039129734039307
346726816	XO_CT_CAMPUSSMACKTREE_1B_JG_00	Tree_1963_XO_CT_CAMPUSSMACKTREE_1B_JG_00	-3163.42431640625	103.21353149414062	-1605.19287109375	0.0	1.0	1.0	-0.0352783203125	0.0	0.33315277099609375	6.039129734039307
346726880	XO_CT_CAMPUSSMACKTREE_1B_JG_00	Tree_1963_XO_CT_CAMPUSSMACKTREE_1B_JG_00	-3167.072265625	102.6479263305664	-1597.3277587890625	0.0	1.0	1.0	-0.0352783203125	0.0	0.33315277099609375	6.039129734039307
346726944	XO_CT_CAMPUSSMACKTREE_1B_JG_00	Tree_1963_XO_CT_CAMPUSSMACKTREE_1B_JG_00	-3162.73193359375	106.61183166503906	-1666.7298583984375	0.0	1.0	1.0	-0.0352783203125	0.0	0.33315277099609375	6.039129734039307
346727008	XO_CT_CAMPUSSMACKTREE_1B_JG_00	Tree_1963_XO_CT_CAMPUSSMACKTREE_1B_JG_00	-3160.59033203125	106.8485336303711	-1657.873291015625	0.0	1.0	1.0	-0.0352783203125	0.0	0.33315277099609375	6.039129734039307
346727072	XO_CT_CAMPUSSMACKTREE_1B_JG_00	Tree_1963_XO_CT_CAMPUSSMACKTREE_1B_JG_00	-3158.8837890625	106.95357513427734	-1649.044189453125	0.0	1.0	1.0	-0.0352783203125	0.0	0.33315277099609375	6.039129734039307
346727136	XO_CT_CAMPUSSMACKTREE_1B_JG_00	Tree_1963_XO_CT_CAMPUSSMACKTREE_1B_JG_00	-3158.033203125	106.21334075927734	-1640.322265625	0.0	1.0	1.0	-0.0352783203125	0.0	0.33315277099609375	6.039129734039307
346732640	XO_CT_CAMPUSSMACKTREEB_1B_JG_00	Tree_1953_XO_CT_CAMPUSSMACKTREEB_1B_JG_00	-3213.819580078125	73.21219635009766	-1419.0076904296875	4.81878662109375	1.00003981590271	1.0	-0.0360107421875	0.0	0.5202522277832031	9.177597999572754
346732704	XO_CT_CAMPUSSMACKTREEB_1B_JG_00	Tree_1953_XO_CT_CAMPUSSMACKTREEB_1B_JG_00	-3225.64501953125	74.58605194091797	-1435.5963134765625	3.8058478832244873	0.9999712109565735	1.0	-0.0360107421875	0.0	0.5202522277832031	9.177597999572754
346732768	XO_CT_CAMPUSSMACKTREEB_1B_JG_00	Tree_1953_XO_CT_CAMPUSSMACKTREEB_1B_JG_00	-3229.697998046875	78.11188507080078	-1452.7108154296875	2.098194122314453	1.0000187158584595	1.0	-0.0360107421875	0.0	0.5202522277832031	9.177597999572754
346732832	XO_CT_CAMPUSSMACKTREEB_1B_JG_00	Tree_1953_XO_CT_CAMPUSSMACKTREEB_1B_JG_00	-3230.084716796875	80.76319122314453	-1468.920166015625	3.7982780933380127	0.9999648332595825	1.0	-0.0360107421875	0.0	0.5202522277832031	9.177597999572754
346732896	XO_CT_CAMPUSSMACKTREEB_1B_JG_00	Tree_1953_XO_CT_CAMPUSSMACKTREEB_1B_JG_00	-3226.437744140625	84.82939147949219	-1487.6572265625	5.795626163482666	1.0000461339950562	1.0	-0.0360107421875	0.0	0.5202522277832031	9.177597999572754
346732960	XO_CT_CAMPUSSMACKTREEB_1B_JG_00	Tree_1953_XO_CT_CAMPUSSMACKTREEB_1B_JG_00	-3218.776123046875	89.31117248535156	-1501.9034423828125	3.3148293495178223	0.9999526143074036	1.0	-0.0360107421875	0.0	0.5202522277832031	9.177597999572754
346733024	XO_CT_CAMPUSSMACKTREEB_1B_JG_00	Tree_1953_XO_CT_CAMPUSSMACKTREEB_1B_JG_00	-3208.57958984375	92.789306640625	-1513.56396484375	4.554264068603516	1.0000247955322266	1.0	-0.0360107421875	0.0	0.5202522277832031	9.177597999572754
346733088	XO_CT_CAMPUSSMACKTREEB_1B_JG_00	Tree_1953_XO_CT_CAMPUSSMACKTREEB_1B_JG_00	-3198.091552734375	93.54714965820312	-1524.0745849609375	5.466709136962891	1.000030755996704	1.0	-0.0360107421875	0.0	0.5202522277832031	9.177597999572754
346733152	XO_CT_CAMPUSSMACKTREEB_1B_JG_00	Tree_1953_XO_CT_CAMPUSSMACKTREEB_1B_JG_00	-3199.81640625	72.055419921875	-1402.986328125	0.0	1.0	1.0	-0.0360107421875	0.0	0.5202522277832031	9.177597999572754
349719872	XO_CT_CAMPUSSMACKTREEB_1B_JG_00	Tree_1953_XO_CT_CAMPUSSMACKTREEB_1B_JG_00	-2745.017822265625	106.17473602294922	-2107.18994140625	0.8910793662071228	0.9999951720237732	1.0	-0.0360107421875	0.0	0.5202522277832031	9.177597999572754
349719936	XO_CT_CAMPUSSMACKTREEB_1B_JG_00	Tree_1953_XO_CT_CAMPUSSMACKTREEB_1B_JG_00	-2749.564697265625	106.26719665527344	-2102.875244140625	0.8910793662071228	0.9999951720237732	1.0	-0.0360107421875	0.0	0.5202522277832031	9.177597999572754
349720000	XO_CT_CAMPUSSMACKTREEB_1B_JG_00	Tree_1953_XO_CT_CAMPUSSMACKTREEB_1B_JG_00	-2755.31884765625	106.38093566894531	-2096.296142578125	0.8910793662071228	0.9999951720237732	1.0	-0.0360107421875	0.0	0.5202522277832031	9.177597999572754
349720064	XO_CT_CAMPUSSMACKTREEB_1B_JG_00	Tree_1953_XO_CT_CAMPUSSMACKTREEB_1B_JG_00	-2703.856689453125	107.62369537353516	-2077.173828125	2.8110015392303467	0.9999472498893738	1.0	-0.0360107421875	0.0	0.5202522277832031	9.177597999572754
349720128	XO_CT_CAMPUSSMACKTREEB_1B_JG_00	Tree_1953_XO_CT_CAMPUSSMACKTREEB_1B_JG_00	-2761.73388671875	106.57547760009766	-2089.835693359375	0.8910793662071228	0.9999951720237732	1.0	-0.0360107421875	0.0	0.5202522277832031	9.177597999572754
349720192	XO_CT_CAMPUSSMACKTREEB_1B_JG_00	Tree_1953_XO_CT_CAMPUSSMACKTREEB_1B_JG_00	-2713.28369140625	106.73934936523438	-2085.828857421875	1.0657016038894653	0.9999924898147583	1.0	-0.0360107421875	0.0	0.5202522277832031	9.177597999572754
349720256	XO_CT_CAMPUSSMACKTREEB_1B_JG_00	Tree_1953_XO_CT_CAMPUSSMACKTREEB_1B_JG_00	-2766.955322265625	106.5863037109375	-2081.178955078125	0.8910793662071228	0.9999951720237732	1.0	-0.0360107421875	0.0	0.5202522277832031	9.177597999572754
349720320	XO_CT_CAMPUSSMACKTREEB_1B_JG_00	Tree_1953_XO_CT_CAMPUSSMACKTREEB_1B_JG_00	-2723.861328125	106.31511688232422	-2090.275390625	6.039834976196289	1.0000462532043457	1.0	-0.0360107421875	0.0	0.5202522277832031	9.177597999572754
349720384	XO_CT_CAMPUSSMACKTREEB_1B_JG_00	Tree_1953_XO_CT_CAMPUSSMACKTREEB_1B_JG_00	-2772.83251953125	107.35234832763672	-2070.056884765625	0.8910793662071228	0.9999951720237732	1.0	-0.0360107421875	0.0	0.5202522277832031	9.177597999572754
349720448	XO_CT_CAMPUSSMACKTREEB_1B_JG_00	Tree_1953_XO_CT_CAMPUSSMACKTREEB_1B_JG_00	-2731.738037109375	106.16837310791016	-2098.8095703125	2.636497974395752	0.9999924898147583	1.0	-0.0360107421875	0.0	0.5202522277832031	9.177597999572754
349720512	XO_CT_CAMPUSSMACKTREEB_1B_JG_00	Tree_1953_XO_CT_CAMPUSSMACKTREEB_1B_JG_00	-2738.20556640625	106.1664810180664	-2105.654052734375	2.636497974395752	0.9999924898147583	1.0	-0.0360107421875	0.0	0.5202522277832031	9.177597999572754
349720576	XO_CT_CAMPUSSMACKTREEB_1B_JG_00	Tree_1953_XO_CT_CAMPUSSMACKTREEB_1B_JG_00	-2741.4873046875	106.16722106933594	-2109.3095703125	2.636497974395752	0.9999924898147583	1.0	-0.0360107421875	0.0	0.5202522277832031	9.177597999572754
357967568	XO_CT_CAMPUSSMACKTREEB_1B_JG_00	Tree_1953_XO_CT_CAMPUSSMACKTREEB_1B_JG_00	-3097.72412109375	103.88887786865234	-1843.6278076171875	2.3157880306243896	1.000018835067749	1.0	-0.0360107421875	0.0	0.5202522277832031	9.177597999572754
357967632	XO_CT_CAMPUSSMACKTREEB_1B_JG_00	Tree_1953_XO_CT_CAMPUSSMACKTREEB_1B_JG_00	-3086.95263671875	103.60855865478516	-1851.7498779296875	0.4606997072696686	1.0000114440917969	1.0	-0.0360107421875	0.0	0.5202522277832031	9.177597999572754
357967696	XO_CT_CAMPUSSMACKTREEB_1B_JG_00	Tree_1953_XO_CT_CAMPUSSMACKTREEB_1B_JG_00	-3075.49755859375	103.04218292236328	-1863.4456787109375	3.334559440612793	1.000005841255188	1.0	-0.0360107421875	0.0	0.5202522277832031	9.177597999572754
357967760	XO_CT_CAMPUSSMACKTREEB_1B_JG_00	Tree_1953_XO_CT_CAMPUSSMACKTREEB_1B_JG_00	-3063.47802734375	102.61253356933594	-1871.5341796875	0.780823290348053	0.9999899864196777	1.0	-0.0360107421875	0.0	0.5202522277832031	9.177597999572754
360404896	XO_CT_CAMPUSSMACKTREEB_1B_JG_00	Tree_1953_XO_CT_CAMPUSSMACKTREEB_1B_JG_00	-2373.8525390625	160.80950927734375	-3021.146240234375	0.0	1.0	1.0	-0.0360107421875	0.0	0.5202522277832031	9.177597999572754
360404960	XO_CT_CAMPUSSMACKTREEB_1B_JG_00	Tree_1953_XO_CT_CAMPUSSMACKTREEB_1B_JG_00	-2345.59619140625	178.0020294189453	-3114.576904296875	0.0	1.0	1.0	-0.0360107421875	0.0	0.5202522277832031	9.177597999572754
388678784	XO_CT_CAMPUSSMACKTREEB_1B_JG_00	Tree_1953_XO_CT_CAMPUSSMACKTREEB_1B_JG_00	-3992.64453125	12.554697036743164	-3349.458740234375	0.38599222898483276	0.9999635815620422	1.0	-0.0360107421875	0.0	0.5202522277832031	9.177597999572754
388678848	XO_CT_CAMPUSSMACKTREEB_1B_JG_00	Tree_1953_XO_CT_CAMPUSSMACKTREEB_1B_JG_00	-3929.357421875	10.63403034210205	-3375.62939453125	2.1418697834014893	0.9999849796295166	1.0	-0.0360107421875	0.0	0.5202522277832031	9.177597999572754
388678912	XO_CT_CAMPUSSMACKTREEB_1B_JG_00	Tree_1953_XO_CT_CAMPUSSMACKTREEB_1B_JG_00	-4013.063232421875	13.169302940368652	-3349.7578125	5.993365287780762	0.9999547004699707	1.0	-0.0360107421875	0.0	0.5202522277832031	9.177597999572754
388678976	XO_CT_CAMPUSSMACKTREEB_1B_JG_00	Tree_1953_XO_CT_CAMPUSSMACKTREEB_1B_JG_00	-4032.387451171875	14.792607307434082	-3346.09375	0.7901456356048584	0.9999907612800598	1.0	-0.0360107421875	0.0	0.5202522277832031	9.177597999572754
388679040	XO_CT_CAMPUSSMACKTREEB_1B_JG_00	Tree_1953_XO_CT_CAMPUSSMACKTREEB_1B_JG_00	-3906.448486328125	10.948789596557617	-3368.39306640625	1.2994050979614258	0.9999792575836182	1.0	-0.0360107421875	0.0	0.5202522277832031	9.177597999572754
388679104	XO_CT_CAMPUSSMACKTREEB_1B_JG_00	Tree_1953_XO_CT_CAMPUSSMACKTREEB_1B_JG_00	-4042.462890625	14.792607307434082	-3348.353515625	0.721138060092926	1.0000582933425903	1.0	-0.0360107421875	0.0	0.5202522277832031	9.177597999572754
388679168	XO_CT_CAMPUSSMACKTREEB_1B_JG_00	Tree_1953_XO_CT_CAMPUSSMACKTREEB_1B_JG_00	-3906.31201171875	14.792607307434082	-3339.75390625	0.38599222898483276	0.9999635815620422	1.0	-0.0360107421875	0.0	0.5202522277832031	9.177597999572754
388679232	XO_CT_CAMPUSSMACKTREEB_1B_JG_00	Tree_1953_XO_CT_CAMPUSSMACKTREEB_1B_JG_00	-4044.94189453125	14.758641242980957	-3353.097412109375	5.541650295257568	0.9999918341636658	1.0	-0.0360107421875	0.0	0.5202522277832031	9.177597999572754
388679296	XO_CT_CAMPUSSMACKTREEB_1B_JG_00	Tree_1953_XO_CT_CAMPUSSMACKTREEB_1B_JG_00	-3925.758544921875	14.792607307434082	-3346.21435546875	0.38599222898483276	0.9999635815620422	1.0	-0.0360107421875	0.0	0.5202522277832031	9.177597999572754
388679360	XO_CT_CAMPUSSMACKTREEB_1B_JG_00	Tree_1953_XO_CT_CAMPUSSMACKTREEB_1B_JG_00	-4047.40283203125	14.792607307434082	-3348.857666015625	0.38599222898483276	0.9999635815620422	1.0	-0.0360107421875	0.0	0.5202522277832031	9.177597999572754
388679424	XO_CT_CAMPUSSMACKTREEB_1B_JG_00	Tree_1953_XO_CT_CAMPUSSMACKTREEB_1B_JG_00	-3928.762939453125	14.792607307434082	-3349.383056640625	0.38599222898483276	0.9999635815620422	1.0	-0.0360107421875	0.0	0.5202522277832031	9.177597999572754
388679488	XO_CT_CAMPUSSMACKTREEB_1B_JG_00	Tree_1953_XO_CT_CAMPUSSMACKTREEB_1B_JG_00	-4055.591796875	14.792607307434082	-3348.30908203125	0.38599222898483276	0.9999635815620422	1.0	-0.0360107421875	0.0	0.5202522277832031	9.177597999572754
388679552	XO_CT_CAMPUSSMACKTREEB_1B_JG_00	Tree_1953_XO_CT_CAMPUSSMACKTREEB_1B_JG_00	-3951.365478515625	14.20899486541748	-3343.974609375	0.38599222898483276	0.9999635815620422	1.0	-0.0360107421875	0.0	0.5202522277832031	9.177597999572754
388679616	XO_CT_CAMPUSSMACKTREEB_1B_JG_00	Tree_1953_XO_CT_CAMPUSSMACKTREEB_1B_JG_00	-3923.77001953125	13.732686042785645	-3355.677978515625	1.2994050979614258	0.9999792575836182	1.0	-0.0360107421875	0.0	0.5202522277832031	9.177597999572754
388679680	XO_CT_CAMPUSSMACKTREEB_1B_JG_00	Tree_1953_XO_CT_CAMPUSSMACKTREEB_1B_JG_00	-3972.87548828125	12.919748306274414	-3346.073486328125	0.38599222898483276	0.9999635815620422	1.0	-0.0360107421875	0.0	0.5202522277832031	9.177597999572754
388679744	XO_CT_CAMPUSSMACKTREEB_1B_JG_00	Tree_1953_XO_CT_CAMPUSSMACKTREEB_1B_JG_00	-3924.895263671875	10.969240188598633	-3371.12060546875	1.2994050979614258	0.9999792575836182	1.0	-0.0360107421875	0.0	0.5202522277832031	9.177597999572754
402358896	XO_CT_CAMPUSSMACKTREEB_1B_JG_00	Tree_1953_XO_CT_CAMPUSSMACKTREEB_1B_JG_00	-3656.74169921875	25.346832275390625	-3540.627197265625	5.382040023803711	0.999976634979248	1.0	-0.0360107421875	0.0	0.5202522277832031	9.177597999572754
402358960	XO_CT_CAMPUSSMACKTREEB_1B_JG_00	Tree_1953_XO_CT_CAMPUSSMACKTREEB_1B_JG_00	-3674.053466796875	24.090768814086914	-3538.592529296875	0.9224613904953003	1.0000361204147339	1.0	-0.0360107421875	0.0	0.5202522277832031	9.177597999572754
402359024	XO_CT_CAMPUSSMACKTREEB_1B_JG_00	Tree_1953_XO_CT_CAMPUSSMACKTREEB_1B_JG_00	-3679.79443359375	23.71201515197754	-3531.55517578125	5.51263427734375	1.0000033378601074	1.0	-0.0360107421875	0.0	0.5202522277832031	9.177597999572754
402359088	XO_CT_CAMPUSSMACKTREEB_1B_JG_00	Tree_1953_XO_CT_CAMPUSSMACKTREEB_1B_JG_00	-3662.7001953125	25.400243759155273	-3555.414794921875	0.04982428997755051	1.0000202655792236	1.0	-0.0360107421875	0.0	0.5202522277832031	9.177597999572754
402359152	XO_CT_CAMPUSSMACKTREEB_1B_JG_00	Tree_1953_XO_CT_CAMPUSSMACKTREEB_1B_JG_00	-3668.966796875	24.600317001342773	-3546.76513671875	0.5035651922225952	0.999984860420227	1.0	-0.0360107421875	0.0	0.5202522277832031	9.177597999572754
405872176	XO_CT_CAMPUSSMACKTREEB_1B_JG_00	Tree_1953_XO_CT_CAMPUSSMACKTREEB_1B_JG_00	-3842.463134765625	12.579388618469238	-3325.075439453125	5.986876010894775	1.000000238418579	1.0	-0.0360107421875	0.0	0.5202522277832031	9.177597999572754
405872240	XO_CT_CAMPUSSMACKTREEB_1B_JG_00	Tree_1953_XO_CT_CAMPUSSMACKTREEB_1B_JG_00	-3856.557861328125	13.757342338562012	-3333.321533203125	5.986876010894775	1.000000238418579	1.0	-0.0360107421875	0.0	0.5202522277832031	9.177597999572754
405872304	XO_CT_CAMPUSSMACKTREEB_1B_JG_00	Tree_1953_XO_CT_CAMPUSSMACKTREEB_1B_JG_00	-3873.54052734375	14.583212852478027	-3337.08837890625	0.38599222898483276	0.9999635815620422	1.0	-0.0360107421875	0.0	0.5202522277832031	9.177597999572754
405872368	XO_CT_CAMPUSSMACKTREEB_1B_JG_00	Tree_1953_XO_CT_CAMPUSSMACKTREEB_1B_JG_00	-3892.031005859375	14.792607307434082	-3339.27685546875	0.38599222898483276	0.9999635815620422	1.0	-0.0360107421875	0.0	0.5202522277832031	9.177597999572754
405872432	XO_CT_CAMPUSSMACKTREEB_1B_JG_00	Tree_1953_XO_CT_CAMPUSSMACKTREEB_1B_JG_00	-3829.85546875	10.878636360168457	-3312.41015625	5.986876010894775	1.000000238418579	1.0	-0.0360107421875	0.0	0.5202522277832031	9.177597999572754
414818256	XO_CT_CAMPUSSMACKTREEB_1B_JG_00	Tree_1982_XO_CT_CAMPUSSMACKTREEB_1B_JG_00	-4210.00830078125	51.262176513671875	-467.9535217285156	0.0	1.0	1.0	-0.28373980056494474	-0.0037842094898223877	0.3192819462856278	9.200917495065369
414818320	XO_CT_CAMPUSSMACKTREEB_1B_JG_00	Tree_1983_XO_CT_CAMPUSSMACKTREEB_1B_JG_00	-4223.068359375	50.8122444152832	-462.360595703125	0.0	1.0	1.0	-0.28998791037884075	-0.0037842094898223877	-0.25038335658609867	9.200917495065369
414818384	XO_CT_CAMPUSSMACKTREEB_1B_JG_00	Tree_1980_XO_CT_CAMPUSSMACKTREEB_1B_JG_00	-4237.5361328125	50.55097961425781	-454.656982421875	0.0	1.0	1.0	-0.04740398155990988	-0.0037842094898223877	-0.893525727908127	9.200917495065369
414818448	XO_CT_CAMPUSSMACKTREEB_1B_JG_00	Tree_1984_XO_CT_CAMPUSSMACKTREEB_1B_JG_00	-4249.517578125	49.746849060058594	-444.8962707519531	0.0	1.0	1.0	0.7894985910097603	-0.0037842094898223877	0.00838008281425573	9.200917495065369
415959456	XO_CT_CAMPUSSMACKTREE_1B_JG_00	Tree_1963_XO_CT_CAMPUSSMACKTREE_1B_JG_00	-2705.422607421875	88.46394348144531	-990.68310546875	1.4176087379455566	0.9999914169311523	1.0	-0.0352783203125	0.0	0.33315277099609375	6.039129734039307
415959520	XO_CT_CAMPUSSMACKTREE_1B_JG_00	Tree_1963_XO_CT_CAMPUSSMACKTREE_1B_JG_00	-2706.59130859375	87.00755310058594	-932.7539672851562	4.550170421600342	0.999944269657135	1.0	-0.0352783203125	0.0	0.33315277099609375	6.039129734039307
415959584	XO_CT_CAMPUSSMACKTREE_1B_JG_00	Tree_1963_XO_CT_CAMPUSSMACKTREE_1B_JG_00	-2689.451904296875	89.2254638671875	-1002.7173461914062	1.4176087379455566	0.9999914169311523	1.0	-0.0352783203125	0.0	0.33315277099609375	6.039129734039307
415959648	XO_CT_CAMPUSSMACKTREE_1B_JG_00	Tree_1963_XO_CT_CAMPUSSMACKTREE_1B_JG_00	-2624.501220703125	89.21372985839844	-1026.2611083984375	3.529942274093628	1.0000019073486328	1.0	-0.0352783203125	0.0	0.33315277099609375	6.039129734039307
415959712	XO_CT_CAMPUSSMACKTREE_1B_JG_00	Tree_1963_XO_CT_CAMPUSSMACKTREE_1B_JG_00	-2707.400146484375	85.76435089111328	-913.5155639648438	3.461992025375366	0.9999862909317017	1.0	-0.0352783203125	0.0	0.33315277099609375	6.039129734039307
415959776	XO_CT_CAMPUSSMACKTREE_1B_JG_00	Tree_1963_XO_CT_CAMPUSSMACKTREE_1B_JG_00	-2742.265869140625	86.73299407958984	-921.3901977539062	1.4176087379455566	0.9999914169311523	1.0	-0.0352783203125	0.0	0.33315277099609375	6.039129734039307
415959840	XO_CT_CAMPUSSMACKTREE_1B_JG_00	Tree_1963_XO_CT_CAMPUSSMACKTREE_1B_JG_00	-2672.665771484375	89.53141021728516	-1015.1613159179688	1.4176087379455566	0.9999914169311523	1.0	-0.0352783203125	0.0	0.33315277099609375	6.039129734039307
415959904	XO_CT_CAMPUSSMACKTREE_1B_JG_00	Tree_1963_XO_CT_CAMPUSSMACKTREE_1B_JG_00	-2636.11962890625	89.66310119628906	-1017.0448608398438	1.4176087379455566	0.9999914169311523	1.0	-0.0352783203125	0.0	0.33315277099609375	6.039129734039307
415959968	XO_CT_CAMPUSSMACKTREE_1B_JG_00	Tree_1963_XO_CT_CAMPUSSMACKTREE_1B_JG_00	-2704.830322265625	83.39666748046875	-894.0194091796875	2.7424070835113525	1.0000096559524536	1.0	-0.0352783203125	0.0	0.33315277099609375	6.039129734039307
415960032	XO_CT_CAMPUSSMACKTREE_1B_JG_00	Tree_1963_XO_CT_CAMPUSSMACKTREE_1B_JG_00	-2731.90625	85.55653381347656	-903.4718627929688	1.4176087379455566	0.9999914169311523	1.0	-0.0352783203125	0.0	0.33315277099609375	6.039129734039307
415960096	XO_CT_CAMPUSSMACKTREE_1B_JG_00	Tree_1963_XO_CT_CAMPUSSMACKTREE_1B_JG_00	-2657.5185546875	89.65109252929688	-1025.62841796875	1.4176087379455566	0.9999914169311523	1.0	-0.0352783203125	0.0	0.33315277099609375	6.039129734039307
415960160	XO_CT_CAMPUSSMACKTREE_1B_JG_00	Tree_1963_XO_CT_CAMPUSSMACKTREE_1B_JG_00	-2647.428466796875	89.65109252929688	-1007.9924926757812	1.4176087379455566	0.9999914169311523	1.0	-0.0352783203125	0.0	0.33315277099609375	6.039129734039307
415960224	XO_CT_CAMPUSSMACKTREE_1B_JG_00	Tree_1963_XO_CT_CAMPUSSMACKTREE_1B_JG_00	-2700.87890625	79.39534759521484	-873.7385864257812	6.27000093460083	0.9999648332595825	1.0	-0.0352783203125	0.0	0.33315277099609375	6.039129734039307
415960288	XO_CT_CAMPUSSMACKTREE_1B_JG_00	Tree_1963_XO_CT_CAMPUSSMACKTREE_1B_JG_00	-2725.018798828125	83.1038589477539	-885.9741821289062	1.4176087379455566	0.9999914169311523	1.0	-0.0352783203125	0.0	0.33315277099609375	6.039129734039307
415960352	XO_CT_CAMPUSSMACKTREE_1B_JG_00	Tree_1963_XO_CT_CAMPUSSMACKTREE_1B_JG_00	-2646.377197265625	89.66310119628906	-1034.1859130859375	1.4176087379455566	0.9999914169311523	1.0	-0.0352783203125	0.0	0.33315277099609375	6.039129734039307
415960416	XO_CT_CAMPUSSMACKTREE_1B_JG_00	Tree_1963_XO_CT_CAMPUSSMACKTREE_1B_JG_00	-2662.8779296875	89.29019927978516	-996.0294189453125	1.4176087379455566	0.9999914169311523	1.0	-0.0352783203125	0.0	0.33315277099609375	6.039129734039307
415960480	XO_CT_CAMPUSSMACKTREE_1B_JG_00	Tree_1963_XO_CT_CAMPUSSMACKTREE_1B_JG_00	-2695.73486328125	75.30158996582031	-853.9550170898438	3.2411277294158936	0.9999443888664246	1.0	-0.0352783203125	0.0	0.33315277099609375	6.039129734039307
415960544	XO_CT_CAMPUSSMACKTREE_1B_JG_00	Tree_1963_XO_CT_CAMPUSSMACKTREE_1B_JG_00	-2720.769287109375	79.52378845214844	-869.0625	1.4176087379455566	0.9999914169311523	1.0	-0.0352783203125	0.0	0.33315277099609375	6.039129734039307
415960608	XO_CT_CAMPUSSMACKTREE_1B_JG_00	Tree_1963_XO_CT_CAMPUSSMACKTREE_1B_JG_00	-2679.0185546875	88.9419937133789	-982.8397827148438	1.4176087379455566	0.9999914169311523	1.0	-0.0352783203125	0.0	0.33315277099609375	6.039129734039307
415960672	XO_CT_CAMPUSSMACKTREE_1B_JG_00	Tree_1963_XO_CT_CAMPUSSMACKTREE_1B_JG_00	-2716.354736328125	75.3609848022461	-847.759521484375	1.4176087379455566	0.9999914169311523	1.0	-0.0352783203125	0.0	0.33315277099609375	6.039129734039307
415960736	XO_CT_CAMPUSSMACKTREE_1B_JG_00	Tree_1963_XO_CT_CAMPUSSMACKTREE_1B_JG_00	-2757.0615234375	84.5546875	-975.5794677734375	2.8894195556640625	1.000011682510376	1.0	-0.0352783203125	0.0	0.33315277099609375	6.039129734039307
415960800	XO_CT_CAMPUSSMACKTREE_1B_JG_00	Tree_1963_XO_CT_CAMPUSSMACKTREE_1B_JG_00	-2690.056884765625	88.34404754638672	-971.7564086914062	1.4176087379455566	0.9999914169311523	1.0	-0.0352783203125	0.0	0.33315277099609375	6.039129734039307
415960864	XO_CT_CAMPUSSMACKTREE_1B_JG_00	Tree_1963_XO_CT_CAMPUSSMACKTREE_1B_JG_00	-2698.157958984375	87.7862319946289	-959.0079956054688	3.9911704063415527	0.9999666213989258	1.0	-0.0352783203125	0.0	0.33315277099609375	6.039129734039307
415960928	XO_CT_CAMPUSSMACKTREE_1B_JG_00	Tree_1963_XO_CT_CAMPUSSMACKTREE_1B_JG_00	-2703.26611328125	87.38459777832031	-945.7503051757812	4.744376182556152	1.0000232458114624	1.0	-0.0352783203125	0.0	0.33315277099609375	6.039129734039307
415960992	XO_CT_CAMPUSSMACKTREE_1B_JG_00	Tree_1963_XO_CT_CAMPUSSMACKTREE_1B_JG_00	-2761.969970703125	84.75495910644531	-943.5651245117188	1.4176087379455566	0.9999914169311523	1.0	-0.0352783203125	0.0	0.33315277099609375	6.039129734039307
415961056	XO_CT_CAMPUSSMACKTREE_1B_JG_00	Tree_1963_XO_CT_CAMPUSSMACKTREE_1B_JG_00	-2752.286376953125	86.0179443359375	-933.5379638671875	1.4176087379455566	0.9999914169311523	1.0	-0.0352783203125	0.0	0.33315277099609375	6.039129734039307
415961120	XO_CT_CAMPUSSMACKTREE_1B_JG_00	Tree_1963_XO_CT_CAMPUSSMACKTREE_1B_JG_00	-2739.285888671875	86.46604919433594	-978.00732421875	4.900136470794678	0.9999946355819702	1.0	-0.0352783203125	0.0	0.33315277099609375	6.039129734039307
415961184	XO_CT_CAMPUSSMACKTREE_1B_JG_00	Tree_1963_XO_CT_CAMPUSSMACKTREE_1B_JG_00	-2722.458984375	87.65849304199219	-982.5709838867188	1.4176087379455566	0.9999914169311523	1.0	-0.0352783203125	0.0	0.33315277099609375	6.039129734039307
417530400	XO_CT_CAMPUSSMACKTREEB_1B_JG_00	Tree_1953_XO_CT_CAMPUSSMACKTREEB_1B_JG_00	-3301.112060546875	71.02289581298828	-1035.8822021484375	1.4984625577926636	0.9999901056289673	1.0	-0.0360107421875	0.0	0.5202522277832031	9.177597999572754
418687712	XO_CT_CAMPUSSMACKTREE_1B_JG_00	Tree_1963_XO_CT_CAMPUSSMACKTREE_1B_JG_00	-3164.251953125	106.30194091796875	-1675.0660400390625	0.0	1.0	1.0	-0.0352783203125	0.0	0.33315277099609375	6.039129734039307
418688544	XO_CT_CAMPUSSMACKTREEB_1B_JG_00	Tree_1953_XO_CT_CAMPUSSMACKTREEB_1B_JG_00	-3230.522216796875	101.18087768554688	-1822.51318359375	5.699686050415039	0.9999195337295532	1.0	-0.0360107421875	0.0	0.5202522277832031	9.177597999572754
418688608	XO_CT_CAMPUSSMACKTREEB_1B_JG_00	Tree_1953_XO_CT_CAMPUSSMACKTREEB_1B_JG_00	-3236.748291015625	101.36161804199219	-1835.271240234375	3.9864158630371094	0.9999318718910217	1.0	-0.0360107421875	0.0	0.5202522277832031	9.177597999572754
418688672	XO_CT_CAMPUSSMACKTREEB_1B_JG_00	Tree_1953_XO_CT_CAMPUSSMACKTREEB_1B_JG_00	-3243.017822265625	101.84754943847656	-1846.735595703125	5.515568256378174	1.0000512599945068	1.0	-0.0360107421875	0.0	0.5202522277832031	9.177597999572754
418688736	XO_CT_CAMPUSSMACKTREEB_1B_JG_00	Tree_1953_XO_CT_CAMPUSSMACKTREEB_1B_JG_00	-3253.628173828125	101.67707061767578	-1786.853271484375	1.4237895011901855	1.000044345855713	1.0	-0.0360107421875	0.0	0.5202522277832031	9.177597999572754
418688800	XO_CT_CAMPUSSMACKTREEB_1B_JG_00	Tree_1953_XO_CT_CAMPUSSMACKTREEB_1B_JG_00	-3241.560302734375	101.03711700439453	-1795.658203125	0.5429943799972534	1.0000418424606323	1.0	-0.0360107421875	0.0	0.5202522277832031	9.177597999572754
418688864	XO_CT_CAMPUSSMACKTREEB_1B_JG_00	Tree_1953_XO_CT_CAMPUSSMACKTREEB_1B_JG_00	-3230.960693359375	100.95382690429688	-1801.593017578125	4.70530891418457	1.0000250339508057	1.0	-0.0360107421875	0.0	0.5202522277832031	9.177597999572754
418688928	XO_CT_CAMPUSSMACKTREEB_1B_JG_00	Tree_1953_XO_CT_CAMPUSSMACKTREEB_1B_JG_00	-3222.619873046875	100.9468994140625	-1806.0582275390625	4.70530891418457	1.0000250339508057	1.0	-0.0360107421875	0.0	0.5202522277832031	9.177597999572754
418688992	XO_CT_CAMPUSSMACKTREEB_1B_JG_00	Tree_1953_XO_CT_CAMPUSSMACKTREEB_1B_JG_00	-3225.87255859375	101.06334686279297	-1814.2218017578125	0.2040509581565857	0.999994158744812	1.0	-0.0360107421875	0.0	0.5202522277832031	9.177597999572754
418689056	XO_CT_CAMPUSSMACKTREEB_1B_JG_00	Tree_1953_XO_CT_CAMPUSSMACKTREEB_1B_JG_00	-3109.164306640625	103.88536071777344	-1835.981201171875	3.878028154373169	0.999969482421875	1.0	-0.0360107421875	0.0	0.5202522277832031	9.177597999572754
426524480	XO_CT_CAMPUSSMACKTREEB_1B_JG_00	Tree_1985_XO_CT_CAMPUSSMACKTREEB_1B_JG_00	-4357.86669921875	8.432514190673828	-58.86598205566406	0.0	1.0	1.0	-0.9270671401172876	-0.0037842094898223877	0.16265711339656264	9.200917495065369
426524544	XO_CT_CAMPUSSMACKTREEB_1B_JG_00	Tree_1986_XO_CT_CAMPUSSMACKTREEB_1B_JG_00	-4300.5810546875	8.374985694885254	-39.11264419555664	0.0	1.0	1.0	-0.062110556405968964	-0.0037842094898223877	-0.9470413875533268	9.200917495065369
426524608	XO_CT_CAMPUSSMACKTREEB_1B_JG_00	Tree_1987_XO_CT_CAMPUSSMACKTREEB_1B_JG_00	-4308.3583984375	8.348881721496582	-38.07196044921875	0.0	1.0	1.0	-0.7833903753344202	-0.0037842094898223877	-0.01334278954891488	9.200917495065369
426524672	XO_CT_CAMPUSSMACKTREEB_1B_JG_00	Tree_1988_XO_CT_CAMPUSSMACKTREEB_1B_JG_00	-4314.8125	8.342000007629395	-38.48023223876953	0.0	1.0	1.0	-0.29100244800793007	-0.0037842094898223877	-0.4092949905898422	9.200917495065369
426524736	XO_CT_CAMPUSSMACKTREEB_1B_JG_00	Tree_1989_XO_CT_CAMPUSSMACKTREEB_1B_JG_00	-4313.32421875	8.56235122680664	-30.6602783203125	0.0	1.0	1.0	0.7409063751401845	-0.0037842094898223877	0.043547669309191406	9.200917495065369
426524800	XO_CT_CAMPUSSMACKTREEB_1B_JG_00	Tree_1990_XO_CT_CAMPUSSMACKTREEB_1B_JG_00	-4314.97216796875	8.827065467834473	-21.73890495300293	0.0	1.0	1.0	-0.9070178939728066	-0.0037842094898223877	0.05107277981005609	9.200917495065369
426524864	XO_CT_CAMPUSSMACKTREEB_1B_JG_00	Tree_1980_XO_CT_CAMPUSSMACKTREEB_1B_JG_00	-4340.3193359375	9.911394119262695	-74.71673583984375	0.0	1.0	1.0	-0.04740398155990988	-0.0037842094898223877	-0.893525727908127	9.200917495065369
426524928	XO_CT_CAMPUSSMACKTREEB_1B_JG_00	Tree_1990_XO_CT_CAMPUSSMACKTREEB_1B_JG_00	-4344.38671875	8.827065467834473	-66.7188491821289	0.0	1.0	1.0	-0.9070178939728066	-0.0037842094898223877	0.05107277981005609	9.200917495065369
426524992	XO_CT_CAMPUSSMACKTREEB_1B_JG_00	Tree_1991_XO_CT_CAMPUSSMACKTREEB_1B_JG_00	-4349.412109375	8.397226333618164	-61.89104461669922	0.0	1.0	1.0	0.3142120374250226	-0.0037842094898223877	0.28999331610975787	9.200917495065369
432481024	XO_CT_CAMPUSSMACKTREEB_1B_JG_00	Tree_1953_XO_CT_CAMPUSSMACKTREEB_1B_JG_00	-3821.708251953125	23.26338005065918	-514.7685546875	0.8743387460708618	0.9999613761901855	1.0	-0.0360107421875	0.0	0.5202522277832031	9.177597999572754
432481088	XO_CT_CAMPUSSMACKTREEB_1B_JG_00	Tree_1953_XO_CT_CAMPUSSMACKTREEB_1B_JG_00	-3812.526123046875	23.561498641967773	-539.943115234375	0.8743387460708618	0.9999613761901855	1.0	-0.0360107421875	0.0	0.5202522277832031	9.177597999572754
432481152	XO_CT_CAMPUSSMACKTREEB_1B_JG_00	Tree_1953_XO_CT_CAMPUSSMACKTREEB_1B_JG_00	-3802.2119140625	23.51413917541504	-581.1408081054688	1.058539867401123	0.9999326467514038	1.0	-0.0360107421875	0.0	0.5202522277832031	9.177597999572754
432481216	XO_CT_CAMPUSSMACKTREEB_1B_JG_00	Tree_1953_XO_CT_CAMPUSSMACKTREEB_1B_JG_00	-3807.900146484375	23.54038429260254	-555.8665161132812	0.9114983081817627	0.9999783039093018	1.0	-0.0360107421875	0.0	0.5202522277832031	9.177597999572754
432481280	XO_CT_CAMPUSSMACKTREEB_1B_JG_00	Tree_1953_XO_CT_CAMPUSSMACKTREEB_1B_JG_00	-3829.09033203125	22.46726417541504	-491.74462890625	0.9594303369522095	0.9999791383743286	1.0	-0.0360107421875	0.0	0.5202522277832031	9.177597999572754
433676368	XO_CT_CAMPUSSMACKTREEB_1B_JG_00	Tree_1953_XO_CT_CAMPUSSMACKTREEB_1B_JG_00	-4137.5546875	17.20877456665039	-1739.9228515625	0.0	1.0	1.0	-0.0360107421875	0.0	0.5202522277832031	9.177597999572754
433676432	XO_CT_CAMPUSSMACKTREEB_1B_JG_00	Tree_1953_XO_CT_CAMPUSSMACKTREEB_1B_JG_00	-4146.42626953125	17.334726333618164	-1734.294189453125	5.021631717681885	0.9999477863311768	1.0	-0.0360107421875	0.0	0.5202522277832031	9.177597999572754
433676496	XO_CT_CAMPUSSMACKTREEB_1B_JG_00	Tree_1953_XO_CT_CAMPUSSMACKTREEB_1B_JG_00	-4153.3173828125	17.240581512451172	-1727.706298828125	0.6849220991134644	0.9999299049377441	1.0	-0.0360107421875	0.0	0.5202522277832031	9.177597999572754
433676560	XO_CT_CAMPUSSMACKTREEB_1B_JG_00	Tree_1953_XO_CT_CAMPUSSMACKTREEB_1B_JG_00	-4161.57275390625	17.186681747436523	-1721.587890625	0.05642616003751755	1.0000046491622925	1.0	-0.0360107421875	0.0	0.5202522277832031	9.177597999572754
433676624	XO_CT_CAMPUSSMACKTREEB_1B_JG_00	Tree_1953_XO_CT_CAMPUSSMACKTREEB_1B_JG_00	-4169.80029296875	17.223224639892578	-1714.74658203125	4.386700630187988	0.9999545216560364	1.0	-0.0360107421875	0.0	0.5202522277832031	9.177597999572754
446545664	XO_CT_CAMPUSSMACKTREE_1B_JG_00	Tree_1963_XO_CT_CAMPUSSMACKTREE_1B_JG_00	-2812.832275390625	79.07555389404297	-983.1334838867188	1.4176087379455566	0.9999914169311523	1.0	-0.0352783203125	0.0	0.33315277099609375	6.039129734039307
446545728	XO_CT_CAMPUSSMACKTREE_1B_JG_00	Tree_1963_XO_CT_CAMPUSSMACKTREE_1B_JG_00	-2793.969482421875	80.212646484375	-979.3112182617188	1.4176087379455566	0.9999914169311523	1.0	-0.0352783203125	0.0	0.33315277099609375	6.039129734039307
446545792	XO_CT_CAMPUSSMACKTREE_1B_JG_00	Tree_1963_XO_CT_CAMPUSSMACKTREE_1B_JG_00	-2775.644775390625	82.2952880859375	-975.8323974609375	3.9401116371154785	0.9999792575836182	1.0	-0.0352783203125	0.0	0.33315277099609375	6.039129734039307
446545856	XO_CT_CAMPUSSMACKTREE_1B_JG_00	Tree_1963_XO_CT_CAMPUSSMACKTREE_1B_JG_00	-2817.241943359375	79.00928497314453	-960.8984375	1.4176087379455566	0.9999914169311523	1.0	-0.0352783203125	0.0	0.33315277099609375	6.039129734039307
446545920	XO_CT_CAMPUSSMACKTREE_1B_JG_00	Tree_1963_XO_CT_CAMPUSSMACKTREE_1B_JG_00	-2798.565673828125	80.26435089111328	-956.143798828125	1.4176087379455566	0.9999914169311523	1.0	-0.0352783203125	0.0	0.33315277099609375	6.039129734039307
446545984	XO_CT_CAMPUSSMACKTREE_1B_JG_00	Tree_1963_XO_CT_CAMPUSSMACKTREE_1B_JG_00	-2777.000244140625	82.81780242919922	-950.9585571289062	1.4176087379455566	0.9999914169311523	1.0	-0.0352783203125	0.0	0.33315277099609375	6.039129734039307
455916672	XO_CT_CAMPUSSMACKTREEB_1B_JG_00	Tree_1953_XO_CT_CAMPUSSMACKTREEB_1B_JG_00	-607.876708984375	109.95108795166016	-125.28350067138672	1.4984625577926636	0.9999901056289673	1.0	-0.0360107421875	0.0	0.5202522277832031	9.177597999572754
455916736	XO_CT_CAMPUSSMACKTREEB_1B_JG_00	Tree_1953_XO_CT_CAMPUSSMACKTREEB_1B_JG_00	-600.2598266601562	109.55650329589844	-128.0206756591797	1.4984625577926636	0.9999901056289673	1.0	-0.0360107421875	0.0	0.5202522277832031	9.177597999572754
455916800	XO_CT_CAMPUSSMACKTREEB_1B_JG_00	Tree_1953_XO_CT_CAMPUSSMACKTREEB_1B_JG_00	-726.3988647460938	112.12691497802734	-94.65436553955078	2.178302049636841	0.9999641180038452	1.0	-0.0360107421875	0.0	0.5202522277832031	9.177597999572754
455916864	XO_CT_CAMPUSSMACKTREEB_1B_JG_00	Tree_1953_XO_CT_CAMPUSSMACKTREEB_1B_JG_00	-589.713623046875	108.93988037109375	-132.53575134277344	1.4984625577926636	0.9999901056289673	1.0	-0.0360107421875	0.0	0.5202522277832031	9.177597999572754
455916928	XO_CT_CAMPUSSMACKTREEB_1B_JG_00	Tree_1953_XO_CT_CAMPUSSMACKTREEB_1B_JG_00	-729.3521118164062	111.62673950195312	-148.9241943359375	1.1583229303359985	1.000006079673767	1.0	-0.0360107421875	0.0	0.5202522277832031	9.177597999572754
455916992	XO_CT_CAMPUSSMACKTREEB_1B_JG_00	Tree_1953_XO_CT_CAMPUSSMACKTREEB_1B_JG_00	-723.65673828125	112.20814514160156	-98.2325668334961	0.8901259899139404	0.9999338388442993	1.0	-0.0360107421875	0.0	0.5202522277832031	9.177597999572754
455917056	XO_CT_CAMPUSSMACKTREEB_1B_JG_00	Tree_1953_XO_CT_CAMPUSSMACKTREEB_1B_JG_00	-705.3367919921875	111.09396362304688	-166.79322814941406	1.1583229303359985	1.000006079673767	1.0	-0.0360107421875	0.0	0.5202522277832031	9.177597999572754
455917120	XO_CT_CAMPUSSMACKTREEB_1B_JG_00	Tree_1953_XO_CT_CAMPUSSMACKTREEB_1B_JG_00	-720.9839477539062	111.945556640625	-102.06102752685547	0.8449041247367859	1.0000231266021729	1.0	-0.0360107421875	0.0	0.5202522277832031	9.177597999572754
455917184	XO_CT_CAMPUSSMACKTREEB_1B_JG_00	Tree_1953_XO_CT_CAMPUSSMACKTREEB_1B_JG_00	-706.669921875	110.53129577636719	-183.71734619140625	0.1377709060907364	0.9999535083770752	1.0	-0.0360107421875	0.0	0.5202522277832031	9.177597999572754
455917248	XO_CT_CAMPUSSMACKTREEB_1B_JG_00	Tree_1953_XO_CT_CAMPUSSMACKTREEB_1B_JG_00	-703.216552734375	111.28316497802734	-115.13252258300781	2.661839485168457	0.9999730587005615	1.0	-0.0360107421875	0.0	0.5202522277832031	9.177597999572754
455917312	XO_CT_CAMPUSSMACKTREEB_1B_JG_00	Tree_1953_XO_CT_CAMPUSSMACKTREEB_1B_JG_00	-709.146240234375	110.1800537109375	-204.07003784179688	0.1377709060907364	0.9999535083770752	1.0	-0.0360107421875	0.0	0.5202522277832031	9.177597999572754
455917376	XO_CT_CAMPUSSMACKTREEB_1B_JG_00	Tree_1953_XO_CT_CAMPUSSMACKTREEB_1B_JG_00	-699.1532592773438	111.42958068847656	-116.4286117553711	1.9895535707473755	0.9999772906303406	1.0	-0.0360107421875	0.0	0.5202522277832031	9.177597999572754
455917440	XO_CT_CAMPUSSMACKTREEB_1B_JG_00	Tree_1953_XO_CT_CAMPUSSMACKTREEB_1B_JG_00	-694.516845703125	111.2864990234375	-117.16715240478516	2.100874185562134	1.00002920627594	1.0	-0.0360107421875	0.0	0.5202522277832031	9.177597999572754
455917504	XO_CT_CAMPUSSMACKTREEB_1B_JG_00	Tree_1953_XO_CT_CAMPUSSMACKTREEB_1B_JG_00	-617.5528564453125	110.49693298339844	-122.35130310058594	1.4984625577926636	0.9999901056289673	1.0	-0.0360107421875	0.0	0.5202522277832031	9.177597999572754
455917568	XO_CT_CAMPUSSMACKTREEB_1B_JG_00	Tree_1953_XO_CT_CAMPUSSMACKTREEB_1B_JG_00	-768.6272583007812	111.79973602294922	-127.67991638183594	1.0490307807922363	1.0000032186508179	1.0	-0.0360107421875	0.0	0.5202522277832031	9.177597999572754
462243680	XO_CT_CAMPUSSMACKTREEB_1B_JG_00	Tree_1953_XO_CT_CAMPUSSMACKTREEB_1B_JG_00	-1014.2987060546875	153.1046142578125	-2271.688720703125	2.282759189605713	0.9999988079071045	1.0	-0.0360107421875	0.0	0.5202522277832031	9.177597999572754
462243744	XO_CT_CAMPUSSMACKTREEB_1B_JG_00	Tree_1953_XO_CT_CAMPUSSMACKTREEB_1B_JG_00	-1046.806884765625	154.08609008789062	-2246.787353515625	2.282759189605713	0.9999988079071045	1.0	-0.0360107421875	0.0	0.5202522277832031	9.177597999572754
462243808	XO_CT_CAMPUSSMACKTREEB_1B_JG_00	Tree_1953_XO_CT_CAMPUSSMACKTREEB_1B_JG_00	-994.1326293945312	151.63937377929688	-2315.994873046875	2.282759189605713	0.9999988079071045	1.0	-0.0360107421875	0.0	0.5202522277832031	9.177597999572754
474304192	XO_CT_CAMPUSSMACKTREEB_1B_JG_00	Tree_1953_XO_CT_CAMPUSSMACKTREEB_1B_JG_00	-3339.9013671875	71.42094421386719	-1031.78955078125	0.7080702185630798	1.0000331401824951	1.0	-0.0360107421875	0.0	0.5202522277832031	9.177597999572754
474304256	XO_CT_CAMPUSSMACKTREEB_1B_JG_00	Tree_1953_XO_CT_CAMPUSSMACKTREEB_1B_JG_00	-3382.105712890625	71.7880859375	-1028.42724609375	6.135919094085693	0.999959409236908	1.0	-0.0360107421875	0.0	0.5202522277832031	9.177597999572754
474304320	XO_CT_CAMPUSSMACKTREEB_1B_JG_00	Tree_1953_XO_CT_CAMPUSSMACKTREEB_1B_JG_00	-3454.131591796875	71.12568664550781	-1029.52978515625	3.29008412361145	1.0000184774398804	1.0	-0.0360107421875	0.0	0.5202522277832031	9.177597999572754
474304384	XO_CT_CAMPUSSMACKTREEB_1B_JG_00	Tree_1953_XO_CT_CAMPUSSMACKTREEB_1B_JG_00	-3497.018310546875	68.08635711669922	-1031.1092529296875	5.282142162322998	1.000008225440979	1.0	-0.0360107421875	0.0	0.5202522277832031	9.177597999572754
474304448	XO_CT_CAMPUSSMACKTREEB_1B_JG_00	Tree_1953_XO_CT_CAMPUSSMACKTREEB_1B_JG_00	-3535.0087890625	64.47512817382812	-1034.32177734375	1.2218271493911743	0.9999697804450989	1.0	-0.0360107421875	0.0	0.5202522277832031	9.177597999572754
474304512	XO_CT_CAMPUSSMACKTREEB_1B_JG_00	Tree_1953_XO_CT_CAMPUSSMACKTREEB_1B_JG_00	-3574.63525390625	61.99131393432617	-1040.357421875	1.2218271493911743	0.9999697804450989	1.0	-0.0360107421875	0.0	0.5202522277832031	9.177597999572754
475247760	XO_CT_CAMPUSSMACKTREEB_1B_JG_00	Tree_1953_XO_CT_CAMPUSSMACKTREEB_1B_JG_00	-1523.67236328125	124.2177505493164	-909.5049438476562	0.0	1.0	1.0	-0.0360107421875	0.0	0.5202522277832031	9.177597999572754
475247824	XO_CT_CAMPUSSMACKTREEB_1B_JG_00	Tree_1953_XO_CT_CAMPUSSMACKTREEB_1B_JG_00	-1546.33251953125	124.2177505493164	-908.3511352539062	0.0	1.0	1.0	-0.0360107421875	0.0	0.5202522277832031	9.177597999572754
475247888	XO_CT_CAMPUSSMACKTREEB_1B_JG_00	Tree_1953_XO_CT_CAMPUSSMACKTREEB_1B_JG_00	-1524.7037353515625	124.2177505493164	-900.393798828125	0.0	1.0	1.0	-0.0360107421875	0.0	0.5202522277832031	9.177597999572754
475247952	XO_CT_CAMPUSSMACKTREEB_1B_JG_00	Tree_1953_XO_CT_CAMPUSSMACKTREEB_1B_JG_00	-1556.4747314453125	123.87596130371094	-907.9044189453125	0.0	1.0	1.0	-0.0360107421875	0.0	0.5202522277832031	9.177597999572754
475248016	XO_CT_CAMPUSSMACKTREEB_1B_JG_00	Tree_1953_XO_CT_CAMPUSSMACKTREEB_1B_JG_00	-1526.3197021484375	124.2177505493164	-888.201416015625	0.0	1.0	1.0	-0.0360107421875	0.0	0.5202522277832031	9.177597999572754
475248080	XO_CT_CAMPUSSMACKTREEB_1B_JG_00	Tree_1953_XO_CT_CAMPUSSMACKTREEB_1B_JG_00	-1565.580810546875	123.25527954101562	-907.6051635742188	0.0	1.0	1.0	-0.0360107421875	0.0	0.5202522277832031	9.177597999572754
475248144	XO_CT_CAMPUSSMACKTREEB_1B_JG_00	Tree_1953_XO_CT_CAMPUSSMACKTREEB_1B_JG_00	-1536.97705078125	124.2177505493164	-892.9197998046875	0.0	1.0	1.0	-0.0360107421875	0.0	0.5202522277832031	9.177597999572754
475248208	XO_CT_CAMPUSSMACKTREEB_1B_JG_00	Tree_1953_XO_CT_CAMPUSSMACKTREEB_1B_JG_00	-1546.59765625	124.0437240600586	-896.9708862304688	0.0	1.0	1.0	-0.0360107421875	0.0	0.5202522277832031	9.177597999572754
475248272	XO_CT_CAMPUSSMACKTREEB_1B_JG_00	Tree_1953_XO_CT_CAMPUSSMACKTREEB_1B_JG_00	-1556.666259765625	123.6105728149414	-900.8726196289062	0.0	1.0	1.0	-0.0360107421875	0.0	0.5202522277832031	9.177597999572754
475248336	XO_CT_CAMPUSSMACKTREEB_1B_JG_00	Tree_1953_XO_CT_CAMPUSSMACKTREEB_1B_JG_00	-1566.506591796875	123.06537628173828	-903.30029296875	0.0	1.0	1.0	-0.0360107421875	0.0	0.5202522277832031	9.177597999572754
475248400	XO_CT_CAMPUSSMACKTREEB_1B_JG_00	Tree_1953_XO_CT_CAMPUSSMACKTREEB_1B_JG_00	-1574.5030517578125	122.52162170410156	-905.87158203125	0.0	1.0	1.0	-0.0360107421875	0.0	0.5202522277832031	9.177597999572754
475248464	XO_CT_CAMPUSSMACKTREEB_1B_JG_00	Tree_1953_XO_CT_CAMPUSSMACKTREEB_1B_JG_00	-1536.9173583984375	124.2177505493164	-909.1661376953125	0.0	1.0	1.0	-0.0360107421875	0.0	0.5202522277832031	9.177597999572754
485146096	XO_CT_CAMPUSSMACKTREE_1B_JG_00	Tree_1963_XO_CT_CAMPUSSMACKTREE_1B_JG_00	246.8541259765625	242.5626678466797	-4072.21630859375	0.0	1.0	1.0	-0.0352783203125	0.0	0.33315277099609375	6.039129734039307
485146160	XO_CT_CAMPUSSMACKTREE_1B_JG_00	Tree_1963_XO_CT_CAMPUSSMACKTREE_1B_JG_00	214.30084228515625	242.06317138671875	-4083.759521484375	3.3850908279418945	0.999957263469696	1.0	-0.0352783203125	0.0	0.33315277099609375	6.039129734039307
485146224	XO_CT_CAMPUSSMACKTREE_1B_JG_00	Tree_1963_XO_CT_CAMPUSSMACKTREE_1B_JG_00	164.302490234375	237.46383666992188	-4095.825439453125	3.3850908279418945	0.999957263469696	1.0	-0.0352783203125	0.0	0.33315277099609375	6.039129734039307
485146288	XO_CT_CAMPUSSMACKTREE_1B_JG_00	Tree_1963_XO_CT_CAMPUSSMACKTREE_1B_JG_00	99.65361022949219	230.73703002929688	-4110.85791015625	3.3850908279418945	0.999957263469696	1.0	-0.0352783203125	0.0	0.33315277099609375	6.039129734039307
491069456	XO_CT_CAMPUSSMACKTREE_1B_JG_00	Tree_1963_XO_CT_CAMPUSSMACKTREE_1B_JG_00	-818.3828125	198.97035217285156	-3189.862060546875	0.0	1.0	1.0	-0.0352783203125	0.0	0.33315277099609375	6.039129734039307
491069520	XO_CT_CAMPUSSMACKTREE_1B_JG_00	Tree_1963_XO_CT_CAMPUSSMACKTREE_1B_JG_00	-833.57177734375	198.97035217285156	-3184.537109375	3.4906766414642334	1.0000114440917969	1.0	-0.0352783203125	0.0	0.33315277099609375	6.039129734039307
491069584	XO_CT_CAMPUSSMACKTREE_1B_JG_00	Tree_1963_XO_CT_CAMPUSSMACKTREE_1B_JG_00	-921.16552734375	198.97035217285156	-3165.751708984375	3.2210235595703125	0.9999790787696838	1.0	-0.0352783203125	0.0	0.33315277099609375	6.039129734039307
491069648	XO_CT_CAMPUSSMACKTREE_1B_JG_00	Tree_1963_XO_CT_CAMPUSSMACKTREE_1B_JG_00	-850.2984619140625	198.97035217285156	-3178.517578125	1.4835292100906372	1.00002121925354	1.0	-0.0352783203125	0.0	0.33315277099609375	6.039129734039307
491069712	XO_CT_CAMPUSSMACKTREE_1B_JG_00	Tree_1963_XO_CT_CAMPUSSMACKTREE_1B_JG_00	-938.4413452148438	198.97035217285156	-3164.499267578125	1.213911533355713	1.0000234842300415	1.0	-0.0352783203125	0.0	0.33315277099609375	6.039129734039307
491069776	XO_CT_CAMPUSSMACKTREE_1B_JG_00	Tree_1963_XO_CT_CAMPUSSMACKTREE_1B_JG_00	-885.5289306640625	198.97035217285156	-3169.81005859375	5.718647003173828	1.000015377998352	1.0	-0.0352783203125	0.0	0.33315277099609375	6.039129734039307
491069840	XO_CT_CAMPUSSMACKTREE_1B_JG_00	Tree_1963_XO_CT_CAMPUSSMACKTREE_1B_JG_00	-903.9099731445312	198.97035217285156	-3166.89404296875	6.013571262359619	0.999993085861206	1.0	-0.0352783203125	0.0	0.33315277099609375	6.039129734039307
491069904	XO_CT_CAMPUSSMACKTREE_1B_JG_00	Tree_1963_XO_CT_CAMPUSSMACKTREE_1B_JG_00	-868.6452026367188	198.97035217285156	-3173.4951171875	1.442641019821167	1.0000221729278564	1.0	-0.0352783203125	0.0	0.33315277099609375	6.039129734039307
492939888	XO_CT_CAMPUSSMACKTREEB_1B_JG_00	Tree_1953_XO_CT_CAMPUSSMACKTREEB_1B_JG_00	356.844970703125	188.22650146484375	-2944.492431640625	2.260579824447632	0.9999721646308899	1.0	-0.0360107421875	0.0	0.5202522277832031	9.177597999572754
492939952	XO_CT_CAMPUSSMACKTREEB_1B_JG_00	Tree_1953_XO_CT_CAMPUSSMACKTREEB_1B_JG_00	312.41412353515625	188.22650146484375	-2978.943115234375	1.0210607051849365	0.9999982118606567	1.0	-0.0360107421875	0.0	0.5202522277832031	9.177597999572754
492940016	XO_CT_CAMPUSSMACKTREEB_1B_JG_00	Tree_1953_XO_CT_CAMPUSSMACKTREEB_1B_JG_00	303.39068603515625	188.22650146484375	-2990.4384765625	3.8020148277282715	0.9999234080314636	1.0	-0.0360107421875	0.0	0.5202522277832031	9.177597999572754
492940080	XO_CT_CAMPUSSMACKTREEB_1B_JG_00	Tree_1953_XO_CT_CAMPUSSMACKTREEB_1B_JG_00	319.2138977050781	188.22650146484375	-2990.039306640625	1.0210607051849365	0.9999982118606567	1.0	-0.0360107421875	0.0	0.5202522277832031	9.177597999572754
492940144	XO_CT_CAMPUSSMACKTREEB_1B_JG_00	Tree_1953_XO_CT_CAMPUSSMACKTREEB_1B_JG_00	293.6343688964844	189.671142578125	-2959.063720703125	3.8020148277282715	0.9999234080314636	1.0	-0.0360107421875	0.0	0.5202522277832031	9.177597999572754
492940208	XO_CT_CAMPUSSMACKTREEB_1B_JG_00	Tree_1953_XO_CT_CAMPUSSMACKTREEB_1B_JG_00	302.09869384765625	188.22650146484375	-3005.775390625	2.460484027862549	0.9999746084213257	1.0	-0.0360107421875	0.0	0.5202522277832031	9.177597999572754
492940272	XO_CT_CAMPUSSMACKTREEB_1B_JG_00	Tree_1953_XO_CT_CAMPUSSMACKTREEB_1B_JG_00	322.2778015136719	188.22650146484375	-2940.886962890625	0.3272322714328766	0.999961793422699	1.0	-0.0360107421875	0.0	0.5202522277832031	9.177597999572754
492940336	XO_CT_CAMPUSSMACKTREEB_1B_JG_00	Tree_1953_XO_CT_CAMPUSSMACKTREEB_1B_JG_00	343.4249267578125	188.22650146484375	-2957.747802734375	1.0210607051849365	0.9999982118606567	1.0	-0.0360107421875	0.0	0.5202522277832031	9.177597999572754
492940400	XO_CT_CAMPUSSMACKTREEB_1B_JG_00	Tree_1953_XO_CT_CAMPUSSMACKTREEB_1B_JG_00	344.5254821777344	188.22650146484375	-2945.520751953125	0.3272322714328766	0.999961793422699	1.0	-0.0360107421875	0.0	0.5202522277832031	9.177597999572754
492945072	XO_CT_CAMPUSSMACKTREE_1B_JG_00	Tree_1963_XO_CT_CAMPUSSMACKTREE_1B_JG_00	313.95220947265625	188.42620849609375	-2986.58984375	1.0210607051849365	0.9999982118606567	1.0	-0.0352783203125	0.0	0.33315277099609375	6.039129734039307
492945136	XO_CT_CAMPUSSMACKTREE_1B_JG_00	Tree_1963_XO_CT_CAMPUSSMACKTREE_1B_JG_00	304.1102294921875	188.42620849609375	-2972.421875	1.0210607051849365	0.9999982118606567	1.0	-0.0352783203125	0.0	0.33315277099609375	6.039129734039307
495093440	XO_CT_CAMPUSSMACKTREE_1B_JG_00	Tree_1963_XO_CT_CAMPUSSMACKTREE_1B_JG_00	-965.7747192382812	199.3487091064453	-3622.325927734375	0.927344024181366	1.000024437904358	1.0	-0.0352783203125	0.0	0.33315277099609375	6.039129734039307
504002880	XO_CT_CAMPUSSMACKTREEB_1B_JG_00	Tree_1953_XO_CT_CAMPUSSMACKTREEB_1B_JG_00	-3835.912841796875	21.730436325073242	-466.62872314453125	0.9594303369522095	0.9999791383743286	1.0	-0.0360107421875	0.0	0.5202522277832031	9.177597999572754
515431584	XO_CT_CAMPUSSMACKTREEB_1B_JG_00	Tree_1953_XO_CT_CAMPUSSMACKTREEB_1B_JG_00	-3418.85302734375	32.28889465332031	-3653.694091796875	0.04982428997755051	1.0000202655792236	1.0	-0.0360107421875	0.0	0.5202522277832031	9.177597999572754
515431648	XO_CT_CAMPUSSMACKTREEB_1B_JG_00	Tree_1953_XO_CT_CAMPUSSMACKTREEB_1B_JG_00	-3614.807373046875	28.45194435119629	-3628.361083984375	1.4984625577926636	0.9999901056289673	1.0	-0.0360107421875	0.0	0.5202522277832031	9.177597999572754
515431712	XO_CT_CAMPUSSMACKTREEB_1B_JG_00	Tree_1953_XO_CT_CAMPUSSMACKTREEB_1B_JG_00	-3431.96044921875	31.679882049560547	-3664.949462890625	4.080900192260742	0.9999744892120361	1.0	-0.0360107421875	0.0	0.5202522277832031	9.177597999572754
515431776	XO_CT_CAMPUSSMACKTREEB_1B_JG_00	Tree_1953_XO_CT_CAMPUSSMACKTREEB_1B_JG_00	-3428.20166015625	31.90712547302246	-3655.052734375	4.080900192260742	0.9999744892120361	1.0	-0.0360107421875	0.0	0.5202522277832031	9.177597999572754
515431840	XO_CT_CAMPUSSMACKTREEB_1B_JG_00	Tree_1953_XO_CT_CAMPUSSMACKTREEB_1B_JG_00	-3620.248779296875	28.325775146484375	-3621.16796875	2.5718393325805664	1.000008225440979	1.0	-0.0360107421875	0.0	0.5202522277832031	9.177597999572754
515431904	XO_CT_CAMPUSSMACKTREEB_1B_JG_00	Tree_1953_XO_CT_CAMPUSSMACKTREEB_1B_JG_00	-3444.834716796875	31.412235260009766	-3646.366943359375	6.157740116119385	1.0000457763671875	1.0	-0.0360107421875	0.0	0.5202522277832031	9.177597999572754
515431968	XO_CT_CAMPUSSMACKTREEB_1B_JG_00	Tree_1953_XO_CT_CAMPUSSMACKTREEB_1B_JG_00	-3625.813720703125	27.370250701904297	-3613.247802734375	2.641632080078125	0.9999566674232483	1.0	-0.0360107421875	0.0	0.5202522277832031	9.177597999572754
515432032	XO_CT_CAMPUSSMACKTREEB_1B_JG_00	Tree_1953_XO_CT_CAMPUSSMACKTREEB_1B_JG_00	-3432.464599609375	31.857465744018555	-3658.31201171875	0.5732738971710205	0.9999501705169678	1.0	-0.0360107421875	0.0	0.5202522277832031	9.177597999572754
515432096	XO_CT_CAMPUSSMACKTREEB_1B_JG_00	Tree_1953_XO_CT_CAMPUSSMACKTREEB_1B_JG_00	-3631.03466796875	27.33785057067871	-3603.533203125	0.4774051904678345	0.9999926090240479	1.0	-0.0360107421875	0.0	0.5202522277832031	9.177597999572754
515432160	XO_CT_CAMPUSSMACKTREEB_1B_JG_00	Tree_1953_XO_CT_CAMPUSSMACKTREEB_1B_JG_00	-3406.084716796875	32.86240005493164	-3651.614013671875	1.9916855096817017	0.999993085861206	1.0	-0.0360107421875	0.0	0.5202522277832031	9.177597999572754
515432224	XO_CT_CAMPUSSMACKTREEB_1B_JG_00	Tree_1953_XO_CT_CAMPUSSMACKTREEB_1B_JG_00	-3455.495361328125	32.174076080322266	-3673.252685546875	0.5732738971710205	0.9999501705169678	1.0	-0.0360107421875	0.0	0.5202522277832031	9.177597999572754
515432288	XO_CT_CAMPUSSMACKTREEB_1B_JG_00	Tree_1953_XO_CT_CAMPUSSMACKTREEB_1B_JG_00	-3457.38037109375	31.934913635253906	-3680.395263671875	0.5732738971710205	0.9999501705169678	1.0	-0.0360107421875	0.0	0.5202522277832031	9.177597999572754
517228384	XO_CT_CAMPUSSMACKTREEB_1B_JG_00	Tree_1953_XO_CT_CAMPUSSMACKTREEB_1B_JG_00	-3803.013916015625	17.281810760498047	-3416.271240234375	0.7332415580749512	1.0000447034835815	1.0	-0.0360107421875	0.0	0.5202522277832031	9.177597999572754
517228448	XO_CT_CAMPUSSMACKTREEB_1B_JG_00	Tree_1953_XO_CT_CAMPUSSMACKTREEB_1B_JG_00	-3813.26611328125	16.211036682128906	-3412.9345703125	0.8627261519432068	1.0000331401824951	1.0	-0.0360107421875	0.0	0.5202522277832031	9.177597999572754
517228512	XO_CT_CAMPUSSMACKTREEB_1B_JG_00	Tree_1953_XO_CT_CAMPUSSMACKTREEB_1B_JG_00	-3822.3251953125	15.176103591918945	-3410.533935546875	5.382040023803711	0.999976634979248	1.0	-0.0360107421875	0.0	0.5202522277832031	9.177597999572754
521477552	XO_CT_CAMPUSSMACKTREEB_1B_JG_00	Tree_1999_XO_CT_CAMPUSSMACKTREEB_1B_JG_00	-4075.12451171875	39.60771179199219	-453.9235534667969	0.0	1.0	1.0	0.07147662776696961	-0.0025743842124938965	-0.00494874210562557	9.141666670911945
521477616	XO_CT_CAMPUSSMACKTREEB_1B_JG_00	Tree_1982_XO_CT_CAMPUSSMACKTREEB_1B_JG_00	-4104.640625	41.84636688232422	-458.14508056640625	0.0	1.0	1.0	-0.28373980056494474	-0.0037842094898223877	0.3192819462856278	9.200917495065369
521477680	XO_CT_CAMPUSSMACKTREEB_1B_JG_00	Tree_2000_XO_CT_CAMPUSSMACKTREEB_1B_JG_00	-4002.18603515625	39.00750732421875	-434.5397033691406	0.0	1.0	1.0	0.3162927429075353	-0.0033479705452919006	0.8346832411771175	9.221304140635766
521477744	XO_CT_CAMPUSSMACKTREEB_1B_JG_00	Tree_2001_XO_CT_CAMPUSSMACKTREEB_1B_JG_00	-4029.06201171875	38.826019287109375	-444.4442443847656	0.0	1.0	1.0	0.24336721416329965	-0.004175175912678242	0.23621272153104655	9.24930803058669
521477808	XO_CT_CAMPUSSMACKTREEB_1B_JG_00	Tree_1953_XO_CT_CAMPUSSMACKTREEB_1B_JG_00	-4054.520751953125	39.498138427734375	-449.6919860839844	5.131258010864258	1.0000269412994385	1.0	-0.0360107421875	0.0	0.5202522277832031	9.177597999572754
527757312	XO_CT_CAMPUSSMACKTREEB_1B_JG_00	Tree_1953_XO_CT_CAMPUSSMACKTREEB_1B_JG_00	-777.46875	111.49850463867188	-146.3986053466797	1.0490307807922363	1.0000032186508179	1.0	-0.0360107421875	0.0	0.5202522277832031	9.177597999572754
527757376	XO_CT_CAMPUSSMACKTREEB_1B_JG_00	Tree_1953_XO_CT_CAMPUSSMACKTREEB_1B_JG_00	-799.6317138671875	111.79973602294922	-145.94436645507812	0.5551575422286987	1.00004243850708	1.0	-0.0360107421875	0.0	0.5202522277832031	9.177597999572754
527757440	XO_CT_CAMPUSSMACKTREEB_1B_JG_00	Tree_1953_XO_CT_CAMPUSSMACKTREEB_1B_JG_00	-739.2288818359375	110.65625	-228.50637817382812	0.9140141010284424	1.0000393390655518	1.0	-0.0360107421875	0.0	0.5202522277832031	9.177597999572754
528811200	XO_CT_CAMPUSSMACKTREEB_1B_JG_00	Tree_1953_XO_CT_CAMPUSSMACKTREEB_1B_JG_00	-830.6752319335938	112.3360824584961	18.88852310180664	1.4984625577926636	0.9999901056289673	1.0	-0.0360107421875	0.0	0.5202522277832031	9.177597999572754
528811264	XO_CT_CAMPUSSMACKTREEB_1B_JG_00	Tree_1953_XO_CT_CAMPUSSMACKTREEB_1B_JG_00	-757.0333862304688	112.46251678466797	-23.12108612060547	1.4984625577926636	0.9999901056289673	1.0	-0.0360107421875	0.0	0.5202522277832031	9.177597999572754
528811328	XO_CT_CAMPUSSMACKTREEB_1B_JG_00	Tree_1953_XO_CT_CAMPUSSMACKTREEB_1B_JG_00	-824.40087890625	112.28501892089844	13.098518371582031	1.4984625577926636	0.9999901056289673	1.0	-0.0360107421875	0.0	0.5202522277832031	9.177597999572754
528811392	XO_CT_CAMPUSSMACKTREEB_1B_JG_00	Tree_1953_XO_CT_CAMPUSSMACKTREEB_1B_JG_00	-752.5877685546875	112.91957092285156	-28.981653213500977	1.4984625577926636	0.9999901056289673	1.0	-0.0360107421875	0.0	0.5202522277832031	9.177597999572754
528811456	XO_CT_CAMPUSSMACKTREEB_1B_JG_00	Tree_1953_XO_CT_CAMPUSSMACKTREEB_1B_JG_00	-815.818115234375	111.27909851074219	6.572020053863525	1.4984625577926636	0.9999901056289673	1.0	-0.0360107421875	0.0	0.5202522277832031	9.177597999572754
528811520	XO_CT_CAMPUSSMACKTREEB_1B_JG_00	Tree_1953_XO_CT_CAMPUSSMACKTREEB_1B_JG_00	-806.7396240234375	111.45156860351562	1.532529354095459	1.4984625577926636	0.9999901056289673	1.0	-0.0360107421875	0.0	0.5202522277832031	9.177597999572754
528811584	XO_CT_CAMPUSSMACKTREEB_1B_JG_00	Tree_1953_XO_CT_CAMPUSSMACKTREEB_1B_JG_00	-770.5850830078125	111.79973602294922	-12.471014022827148	1.4984625577926636	0.9999901056289673	1.0	-0.0360107421875	0.0	0.5202522277832031	9.177597999572754
528811648	XO_CT_CAMPUSSMACKTREEB_1B_JG_00	Tree_1953_XO_CT_CAMPUSSMACKTREEB_1B_JG_00	-762.7481689453125	112.09284973144531	-17.766653060913086	1.4984625577926636	0.9999901056289673	1.0	-0.0360107421875	0.0	0.5202522277832031	9.177597999572754
