tick,time,measurement_time,pos_x,pos_y,pos_z,vel_x,vel_y,vel_z,accel_x,accel_y,accel_z,speed_kph,forward_speed_kph,lateral_speed_mps,yaw_rate_rad_s,lateral_accel_mps2,slip_angle_deg,slip_angle_valid,airborne,grounded_wheels,engine_rpm,engine_torque,drivetrain_torque,gear,shifting,nitrous_active,nitrous_seconds,raw_steering,raw_throttle,raw_brake,raw_handbrake,raw_nitrous,final_steering,final_throttle,final_brake,final_handbrake,final_nitrous,handling,assist_yaw_torque,average_longitudinal_slip
52,1.0399996,0.0399996042,4.784309E-09,0.676981032,17.8185463,5.699517E-09,0.0588636734,12.0281706,-5.537264E-08,-0.23693946,-9.492397,43.9854622,43.9687843,1.09943263E-08,-6.46328058E-09,-5.95647549E-08,5.23895132E-08,1,0,4,900,0,0,1,0,0,0,0,0,0,0,0,0,0,0.78,0,0,Grip,4.952769E-06,0.391305447
53,1.05999959,0.0599995852,4.90536367E-09,0.678072453,18.0551357,4.447133E-09,0.0543307364,11.8275919,-6.26192E-08,-0.226646855,-10.0289345,43.30193,43.28583,1.11633476E-08,-6.48195675E-09,-6.833111E-08,5.40968266E-08,1,0,4,1013.39856,-0.755990446,-7.0532093,1,0,0,0,0,0,0,0,0,0,0,0.559999943,0,0,Grip,4.88624E-06,0.292049348
54,1.07999957,0.0799995661,4.979229E-09,0.6790763,18.2879868,3.33541883E-09,0.04993698,11.64058,-5.55857049E-08,-0.219687819,-9.350586,42.57978,42.564167,1.1980025E-08,-8.730524E-09,-6.254452E-08,5.89868421E-08,1,0,4,1395.2168,-3.30144525,-30.8016911,1,0,0,0,0,0,0,0,0,0,0,0.339999944,0,0,Grip,4.90035927E-06,0.05763161
55,1.09999955,0.09999955,5.04952924E-09,0.679979563,18.5194054,1.91495575E-09,0.0457342528,11.5755281,-7.102316E-08,-0.210136369,-3.25260162,41.90647,41.8913155,1.22435857E-08,-7.573712E-09,-7.39311048E-08,6.062244E-08,1,0,4,1777.03491,-5.84689951,-54.5501671,1,0,0,0,0,0,0,0,0,0,0,0.119999945,0,0,Grip,6.600276E-06,0.0263246782
56,1.11999953,0.119999528,5.09618836E-09,0.680799663,18.7503471,4.96858E-10,0.0425505526,11.5595131,-7.090489E-08,-0.159185,-0.80075264,41.672226,41.6578255,1.23596182E-08,-6.805817E-09,-7.172822E-08,6.128023E-08,1,0,4,2158.853,-8.392353,-78.29864,1,0,0,0,0,0,0,0,0,0,0,0,0,0,Grip,5.725726E-06,0.003201317
57,1.13999951,0.139999509,5.111008E-09,0.68158114,18.9809437,-1.00952535E-09,0.04138368,11.5482807,-7.531917E-08,-0.058343634,-0.5616188,41.61453,41.6012154,1.220867E-08,-6.021393E-09,-7.596325E-08,6.058895E-08,1,0,4,2540.67114,-10.9378071,-102.047112,1,0,0,0,0,0,0,0,0,0,0,0,0,0,Grip,5.14519752E-06,0.003606605
58,1.15999949,0.15999949,5.08639841E-09,0.682379,19.2112141,-2.58648813E-09,0.04272931,11.5358067,-7.884814E-08,0.06728154,-0.623703,41.5740776,41.561985,1.18382539E-08,-5.370355E-09,-7.962962E-08,5.881251E-08,1,0,4,2922.48926,-13.4832621,-125.7956,1,0,0,0,0,0,0,0,0,0,0,0,0,0,Grip,4.552173E-06,0.00396637572
59,1.17999947,0.179999471,5.080322E-09,0.6832462,19.4411621,-4.22731272E-09,0.0465459377,11.5222044,-8.204123E-08,0.190831348,-0.680112839,41.5291862,41.5182724,1.11456187E-08,-4.44434534E-09,-8.29511251E-08,5.54354038E-08,1,0,4,3304.30737,-16.0287151,-149.544067,1,0,0,0,0,0,0,0,0,0,0,0,0,0,Grip,4.059988E-06,0.00430702465
60,1.19999945,0.199999452,5.06879427E-09,0.6842276,19.6708012,-5.32011946E-09,0.0524347425,11.5080147,-5.464034E-08,0.29444024,-0.709486,41.4802742,41.47041,1.08865077E-08,-4.0147583E-09,-5.56432838E-08,5.421213E-08,1,0,4,3416.40479,-16.7760315,-156.516342,1,0,0,0,0,0,0,0,0,0,0,0,0,0,Grip,3.359925E-06,0.00431689527
61,1.21999943,0.219999433,5.051492E-09,0.6853553,19.9001522,-6.205004E-09,0.0598025769,11.4935522,-4.424423E-08,0.368391722,-0.72312355,41.42928,41.42032,1.06531139E-08,-3.27411986E-09,-4.5310415E-08,5.31155173E-08,1,0,4,3413.0542,-16.7536945,-156.307953,1,0,0,0,0,0,0,0,0,0,0,0,0,0,Grip,3.035157E-06,0.00421787752
62,1.23999941,0.239999413,4.98813568E-09,0.686647534,20.129221,-6.900419E-09,0.06798416,11.478837,-3.47707427E-08,0.409079,-0.735759735,41.377346,41.36914,1.05037286E-08,-2.734386E-09,-3.58936347E-08,5.243683E-08,1,0,4,3409.901,-16.7326736,-156.111832,1,0,0,0,0,0,0,0,0,0,0,0,0,0,Grip,2.47523462E-06,0.0041489
63,1.25999939,0.2599994,4.838633E-09,0.688109159,20.3580151,-7.817663E-09,0.0763259754,11.4638691,-4.58622047E-08,0.417090952,-0.7483959,41.3245354,41.3169632,1.0001683E-08,-1.9840487E-09,-4.703396E-08,4.99948349E-08,1,0,4,3406.161,-16.7077389,-155.8792,1,0,0,0,0,0,0,0,0,0,0,0,0,0,Grip,2.06719574E-06,0.004103768
64,1.27999938,0.279999375,4.678869E-09,0.6897331,20.58654,-9.238507E-09,0.08424062,11.4486589,-7.10421943E-08,0.395732373,-0.7605076,41.27084,41.2638054,8.88377549E-09,-1.548099E-09,-7.225589E-08,4.44650929E-08,1,0,4,3401.94922,-16.6796627,-155.617249,1,0,0,0,0,0,0,0,0,0,0,0,0,0,Grip,1.49994082E-06,0.00407798449
65,1.29999936,0.299999356,4.486165E-09,0.691501737,20.8147945,-1.02780229E-08,0.0912399441,11.4332247,-5.19758032E-08,0.349966079,-0.771713257,41.2162857,41.2097244,8.077662E-09,-1.21175414E-09,-5.32258362E-08,4.04843057E-08,1,0,4,3397.35449,-16.64903,-155.331451,1,0,0,0,0,0,0,0,0,0,0,0,0,0,Grip,1.17036279E-06,0.00406749826
66,1.31999934,0.319999337,4.299298E-09,0.693389952,21.042778,-1.12671046E-08,0.0969517455,11.4175892,-4.9454087E-08,0.285590082,-0.7817745,41.16092,41.1547852,7.24394766E-09,-9.30246657E-10,-5.07342151E-08,3.635504E-08,1,0,4,3392.45581,-16.6163731,-155.026764,1,0,0,0,0,0,0,0,0,0,0,0,0,0,Grip,9.160861E-07,0.00406926963
67,1.33999932,0.339999318,4.05595468E-09,0.6953672,21.2704887,-1.185055E-08,0.101122968,11.4017792,-2.91722646E-08,0.208561122,-0.790500641,41.104805,41.09907,6.86054857E-09,-1.0067448E-09,-3.04827381E-08,3.44781839E-08,1,0,4,3387.32251,-16.58215,-154.707474,1,0,0,0,0,0,0,0,0,0,0,0,0,0,Grip,7.03266437E-07,0.004080316
68,1.3599993,0.3599993,3.79857168E-09,0.6974001,21.4979229,-1.27651605E-08,0.103614129,11.3858185,-4.573053E-08,0.124558061,-0.798034668,41.04802,41.0426865,6.14267837E-09,-9.927378E-10,-4.70693919E-08,3.091339E-08,1,0,4,3382.014,-16.5467587,-154.377289,1,0,0,0,0,0,0,0,0,0,0,0,0,0,Grip,7.61099045E-07,0.00409809127
69,1.37999928,0.37999928,3.48733487E-09,0.6994538,21.7250767,-1.35116327E-08,0.104387186,11.3697338,-3.73236126E-08,0.0386528671,-0.804233551,40.9906425,40.9857063,5.568733E-09,-7.893102E-10,-3.86861778E-08,2.80643366E-08,1,0,4,3376.58521,-16.5105686,-154.039642,1,0,0,0,0,0,0,0,0,0,0,0,0,0,Grip,7.50509741E-07,0.004120376
70,1.39999926,0.399999261,3.11697246E-09,0.7014952,21.9519463,-1.45168935E-08,0.103490919,11.353549,-5.026304E-08,-0.04481338,-0.809240341,40.932766,40.9282265,4.74527E-09,-7.412456E-10,-5.16471275E-08,2.39482656E-08,1,0,4,3371.07983,-16.4738655,-153.6972,1,0,0,0,0,0,0,0,0,0,0,0,0,0,Grip,5.96718451E-07,0.00414529629
71,1.41999924,0.419999242,2.762602E-09,0.7034923,22.1785259,-1.57625131E-08,0.101041846,11.337285,-6.228098E-08,-0.122453645,-0.8131981,40.8744736,40.87033,3.63228558E-09,-6.10285045E-10,-6.368223E-08,1.83574489E-08,1,0,4,3365.5376,-16.4369183,-153.3525,1,0,0,0,0,0,0,0,0,0,0,0,0,0,Grip,5.603817E-07,0.00417103851
72,1.43999922,0.439999223,2.387048E-09,0.705417633,22.4048119,-1.64692366E-08,0.09720922,11.320961,-3.533618E-08,-0.191631168,-0.816202164,40.8158455,40.8121,3.05779047E-09,-5.946898E-10,-3.67528123E-08,1.547615E-08,1,0,4,3359.99023,-16.3999348,-153.007446,1,0,0,0,0,0,0,0,0,0,0,0,0,0,Grip,4.613755E-07,0.0041961465
73,1.4599992,0.4599992,2.01372252E-09,0.707246542,22.6307983,-1.71616659E-08,0.09219615,11.3045931,-3.462146E-08,-0.250653565,-0.8183956,40.75696,40.75361,2.456705E-09,-4.465454E-10,-3.60495136E-08,1.24518582E-08,1,0,4,3354.46387,-16.3630924,-152.663727,1,0,0,0,0,0,0,0,0,0,0,0,0,0,Grip,4.49585485E-07,0.004219475
74,1.47999918,0.479999185,1.6390066E-09,0.708959937,22.8564835,-1.762112E-08,0.08622678,11.2881937,-2.29727348E-08,-0.2984684,-0.8199692,40.6978874,40.694912,2.05080219E-09,-2.948728E-10,-2.44085783E-08,1.04095843E-08,1,0,4,3348.97754,-16.3265171,-152.322479,1,0,0,0,0,0,0,0,0,0,0,0,0,0,Grip,3.37588318E-07,0.00424011657
75,1.49999917,0.499999166,1.25146271E-09,0.7105423,23.0818615,-1.79509456E-08,0.07953118,11.2717752,-1.64912528E-08,-0.3347803,-0.820922852,40.63868,40.6360664,1.74067338E-09,-1.37120926E-10,-1.79312689E-08,8.848248E-09,1,0,4,3343.54663,-16.29031,-151.98468,1,0,0,0,0,0,0,0,0,0,0,0,0,0,Grip,2.22923831E-07,0.00425733067
76,1.51999915,0.519999146,8.93624952E-10,0.7119837,23.30693,-1.82964381E-08,0.07233662,11.2553473,-1.72746262E-08,-0.35972783,-0.8213997,40.5794,40.57712,1.40538425E-09,-1.52403534E-10,-1.87179161E-08,7.15429849E-09,1,0,4,3338.18164,-16.2545433,-151.650986,1,0,0,0,0,0,0,0,0,0,0,0,0,0,Grip,1.03663417E-07,0.00427087257
77,1.53999913,0.5399991,5.797635E-10,0.7132776,23.5316887,-1.8252484E-08,0.06485709,11.2389183,2.19770868E-09,-0.373976678,-0.8214474,40.52009,40.51812,1.45115209E-09,-1.70665385E-10,7.519496E-10,7.3980635E-09,1,0,4,3332.887,-16.2192459,-151.321671,1,0,0,0,0,0,0,0,0,0,0,0,0,0,Grip,1.1521707E-07,0.00428045541
78,1.55999911,0.5599991,2.28425E-10,0.714422,23.7561283,-1.77991542E-08,0.0572888032,11.2224951,2.26664909E-08,-0.378414243,-0.82116127,40.4607773,40.45909,1.91569072E-09,-1.4426349E-10,2.12189022E-08,9.780579E-09,1,0,4,3327.66675,-16.1844463,-150.997,1,0,0,0,0,0,0,0,0,0,0,0,0,0,Grip,1.29023022E-07,0.00428623334
79,1.57999909,0.5799991,-1.26837152E-10,0.715418339,23.9802513,-1.78393762E-08,0.04980456,11.2060823,-2.0111024E-09,-0.374212116,-0.820636749,40.40151,40.4000664,1.91990424E-09,-2.88691626E-10,-3.46249429E-09,9.816426E-09,1,0,4,3322.51855,-16.1501236,-150.676773,1,0,0,0,0,0,0,0,0,0,0,0,0,0,Grip,1.09063194E-07,0.00428834325
80,1.59999907,0.59999907,-4.80865459E-10,0.7162707,24.2040539,-1.79079613E-08,0.04255149,11.1896849,-3.42925688E-09,-0.3626535,-0.8198738,40.3422928,40.3410759,1.86093985E-09,-1.37760719E-10,-4.88152629E-09,9.52886747E-09,1,0,4,3317.44067,-16.116272,-150.360947,1,0,0,0,0,0,0,0,0,0,0,0,0,0,Grip,2.18250861E-07,0.00428704731
81,1.619999,0.619999051,-8.526097E-10,0.7169858,24.427536,-1.79383832E-08,0.0356507227,11.1733055,-1.52109436E-09,-0.345038444,-0.8189678,40.2831573,40.28212,1.87443661E-09,-2.760275E-10,-2.9763878E-09,9.612029E-09,1,0,4,3312.429,-16.08286,-150.049225,1,0,0,0,0,0,0,0,0,0,0,0,0,0,Grip,1.041471E-07,0.004282984
82,1.639999,0.639999032,-1.22043E-09,0.7175728,24.6506939,-1.81358839E-08,0.02919696,11.1569462,-9.875034E-09,-0.3226881,-0.817966461,40.2241058,40.2232246,1.68517644E-09,-1.28510716E-10,-1.13306937E-08,8.654169E-09,1,0,4,3307.477,-16.0498466,-149.741211,1,0,0,0,0,0,0,0,0,0,0,0,0,0,Grip,2.086768E-07,0.004276371
83,1.659999,0.659999,-1.57468683E-09,0.718041062,24.87353,-1.82301818E-08,0.0232590344,11.14061,-4.714895E-09,-0.296896338,-0.816822052,40.1651421,40.1644,1.59690039E-09,-1.34967384E-10,-6.17063645E-09,8.212843E-09,1,0,4,3302.57837,-16.017189,-149.436523,1,0,0,0,0,0,0,0,0,0,0,0,0,0,Grip,9.71541E-08,0.00426783459
84,1.679999,0.679999,-1.921943E-09,0.7184024,25.09604,-1.81597475E-08,0.0178837739,11.124299,3.52171625E-09,-0.268763036,-0.8155346,40.10628,40.105648,1.67238667E-09,-1.36614914E-10,2.06617656E-09,8.613668E-09,1,0,4,3297.72681,-15.9848461,-149.134781,1,0,0,0,0,0,0,0,0,0,0,0,0,0,Grip,1.02035337E-07,0.00425762031
85,1.699999,0.699999,-2.27581354E-09,0.7186679,25.3182259,-1.80402182E-08,0.0130956816,11.1080141,5.97646377E-09,-0.239404619,-0.814247131,40.0475273,40.0469856,1.79674942E-09,-1.307411E-10,4.521153E-09,9.267756E-09,1,0,4,3292.91626,-15.952775,-148.835556,1,0,0,0,0,0,0,0,0,0,0,0,0,0,Grip,1.03280868E-07,0.004246212
86,1.719999,0.719998956,-2.61588817E-09,0.7188496,25.5400848,-1.802198E-08,0.008901655,11.0917559,9.118928E-10,-0.209701344,-0.812912,39.9888763,39.9884033,1.851653E-09,-2.8587166E-10,-5.45500645E-10,9.5649435E-09,1,0,4,3288.14038,-15.9209356,-148.538513,1,0,0,0,0,0,0,0,0,0,0,0,0,0,Grip,9.884027E-08,0.00423421338
87,1.73999894,0.739998937,-2.943591E-09,0.718959,25.76162,-1.7875518E-08,0.00529326266,11.0755243,7.32312E-09,-0.180419609,-0.811576843,39.9303322,39.92992,2.03373318E-09,-2.89243351E-10,5.86369264E-09,1.05208873E-08,1,0,4,3283.393,-15.8892879,-148.24324,1,0,0,0,0,0,0,0,0,0,0,0,0,0,Grip,2.16118963E-07,0.00422158465
88,1.75999892,0.7599989,-3.255077E-09,0.7190073,25.98283,-1.76534467E-08,0.00224896683,11.0593185,1.11035625E-08,-0.1522148,-0.8102894,39.87189,39.87152,2.29052688E-09,-2.94113955E-10,9.642065E-09,1.18666836E-08,1,0,4,3278.67,-15.8578,-147.949463,1,0,0,0,0,0,0,0,0,0,0,0,0,0,Grip,2.18667964E-07,0.00420901552
89,1.7799989,0.7799989,-3.54544927E-09,0.719005167,26.2037144,-1.7339449E-08,-0.000262304471,11.04314,1.56998858E-08,-0.125563562,-0.808906555,39.8135452,39.8132133,2.638517E-09,-3.00923619E-10,1.42365391E-08,1.36895562E-08,1,0,4,3273.96558,-15.826437,-147.65686,1,0,0,0,0,0,0,0,0,0,0,0,0,0,Grip,2.22350138E-07,0.00419641472
90,1.79999888,0.7999989,-3.81461529E-09,0.7189625,26.4242744,-1.691133E-08,-0.002279234,11.026989,2.14059881E-08,-0.100846477,-0.8075714,39.7553062,39.7549973,3.00152436E-09,1.39681225E-10,1.99479686E-08,1.55957682E-08,1,0,4,3269.27612,-15.7951736,-147.365173,1,0,0,0,0,0,0,0,0,0,0,0,0,0,Grip,2.27498248E-07,0.004184056
91,1.81999886,0.81999886,-4.06510159E-09,0.718888164,26.6445084,-1.63822964E-08,-0.00384571729,11.0108643,2.645164E-08,-0.07832417,-0.806236267,39.69716,39.6968727,3.46575924E-09,1.33466543E-10,2.49989274E-08,1.80342727E-08,1,0,4,3264.59888,-15.7639923,-147.074265,1,0,0,0,0,0,0,0,0,0,0,0,0,0,Grip,-1.05599E-07,0.004172161
92,1.83999884,0.839998841,-4.37708847E-09,0.7187904,26.86442,-1.58119775E-08,-0.00500819832,10.9947662,2.85159452E-08,-0.0581240542,-0.8049011,39.6391144,39.63884,3.97038669E-09,1.75675433E-10,2.70685074E-08,2.06903756E-08,1,0,4,3259.92969,-15.7328644,-146.783844,1,0,0,0,0,0,0,0,0,0,0,0,0,0,Grip,-1.00900706E-07,0.00416059652
93,1.85999882,0.8599988,-4.7027755E-09,0.7186762,27.08401,-1.60322244E-08,-0.00581522053,10.978693,-1.10123466E-08,-0.04035111,-0.803661346,39.58116,39.5808945,3.65140629E-09,3.283699E-10,-1.24523227E-08,1.90559675E-08,1,0,4,3255.2688,-15.7017918,-146.493942,1,0,0,0,0,0,0,0,0,0,0,0,0,0,Grip,-1.32810626E-07,0.004149639
94,1.8799988,0.8799988,-5.012797E-09,0.718551755,27.3032742,-1.62897287E-08,-0.006314344,10.9626446,-1.2875212E-08,-0.024956163,-0.80242157,39.5233,39.523037,3.26309113E-09,4.616709E-10,-1.43053969E-08,1.70543579E-08,1,0,4,3250.6123,-15.6707487,-146.204315,1,0,0,0,0,0,0,0,0,0,0,0,0,0,Grip,-2.4824763E-07,0.0041393037
95,1.89999878,0.8999988,-5.334532E-09,0.7184222,27.5222187,-1.62679168E-08,-0.00655211555,10.9466209,1.09059428E-09,-0.0118885888,-0.8011818,39.4655266,39.4652672,3.18704529E-09,3.16785265E-10,-3.32265826E-10,1.668129E-08,1,0,4,3245.95972,-15.6397314,-145.914932,1,0,0,0,0,0,0,0,0,0,0,0,0,0,Grip,-3.490232E-07,0.004129452
96,1.91999876,0.919998765,-5.65523539E-09,0.718292058,27.74084,-1.635076E-08,-0.006572388,10.9306211,-4.1421977E-09,-0.00101362821,-0.7999897,39.40784,39.40758,3.00673442E-09,3.12504522E-10,-5.557874E-09,1.57605626E-08,1,0,4,3241.30933,-15.6087284,-145.625687,1,0,0,0,0,0,0,0,0,0,0,0,0,0,Grip,-2.39489651E-07,0.004120266
97,1.93999875,0.939998746,-5.98086647E-09,0.7181648,27.95914,-1.63728835E-08,-0.00641656946,10.9146452,-1.1061374E-09,0.00779093243,-0.7987976,39.3502426,39.34998,2.85497137E-09,4.615416E-10,-2.51230747E-09,1.49869646E-08,1,0,4,3236.66113,-15.5777416,-145.3366,1,0,0,0,0,0,0,0,0,0,0,0,0,0,Grip,-2.36253413E-07,0.00411163829
98,1.95999873,0.9599987,-6.293374E-09,0.7180432,28.17712,-1.64108052E-08,-0.006122255,10.8986921,-1.89608329E-09,0.0147157116,-0.7976532,39.29273,39.29246,2.72089729E-09,3.00521968E-10,-3.2952836E-09,1.4304061E-08,1,0,4,3232.0144,-15.5467634,-145.047577,1,0,0,0,0,0,0,0,0,0,0,0,0,0,Grip,-3.48925454E-07,0.00410353951
99,1.97999871,0.9799987,-6.644627E-09,0.7179295,28.3947811,-1.62820477E-08,-0.00572324265,10.882762,6.43787246E-09,0.01995063,-0.7965088,39.2353,39.2350235,2.75329626E-09,3.24269972E-10,5.04559E-09,1.44955772E-08,1,0,4,3227.36938,-15.5157957,-144.758652,1,0,0,0,0,0,0,0,0,0,0,0,0,0,Grip,-2.271946E-07,0.004095832
100,1.99999869,0.9999987,-7.00275E-09,0.717824936,28.6121216,-1.6579385E-08,-0.005249441,10.8668528,-1.48668633E-08,0.0236900765,-0.795459747,39.177948,39.1776657,2.36026665E-09,3.223879E-10,-1.62524483E-08,1.24445467E-08,1,0,4,3222.72534,-15.4848356,-144.4698,1,0,0,0,0,0,0,0,0,0,0,0,0,0,Grip,-2.451481E-07,0.004088634
101,2.01999879,1.01999879,-7.344193E-09,0.7177309,28.8291435,-1.68318479E-08,-0.004726679,10.8509655,-1.2623147E-08,0.0261381045,-0.794363,39.1206741,39.1203842,2.04545E-09,1.57393487E-10,-1.40043683E-08,1.08004645E-08,1,0,4,3218.083,-15.453887,-144.181061,1,0,0,0,0,0,0,0,0,0,0,0,0,0,Grip,-2.43725253E-07,0.0040818355
102,2.03999877,1.03999877,-7.692234E-09,0.717647552,29.0458469,-1.68193228E-08,-0.004177329,10.8350992,6.262546E-10,0.0274674967,-0.793314,39.0634766,39.06318,1.96365058E-09,3.092693E-10,-7.48350437E-10,1.03837277E-08,1,0,4,3213.44141,-15.4229431,-143.892349,1,0,0,0,0,0,0,0,0,0,0,0,0,0,Grip,-1.18989476E-07,0.004075342
103,2.05999875,1.05999875,-8.05404454E-09,0.7175753,29.2622318,-1.686584E-08,-0.003619504,10.819253,-2.32587283E-09,0.0278912615,-0.7923126,39.00636,39.0060539,1.8234072E-09,3.152244E-10,-3.69399245E-09,9.65625E-09,1,0,4,3208.80225,-15.3920145,-143.6038,1,0,0,0,0,0,0,0,0,0,0,0,0,0,Grip,-2.33807583E-07,0.004069101
104,2.07999873,1.07999873,-8.372673E-09,0.717514038,29.478302,-1.70282686E-08,-0.00306848576,10.8034277,-8.121415E-09,0.02755091,-0.7912636,38.9493141,38.949,1.56846447E-09,2.83344348E-10,-9.483014E-09,8.318314E-09,1,0,4,3204.16479,-15.3610992,-143.315369,1,0,0,0,0,0,0,0,0,0,0,0,0,0,Grip,-2.38309639E-07,0.0040632016
105,2.09999871,1.09999871,-8.670106E-09,0.7174633,29.6940536,-1.6675596E-08,-0.002536191,10.7876215,1.76336279E-08,0.0266147442,-0.7903099,38.8923378,38.89202,1.79724147E-09,4.21063434E-10,1.62806941E-08,9.54559454E-09,1,0,4,3199.529,-15.3301935,-143.027023,1,0,0,0,0,0,0,0,0,0,0,0,0,0,Grip,-2.14208313E-07,0.004057493
106,2.11999869,1.11999869,-8.97348151E-09,0.7174226,29.9094887,-1.62033817E-08,-0.00203163084,10.7718363,2.36107134E-08,0.0252280049,-0.789260864,38.8354378,38.83511,2.14636842E-09,4.279628E-10,2.22665442E-08,1.14166019E-08,1,0,4,3194.89624,-15.2993088,-142.738876,1,0,0,0,0,0,0,0,0,0,0,0,0,0,Grip,-3.18323941E-07,0.004051889
107,2.13999867,1.13999867,-9.26749255E-09,0.7173912,30.12461,-1.5934603E-08,-0.00156141922,10.7560711,1.34389389E-08,0.02351058,-0.7882595,38.77861,38.77828,2.32505926E-09,2.737104E-10,1.210104E-08,1.23851933E-08,1,0,4,3190.2666,-15.2684441,-142.450912,1,0,0,0,0,0,0,0,0,0,0,0,0,0,Grip,-3.23539865E-07,0.004046446
108,2.15999866,1.15999866,-9.541593E-09,0.7173685,30.3394146,-1.56462416E-08,-0.00113008393,10.740324,1.44180667E-08,0.0215667654,-0.7873535,38.7218552,38.7215157,2.55600163E-09,1.14041707E-10,1.30838931E-08,1.3635348E-08,1,0,4,3185.64014,-15.2376013,-142.163162,1,0,0,0,0,0,0,0,0,0,0,0,0,0,Grip,-2.06925051E-07,0.00404116325
109,2.17999864,1.17999864,-9.798553E-09,0.717353463,30.5539055,-1.52392143E-08,-0.000740395742,10.724597,2.0351365E-08,0.01948441,-0.786352158,38.6651649,38.6648178,2.93785618E-09,-4.1249653E-11,1.9018719E-08,1.56953881E-08,1,0,4,3181.01733,-15.2067823,-141.875626,1,0,0,0,0,0,0,0,0,0,0,0,0,0,Grip,-8.621553E-08,0.00403592456
110,2.19999862,1.19999862,-1.00844728E-08,0.7173453,30.7680836,-1.47865178E-08,-0.000393322669,10.7088881,2.26348273E-08,0.0173536539,-0.785446167,38.6085472,38.6081963,3.397191E-09,-1.65522734E-10,2.13012132E-08,1.81759923E-08,1,0,4,3176.398,-15.1759863,-141.5883,1,0,0,0,0,0,0,0,0,0,0,0,0,0,Grip,3.11847366E-08,0.004030695
111,2.2199986,1.2199986,-1.03590452E-08,0.71734333,30.981945,-1.47900456E-08,-8.858176E-05,10.6931992,-1.76392234E-10,0.0152370455,-0.7844448,38.5519943,38.5516434,3.400081E-09,-1.71625908E-10,-1.51078872E-09,1.8218147E-08,1,0,4,3171.78345,-15.1452236,-141.3013,1,0,0,0,0,0,0,0,0,0,0,0,0,0,Grip,1.25135188E-07,0.00402553752
112,2.23999858,1.23999858,-1.06340048E-08,0.7173466,31.1954937,-1.46696992E-08,0.0001747356,10.6775293,6.01732E-09,0.0131658688,-0.783491135,38.4955177,38.4951553,3.49481066E-09,-1.98673474E-11,4.68441774E-09,1.87532052E-08,1,0,4,3167.17261,-15.1144848,-141.014511,1,0,0,0,0,0,0,0,0,0,0,0,0,0,Grip,1.29749182E-07,0.004020387
113,2.25999856,1.25999856,-1.08970379E-08,0.717354357,31.40873,-1.4583649E-08,0.000398580683,10.6618776,4.302514E-09,0.0111922547,-0.782585144,38.439106,38.43874,3.55529917E-09,-2.61419168E-11,2.97102831E-09,1.91057961E-08,1,0,4,3162.567,-15.0837793,-140.728043,1,0,0,0,0,0,0,0,0,0,0,0,0,0,Grip,1.50197135E-08,0.004015245
114,2.27999854,1.27999854,-1.116052E-08,0.717365861,31.6216526,-1.43917038E-08,0.00058551546,10.646245,9.597256E-09,0.009346739,-0.78163147,38.38276,38.3823929,3.69003672E-09,1.25602778E-10,8.269599E-09,1.98589785E-08,1,0,4,3157.96582,-15.0531044,-140.441849,1,0,0,0,0,0,0,0,0,0,0,0,0,0,Grip,1.97632879E-08,0.004010082
115,2.29999852,1.29999852,-1.14086331E-08,0.717380464,31.8342648,-1.42529171E-08,0.0007383849,10.6306305,6.939338E-09,0.0076434724,-0.7807255,38.32648,38.32612,3.803592E-09,-3.18999757E-11,5.61308733E-09,2.05001776E-08,1,0,4,3153.36938,-15.0224619,-140.15596,1,0,0,0,0,0,0,0,0,0,0,0,0,0,Grip,-9.49556949E-08,0.00400492363
116,2.3199985,1.3199985,-1.16478542E-08,0.717397332,32.0465622,-1.39902356E-08,0.0008603468,10.6150351,1.31340716E-08,0.006098094,-0.7797718,38.2702675,38.2699,4.104268E-09,-3.31431882E-10,1.180467E-08,2.21532268E-08,1,0,4,3148.77856,-14.9918566,-139.870422,1,0,0,0,0,0,0,0,0,0,0,0,0,0,Grip,2.411638E-08,0.003999712
117,2.33999848,1.33999848,-1.1884115E-08,0.7174162,32.2585526,-1.37259892E-08,0.000955050462,10.5994577,1.321232E-08,0.00473518437,-0.7788658,38.2141266,38.2137566,4.342814E-09,-3.008262E-11,1.18843708E-08,2.34752537E-08,1,0,4,3144.19263,-14.9612837,-139.58519,1,0,0,0,0,0,0,0,0,0,0,0,0,0,Grip,2.505625E-07,0.003994507
118,2.35999846,1.35999846,-1.21190569E-08,0.717436552,32.47023,-1.35054972E-08,0.00102534087,10.5838995,1.10246035E-08,0.00351452036,-0.77791214,38.1580467,38.15768,4.569147E-09,-1.76584483E-10,9.695877E-09,2.47350123E-08,1,0,4,3139.61182,-14.9307451,-139.300262,1,0,0,0,0,0,0,0,0,0,0,0,0,0,Grip,2.274246E-08,0.00398924528
119,2.37999845,1.37999845,-1.23451738E-08,0.7174579,32.6815948,-1.33394E-08,0.00107440574,10.5683594,8.304868E-09,0.00245324336,-0.777006149,38.1020355,38.10167,4.74079E-09,-1.7874624E-10,6.975308E-09,2.57019366E-08,1,0,4,3135.03662,-14.9002438,-139.0157,1,0,0,0,0,0,0,0,0,0,0,0,0,0,Grip,1.33497863E-07,0.0039840173
120,2.39999843,1.39999843,-1.25534365E-08,0.717479944,32.89265,-1.31275E-08,0.001105343,10.5528383,1.05949916E-08,0.00154686277,-0.7760525,38.046093,38.0457268,4.92648145E-09,-3.72319536E-11,9.267017E-09,2.67479372E-08,1,0,4,3130.4668,-14.8697786,-138.731461,1,0,0,0,0,0,0,0,0,0,0,0,0,0,Grip,1.35132154E-07,0.003978704
121,2.41999841,1.41999841,-1.27569528E-08,0.7175021,33.1033974,-1.27820936E-08,0.00112081913,10.5373354,1.72703185E-08,0.0007738068,-0.7751465,37.9902153,37.98985,5.214325E-09,1.13272579E-10,1.594616E-08,2.835241E-08,1,0,4,3125.90259,-14.83935,-138.447571,1,0,0,0,0,0,0,0,0,0,0,0,0,0,Grip,2.81473564E-08,0.003973362
122,2.43999839,1.43999839,-1.30323929E-08,0.7175244,33.31383,-1.2481487E-08,0.0011240216,10.5218515,1.50303325E-08,0.000160123454,-0.7741928,37.9344063,37.9340439,5.42659873E-09,3.10476783E-10,1.37123619E-08,2.95500513E-08,1,0,4,3121.34375,-14.808959,-138.164032,1,0,0,0,0,0,0,0,0,0,0,0,0,0,Grip,-8.563406E-08,0.00396805629
123,2.45999837,1.45999837,-1.32728948E-08,0.7175466,33.52396,-1.30188207E-08,0.00111709535,10.5063858,-2.68666867E-08,-0.0003463123,-0.7732868,37.8786659,37.8783,4.770153E-09,4.28579283E-10,-2.8176288E-08,2.60136712E-08,1,0,4,3116.79028,-14.7786016,-137.8808,1,0,0,0,0,0,0,0,0,0,0,0,0,0,Grip,-2.34720446E-07,0.003962691
124,2.47999835,1.47999835,-1.35015981E-08,0.7175687,33.73378,-1.296455E-08,0.00110234914,10.4909391,2.7135183E-09,-0.0007373106,-0.772333145,37.8229866,37.8226242,4.70619632E-09,4.19094454E-10,1.412306E-09,2.57026773E-08,1,0,4,3112.24268,-14.7482843,-137.597946,1,0,0,0,0,0,0,0,0,0,0,0,0,0,Grip,-3.24005924E-07,0.00395726645
125,2.49999833,1.49999833,-1.36836844E-08,0.7175902,33.94329,-1.27742172E-08,0.00108125748,10.4755106,9.516654E-09,-0.00105458312,-0.771427155,37.76738,37.76702,4.747873E-09,5.38268652E-10,8.22599E-09,2.59684825E-08,1,0,4,3107.701,-14.7180071,-137.315475,1,0,0,0,0,0,0,0,0,0,0,0,0,0,Grip,-3.16835383E-07,0.003951846
126,2.51999831,1.51999831,-1.38641418E-08,0.7176112,34.1524925,-1.2117221E-08,0.00105590583,10.4601011,3.284981E-08,-0.00126758241,-0.7704735,37.7118378,37.7114754,5.288552E-09,3.93210325E-10,3.15674065E-08,2.89683335E-08,1,0,4,3103.16431,-14.6877623,-137.0333,1,0,0,0,0,0,0,0,0,0,0,0,0,0,Grip,-4.069311E-07,0.00394642632
127,2.53999829,1.53999829,-1.40392427E-08,0.717631638,34.36138,-1.16431034E-08,0.00102782843,10.44471,2.37058817E-08,-0.00140386983,-0.7695675,37.6563644,37.656002,5.678305E-09,2.445005E-10,2.24293064E-08,3.11490567E-08,1,0,4,3098.63354,-14.6575575,-136.7515,1,0,0,0,0,0,0,0,0,0,0,0,0,0,Grip,-2.97267E-07,0.003940949
128,2.55999827,1.55999827,-1.42273429E-08,0.7176515,34.56997,-1.12520562E-08,0.0009981274,10.4293375,1.955236E-08,-0.001485052,-0.7686138,37.600956,37.6005974,5.985597E-09,2.56046184E-10,1.82816624E-08,3.28831433E-08,1,0,4,3094.1084,-14.627389,-136.470032,1,0,0,0,0,0,0,0,0,0,0,0,0,0,Grip,-1.84842378E-07,0.003935536
129,2.57999825,1.57999825,-1.43823939E-08,0.717670739,34.7782478,-1.11092495E-08,0.0009678008,10.4139833,7.14033277E-09,-0.00151632994,-0.7677078,37.5456123,37.5452576,6.045103E-09,2.35524E-10,5.87539839E-09,3.325902E-08,1,0,4,3089.58862,-14.5972576,-136.1889,1,0,0,0,0,0,0,0,0,0,0,0,0,0,Grip,-1.93570912E-07,0.003930063
130,2.59999824,1.59999824,-1.45732191E-08,0.7176894,34.98622,-1.06339684E-08,0.000937712437,10.3986483,2.37640574E-08,-0.00150441774,-0.76675415,37.4903374,37.4899826,6.46869225E-09,1.13680433E-10,2.25026486E-08,3.564201E-08,1,0,4,3085.07446,-14.5671635,-135.908142,1,0,0,0,0,0,0,0,0,0,0,0,0,0,Grip,-1.78056126E-07,0.0039246236
131,2.61999822,1.61999822,-1.47874708E-08,0.717707634,35.19389,-1.06877964E-08,0.0009084285,10.3833313,-2.69140266E-09,-0.00146419625,-0.76584816,37.43513,37.4347763,6.3943757E-09,-2.16964485E-11,-3.951658E-09,3.52845E-08,1,0,4,3080.566,-14.5371065,-135.627716,1,0,0,0,0,0,0,0,0,0,0,0,0,0,Grip,-8.59424E-08,0.003919189
132,2.6399982,1.6399982,-1.50053037E-08,0.717725158,35.40125,-1.0958626E-08,0.000880217,10.3680334,-1.3541479E-08,-0.00141057535,-0.7648945,37.3799934,37.37964,6.10301143E-09,-2.253897E-11,-1.48004977E-08,3.37264261E-08,1,0,4,3076.0625,-14.5070829,-135.3476,1,0,0,0,0,0,0,0,0,0,0,0,0,0,Grip,1.64025149E-08,0.0039136624
133,2.65999818,1.65999818,-1.52283839E-08,0.717742145,35.6083031,-1.11576188E-08,0.000853703532,10.3527536,-9.949641E-09,-0.00132567366,-0.7639885,37.32492,37.32457,5.8834253E-09,-2.14357334E-11,-1.12074954E-08,3.25609371E-08,1,0,4,3071.565,-14.4771,-135.067871,1,0,0,0,0,0,0,0,0,0,0,0,0,0,Grip,1.70394614E-08,0.00390823046
134,2.67999816,1.67999816,-1.546019E-08,0.717758656,35.815052,-1.13303384E-08,0.0008292903,10.337492,-8.635981E-09,-0.00122066122,-0.7630825,37.2699127,37.26956,5.65929259E-09,1.3093561E-10,-9.890393E-09,3.136675E-08,1,0,4,3067.073,-14.4471531,-134.788467,1,0,0,0,0,0,0,0,0,0,0,0,0,0,Grip,1.62054139E-08,0.00390277151
135,2.69999814,1.69999814,-1.57045417E-08,0.717774749,36.021492,-1.15186642E-08,0.0008070071,10.3222494,-9.41629E-09,-0.00111416157,-0.76212883,37.21497,37.21462,5.389089E-09,2.84473223E-10,-1.06649294E-08,2.99132452E-08,1,0,4,3062.58643,-14.4172421,-134.5094,1,0,0,0,0,0,0,0,0,0,0,0,0,0,Grip,-9.89873143E-08,0.00389725529
136,2.71999812,1.71999812,-1.596229E-08,0.717790365,36.22763,-1.175489E-08,0.0007868539,10.307025,-1.18113075E-08,-0.001007659,-0.761222839,37.1600952,37.1597481,5.102242E-09,1.39367212E-10,-1.30565558E-08,2.83628729E-08,1,0,4,3058.10522,-14.3873682,-134.2307,1,0,0,0,0,0,0,0,0,0,0,0,0,0,Grip,-2.15061746E-07,0.003891835
137,2.739998,1.7399981,-1.62336065E-08,0.717805743,36.4334679,-1.20420109E-08,0.0007690094,10.2918186,-1.43560275E-08,-0.0008922245,-0.760316849,37.10529,37.1049423,4.76477258E-09,1.4348063E-10,-1.55979E-08,2.65260471E-08,1,0,4,3053.62915,-14.3575277,-133.952286,1,0,0,0,0,0,0,0,0,0,0,0,0,0,Grip,-1.05361607E-07,0.00388638815
138,2.759998,1.75999808,-1.64839911E-08,0.717820644,36.639,-1.2365204E-08,0.000753146,10.2766314,-1.61596514E-08,-0.0007931696,-0.7593632,37.0505447,37.0501976,4.42202541E-09,-2.32340328E-11,-1.740035E-08,2.46543141E-08,1,0,4,3049.15845,-14.3277225,-133.67421,1,0,0,0,0,0,0,0,0,0,0,0,0,0,Grip,-1.08471355E-07,0.003880944
139,2.779998,1.77999806,-1.67356422E-08,0.7178354,36.84423,-1.2346657E-08,0.0007395616,10.2614622,9.273471E-10,-0.0006792194,-0.7584572,36.9958725,36.9955254,4.482068E-09,-3.194561E-10,-3.16763865E-10,2.50260133E-08,1,0,4,3044.69336,-14.2979555,-133.396484,1,0,0,0,0,0,0,0,0,0,0,0,0,0,Grip,1.75649291E-08,0.00387547119
140,2.799998,1.799998,-1.69873982E-08,0.717849851,37.0491562,-1.23623147E-08,0.0007277199,10.2463121,-7.82884868E-10,-0.0005920854,-0.7575035,36.94126,36.940918,4.47675763E-09,-1.68522071E-10,-2.02802886E-09,2.503332E-08,1,0,4,3040.234,-14.2682257,-133.119125,1,0,0,0,0,0,0,0,0,0,0,0,0,0,Grip,2.41508815E-07,0.003870037
141,2.819998,1.819998,-1.723179E-08,0.717864156,37.25378,-1.23774E-08,0.000717740157,10.2311792,-7.542855E-10,-0.0004989881,-0.7566452,36.8867226,36.8863754,4.53258053E-09,-4.695829E-10,-2.00509964E-09,2.53829615E-08,1,0,4,3035.779,-14.2385263,-132.842026,1,0,0,0,0,0,0,0,0,0,0,0,0,0,Grip,1.27402686E-07,0.00386463478
142,2.839998,1.839998,-1.74645418E-08,0.717878461,37.4581032,-1.232542E-08,0.0007094435,10.2160645,2.599032E-09,-0.000414831447,-0.7557392,36.8322449,36.8319,4.65451055E-09,-4.72905937E-10,1.34269351E-09,2.61043471E-08,1,0,4,3031.33032,-14.208869,-132.565338,1,0,0,0,0,0,0,0,0,0,0,0,0,0,Grip,3.5500463E-07,0.0038591763
143,2.859998,1.859998,-1.76845187E-08,0.7178924,37.66212,-1.21800685E-08,0.0007023236,10.2009687,7.26756433E-09,-0.000355995144,-0.754785538,36.777832,36.77749,3.16807913E-09,7.855419E-09,6.13169027E-09,1.77941413E-08,1,0,4,3026.88647,-14.1792431,-132.28894,1,0,0,0,0,0,0,0,0,0,0,0,0,0,Grip,3.57516882E-07,0.00385378581
144,2.879998,1.879998,-1.78927948E-08,0.717906237,37.8658333,-1.15754313E-08,0.000696633651,10.1858912,3.02318632E-08,-0.000284498674,-0.753879547,36.7234879,36.72315,3.8850887E-09,-6.77158662E-10,2.90873547E-08,2.18536655E-08,1,0,4,3022.44775,-14.1496525,-132.012863,1,0,0,0,0,0,0,0,0,0,0,0,0,0,Grip,-5.938697E-06,0.00384836644
145,2.899998,1.899998,-1.81561344E-08,0.71792,38.06925,-1.11629266E-08,0.0006921204,10.1708317,2.06252349E-08,-0.00022566237,-0.752973557,36.66921,36.66887,4.43903936E-09,-7.81721632E-10,1.94699457E-08,2.50066154E-08,1,0,4,3018.01465,-14.1200972,-131.737122,1,0,0,0,0,0,0,0,0,0,0,0,0,0,Grip,5.11931944E-07,0.00384295313
146,2.919998,1.91999793,-1.84165643E-08,0.7179337,38.2723656,-1.15374217E-08,0.0006885604,10.1557913,-1.87247551E-08,-0.000177999027,-0.7520199,36.614994,36.6146545,4.17416324E-09,-6.34009567E-10,-1.9888402E-08,2.3549303E-08,1,0,4,3013.58667,-14.0905781,-131.461716,1,0,0,0,0,0,0,0,0,0,0,0,0,0,Grip,5.90981529E-07,0.00383757683
147,2.939998,1.93999791,-1.86608649E-08,0.717947364,38.47518,-1.17707071E-08,0.0006858346,10.1407681,-1.16642696E-08,-0.000136290328,-0.7511616,36.56085,36.56051,4.04918943E-09,-6.42554565E-10,-1.283633E-08,2.28780834E-08,1,0,4,3009.16382,-14.0610924,-131.186615,1,0,0,0,0,0,0,0,0,0,0,0,0,0,Grip,4.793112E-07,0.0038322038
148,2.959998,1.95999789,-1.890694E-08,0.717960954,38.6776962,-1.17700392E-08,0.000683794,10.1257629,3.339551E-11,-0.000102032209,-0.7502556,36.5067635,36.506424,4.126756E-09,-4.88203034E-10,-1.1446819E-09,2.335089E-08,1,0,4,3004.74634,-14.031642,-130.91185,1,0,0,0,0,0,0,0,0,0,0,0,0,0,Grip,4.85771238E-07,0.00382683869
149,2.97999787,1.97999787,-1.914406E-08,0.717974544,38.8799133,-1.18086465E-08,0.000682334241,10.1107759,-1.930367E-09,-7.2986586E-05,-0.7493496,36.4527473,36.452404,4.16405932E-09,-4.908415E-10,-3.11439141E-09,2.359689E-08,1,0,4,3000.334,-14.0022268,-130.637421,1,0,0,0,0,0,0,0,0,0,0,0,0,0,Grip,3.69081476E-07,0.003821447
150,2.99999785,1.99999785,-1.93894163E-08,0.7179881,39.08183,-1.17543966E-08,0.0006813661,10.095808,2.712497E-09,-4.84084E-05,-0.7483959,36.3987923,36.3984566,4.323338E-09,-6.303668E-10,1.52044244E-09,2.45358134E-08,1,0,4,2995.92676,-13.9728451,-130.3633,1,0,0,0,0,0,0,0,0,0,0,0,0,0,Grip,3.7107614E-07,0.00381612265
151,3.01999784,2.01999784,-1.963364E-08,0.7180016,39.2834473,-1.18359837E-08,0.000680785161,10.0808573,-4.079359E-09,-2.90456228E-05,-0.7475376,36.34491,36.34457,4.345533E-09,-6.27704833E-10,-5.27950661E-09,2.46983483E-08,1,0,4,2991.52515,-13.9435015,-130.089523,1,0,0,0,0,0,0,0,0,0,0,0,0,0,Grip,4.765573E-07,0.00381073938
152,3.03999782,2.03999782,-1.98629184E-08,0.7180152,39.4847641,-1.18983383E-08,0.000680472353,10.0659246,-3.1177283E-09,-1.56403985E-05,-0.7466316,36.2910843,36.29075,4.35573E-09,-4.846582E-10,-4.32358238E-09,2.47930316E-08,1,0,4,2987.12866,-13.9141912,-129.816071,1,0,0,0,0,0,0,0,0,0,0,0,0,0,Grip,4.74544834E-07,0.00380539661
153,3.0599978,2.0599978,-2.009198E-08,0.7180289,39.68578,-1.17878924E-08,0.0006803085,10.0510111,5.52229373E-09,-8.192728E-06,-0.745677948,36.2373276,36.23699,4.507867E-09,-3.31259659E-10,4.313099E-09,2.56970747E-08,1,0,4,2982.7373,-13.8849154,-129.542923,1,0,0,0,0,0,0,0,0,0,0,0,0,0,Grip,3.664016E-07,0.00380009133
154,3.07999778,2.07999778,-2.03057215E-08,0.7180424,39.8865,-1.17235119E-08,0.0006799659,10.0361147,3.219025E-09,-1.71305146E-05,-0.744819641,36.18364,36.1833038,4.643156E-09,-4.86410245E-10,2.00416417E-09,2.6507573E-08,1,0,4,2978.35083,-13.8556719,-129.2701,1,0,0,0,0,0,0,0,0,0,0,0,0,0,Grip,2.504323E-07,0.00379475765
155,3.09999776,2.09999776,-2.05179038E-08,0.7180559,40.0869255,-1.152798E-08,0.000679831835,10.0212364,9.77657955E-09,-6.702612E-06,-0.743913651,36.1300125,36.12968,4.878828E-09,-3.32781386E-10,8.558413E-09,2.78943677E-08,1,0,4,2973.97021,-13.8264675,-128.99762,1,0,0,0,0,0,0,0,0,0,0,0,0,0,Grip,3.6772613E-07,0.003789464
156,3.11999774,2.11999774,-2.071222E-08,0.718069434,40.2870522,-1.139182E-08,0.000679816934,10.0063763,6.808021E-09,-7.4505806E-07,-0.74300766,36.07645,36.07612,5.05447151E-09,-3.3984135E-10,5.586594E-09,2.89415123E-08,1,0,4,2969.59424,-13.7972956,-128.725449,1,0,0,0,0,0,0,0,0,0,0,0,0,0,Grip,2.51582719E-07,0.00378410984
157,3.13999772,2.13999772,-2.09003232E-08,0.7180829,40.48688,-1.1111819E-08,0.000679846737,9.991533,1.40000456E-08,1.49011612E-06,-0.742149353,36.022953,36.02262,5.343562E-09,-1.8904929E-10,1.27775373E-08,3.06422763E-08,1,0,4,2965.22388,-13.76816,-128.453629,1,0,0,0,0,0,0,0,0,0,0,0,0,0,Grip,2.5692006E-07,0.00377882831
158,3.1599977,2.1599977,-2.11302513E-08,0.718096435,40.6864166,-1.0861438E-08,0.000679951,9.976709,1.25190525E-08,5.212496E-06,-0.7411957,35.96952,35.9691849,5.632481E-09,-3.07316866E-10,1.129344E-08,3.2347053E-08,1,0,4,2960.8584,-13.7390566,-128.1821,1,0,0,0,0,0,0,0,0,0,0,0,0,0,Grip,1.42921266E-07,0.0037734902
159,3.17999768,2.17999768,-2.13591065E-08,0.718109965,40.8856544,-1.11714424E-08,0.0006799808,9.961903,-1.55002233E-08,1.49011612E-06,-0.7403374,35.916153,35.91582,5.330744E-09,-1.60854677E-10,-1.6726851E-08,3.065969E-08,1,0,4,2956.49829,-13.7099886,-127.910904,1,0,0,0,0,0,0,0,0,0,0,0,0,0,Grip,2.32331544E-07,0.00376822078
160,3.19999766,2.19999766,-2.15642757E-08,0.718123436,41.0846,-1.13499423E-08,0.000679951,9.947114,-8.924994E-09,-1.49011612E-06,-0.7394314,35.86285,35.86252,5.100918E-09,1.20971885E-10,-1.01481294E-08,2.93814679E-08,1,0,4,2952.143,-13.680954,-127.640015,1,0,0,0,0,0,0,0,0,0,0,0,0,0,Grip,1.21606135E-07,0.00376292737
161,3.21999764,2.21999764,-2.17509282E-08,0.718136966,41.2832451,-1.11819141E-08,0.00067989144,9.932343,8.401413E-09,-2.97732186E-06,-0.7385731,35.80961,35.80928,5.247408E-09,-3.791426E-11,7.179477E-09,3.02702077E-08,1,0,4,2947.793,-13.6519537,-127.369453,1,0,0,0,0,0,0,0,0,0,0,0,0,0,Grip,-9.14547442E-08,0.00375764025
162,3.23999763,2.23999763,-2.19274181E-08,0.7181505,41.4815941,-1.0862613E-08,0.0006797425,9.91759,1.59650515E-08,-7.44767E-06,-0.7376194,35.75643,35.7561035,5.51559065E-09,1.08879655E-10,1.47466741E-08,3.18645768E-08,1,0,4,2943.44849,-13.6229906,-127.099228,1,0,0,0,0,0,0,0,0,0,0,0,0,0,Grip,2.86631785E-08,0.00375236152
163,3.25999761,2.25999761,-2.21333227E-08,0.718164146,41.67965,-1.05318181E-08,0.000679519,9.902855,1.65397473E-08,-1.11729605E-05,-0.7367611,35.7033234,35.7029953,5.79556936E-09,1.30625746E-10,1.53247566E-08,3.3531883E-08,1,0,4,2939.10864,-13.5940571,-126.829285,1,0,0,0,0,0,0,0,0,0,0,0,0,0,Grip,-8.23130151E-08,0.003747119
164,3.27999759,2.27999759,-2.23531966E-08,0.7181777,41.87741,-1.06373346E-08,0.000678833865,9.888138,-5.275824E-09,-3.425812E-05,-0.7358551,35.6502762,35.64995,5.61007774E-09,2.86012325E-10,-6.485174E-09,3.250698E-08,1,0,4,2934.77417,-13.5651608,-126.559692,1,0,0,0,0,0,0,0,0,0,0,0,0,0,Grip,-9.875306E-08,0.00374185317
165,3.29999757,2.29999757,-2.25664376E-08,0.718191147,42.07488,-1.08377955E-08,0.00067822315,9.873438,-1.00230491E-08,-3.053574E-05,-0.7349968,35.5972939,35.59697,5.33016742E-09,2.7762E-10,-1.12268728E-08,3.093105E-08,1,0,4,2930.44482,-13.5362988,-126.290421,1,0,0,0,0,0,0,0,0,0,0,0,0,0,Grip,-2.16225317E-07,0.00373659329
166,3.31999755,2.31999755,-2.27774866E-08,0.7182046,42.2720528,-1.08699174E-08,0.0006775231,9.858756,-1.606093E-09,-3.50031769E-05,-0.7340908,35.5443764,35.54405,5.24848165E-09,1.25352742E-10,-2.80653345E-09,3.05023846E-08,1,0,4,2926.12085,-13.507472,-126.021469,1,0,0,0,0,0,0,0,0,0,0,0,0,0,Grip,-2.09880724E-07,0.00373130944
167,3.33999753,2.33999753,-2.29905961E-08,0.7182181,42.4689331,-1.08548894E-08,0.0006768081,9.844091,7.51398943E-10,-3.5748235E-05,-0.7332325,35.49152,35.4911957,5.24350252E-09,-2.26677652E-11,-4.47934162E-10,3.051884E-08,1,0,4,2921.80176,-13.4786787,-125.752838,1,0,0,0,0,0,0,0,0,0,0,0,0,0,Grip,-9.476667E-08,0.003726098
168,3.35999751,2.35999751,-2.32124524E-08,0.7182315,42.6655235,-1.08644844E-08,0.0006759591,9.829446,-4.797496E-10,-4.24508471E-05,-0.7322788,35.43873,35.4384,5.15535E-09,2.80464929E-10,-1.67345415E-09,3.00504759E-08,1,0,4,2917.48779,-13.4499178,-125.484505,1,0,0,0,0,0,0,0,0,0,0,0,0,0,Grip,1.713683E-08,0.0037207962
169,3.37999749,2.37999749,-2.34473667E-08,0.7182449,42.86182,-1.09501794E-08,0.000675125,9.814817,-4.28475033E-09,-4.170579E-05,-0.7314205,35.3860054,35.3856773,4.962436E-09,4.345124E-10,-5.47084023E-09,2.896909E-08,1,0,4,2913.179,-13.4211931,-125.216507,1,0,0,0,0,0,0,0,0,0,0,0,0,0,Grip,-2.1203148E-07,0.003715598
170,3.39999747,2.39999747,-2.37002773E-08,0.7182583,43.05782,-1.11292557E-08,0.0006742759,9.800206,-8.95381547E-09,-4.24537575E-05,-0.7305622,35.3333435,35.33302,4.67698946E-09,4.40655E-10,-1.01323456E-08,2.73434519E-08,1,0,4,2908.87549,-13.3925028,-124.948837,1,0,0,0,0,0,0,0,0,0,0,0,0,0,Grip,-3.28491353E-07,0.00371034257
171,3.41999745,2.41999745,-2.39433E-08,0.718271732,43.2535324,-1.14261827E-08,0.00067335245,9.785613,-1.48463464E-08,-4.6173227E-05,-0.7296562,35.2807426,35.28042,4.27449E-09,4.28033E-10,-1.60172959E-08,2.50275569E-08,1,0,4,2904.577,-13.3638468,-124.68148,1,0,0,0,0,0,0,0,0,0,0,0,0,0,Grip,-3.33135176E-07,0.00370516255
172,3.43999743,2.43999743,-2.4173417E-08,0.7182851,43.44895,-1.14836753E-08,0.0006722502,9.771037,-2.87463386E-09,-5.51139237E-05,-0.7287979,35.2282066,35.2278824,4.141298E-09,2.67810718E-10,-4.040304E-09,2.42838762E-08,1,0,4,2900.28345,-13.3352222,-124.414421,1,0,0,0,0,0,0,0,0,0,0,0,0,0,Grip,-3.23592928E-07,0.003699923
173,3.45999742,2.45999742,-2.43877931E-08,0.718298554,43.64408,-1.13661844E-08,0.000671118149,9.756478,5.87454529E-09,-5.660113E-05,-0.7279396,35.17573,35.17541,4.183571E-09,2.578467E-10,4.714121E-09,2.45683616E-08,1,0,4,2895.995,-13.3066339,-124.1477,1,0,0,0,0,0,0,0,0,0,0,0,0,0,Grip,-2.024649E-07,0.00369472546
174,3.4799974,2.4799974,-2.45503671E-08,0.7183119,43.83892,-1.11060858E-08,0.000669792469,9.741938,1.30049305E-08,-6.62839739E-05,-0.7270336,35.12332,35.1229973,4.397873E-09,7.862692E-11,1.184763E-08,2.58654183E-08,1,0,4,2891.71167,-13.2780781,-123.881279,1,0,0,0,0,0,0,0,0,0,0,0,0,0,Grip,-1.94932085E-07,0.00368953729
175,3.49999738,2.49999738,-2.46822029E-08,0.7183252,44.03347,-1.03526929E-08,0.00066836254,9.727414,3.7669647E-08,-7.149647E-05,-0.7261753,35.0709763,35.070652,5.10561726E-09,6.85007259E-11,3.65153845E-08,3.007274E-08,1,0,4,2887.43335,-13.2495556,-123.615173,1,0,0,0,0,0,0,0,0,0,0,0,0,0,Grip,-5.944195E-08,0.00368432328
176,3.51999736,2.51999736,-2.48124188E-08,0.7183385,44.22773,-9.526716E-09,0.000667111366,9.712908,4.12988328E-08,-6.255868E-05,-0.725317,35.01869,35.01837,5.91505778E-09,-7.1425435E-11,4.014544E-08,3.48924836E-08,1,0,4,2883.16016,-13.2210674,-123.349388,1,0,0,0,0,0,0,0,0,0,0,0,0,0,Grip,-5.17865466E-08,0.00367915141
177,3.53999734,2.53999734,-2.49434535E-08,0.7183517,44.4217,-8.989345E-09,0.0006657857,9.698419,2.68685518E-08,-6.62839739E-05,-0.7244587,34.96647,34.96615,6.46468745E-09,-2.12460313E-10,2.5713879E-08,3.819168E-08,1,0,4,2878.89185,-13.1926117,-123.0839,1,0,0,0,0,0,0,0,0,0,0,0,0,0,Grip,5.39976277E-08,0.0036739558
178,3.55999732,2.55999732,-2.50758241E-08,0.718364954,44.61538,-8.660567E-09,0.0006644749,9.68394852,1.64388947E-08,-6.55389158E-05,-0.723505,34.9143066,34.9139862,6.834199E-09,-3.54791918E-10,1.52809712E-08,4.04349834E-08,1,0,4,2874.62866,-13.16419,-122.818733,1,0,0,0,0,0,0,0,0,0,0,0,0,0,Grip,1.6061999E-07,0.00366876926
179,3.5799973,2.5799973,-2.520608E-08,0.718378067,44.8087654,-8.470267E-09,0.00066316413,9.669496,9.515011E-09,-6.55389158E-05,-0.7226467,34.8622131,34.8618927,7.007009E-09,-5.36838733E-11,8.358034E-09,4.151939E-08,1,0,4,2870.37061,-13.1358051,-122.553909,1,0,0,0,0,0,0,0,0,0,0,0,0,0,Grip,2.682227E-07,0.00366358832
180,3.59999728,2.59999728,-2.53289851E-08,0.7183913,45.0018654,-8.309544E-09,0.0006619725,9.65506,8.03614952E-09,-5.958136E-05,-0.7217884,34.8101845,34.8098679,7.15015E-09,-5.574689E-11,6.88012758E-09,4.24308979E-08,1,0,4,2866.11768,-13.1074514,-122.289375,1,0,0,0,0,0,0,0,0,0,0,0,0,0,Grip,4.05850074E-08,0.003658452
181,3.61999726,2.61999726,-2.54363748E-08,0.7184044,45.19468,-8.109213E-09,0.0006607064,9.640641,1.00165654E-08,-6.330374E-05,-0.7209301,34.758213,34.7579,7.332792E-09,-6.234708E-11,8.861507E-09,4.357983E-08,1,0,4,2861.86963,-13.07913,-122.025146,1,0,0,0,0,0,0,0,0,0,0,0,0,0,Grip,4.214465E-08,0.00365329022
182,3.63999724,2.63999724,-2.55838515E-08,0.7184175,45.3872032,-7.790107E-09,0.000659485,9.62624,1.59552815E-08,-6.107148E-05,-0.7200718,34.7063065,34.70599,7.662865E-09,-1.8189085E-10,1.47990509E-08,4.560963E-08,1,0,4,2857.62671,-13.0508442,-121.761246,1,0,0,0,0,0,0,0,0,0,0,0,0,0,Grip,4.713439E-08,0.003648104
183,3.65999722,2.65999722,-2.57414019E-08,0.718430638,45.57944,-8.042611E-09,0.0006582636,9.61185551,-1.262519E-08,-6.106857E-05,-0.7192135,34.65446,34.65415,7.449617E-09,-3.26181276E-10,-1.37847076E-08,4.440673E-08,1,0,4,2853.389,-13.0225925,-121.497658,1,0,0,0,0,0,0,0,0,0,0,0,0,0,Grip,1.37509474E-07,0.003642995
184,3.67999721,2.67999721,-2.5899336E-08,0.7184438,45.77139,-8.309331E-09,0.0006570124,9.597489,-1.3335999E-08,-6.25615939E-05,-0.7183075,34.60268,34.6023636,7.2501054E-09,-4.75649353E-10,-1.450082E-08,4.328214E-08,1,0,4,2849.15576,-12.9943714,-121.234367,1,0,0,0,0,0,0,0,0,0,0,0,0,0,Grip,2.46593032E-07,0.0036378284
185,3.69999719,2.69999719,-2.60510884E-08,0.718456864,45.96305,-8.480865E-09,0.000655567565,9.58314,-8.576695E-09,-7.224153E-05,-0.7174492,34.55096,34.5506439,7.144881E-09,-4.782134E-10,-9.746833E-09,4.271783E-08,1,0,4,2844.92773,-12.9661846,-120.97139,1,0,0,0,0,0,0,0,0,0,0,0,0,0,Grip,3.595909E-07,0.00363266934
186,3.71999717,2.71999717,-2.6216231E-08,0.718469858,46.1544266,-8.51790549E-09,0.000654122734,9.568809,-1.85202964E-09,-7.224153E-05,-0.7165909,34.4993057,34.49899,7.173285E-09,-4.670404E-10,-3.027419E-09,4.29518856E-08,1,0,4,2840.70532,-12.938035,-120.708763,1,0,0,0,0,0,0,0,0,0,0,0,0,0,Grip,3.61529317E-07,0.003627554
187,3.73999715,2.73999715,-2.63841571E-08,0.718482852,46.3455162,-8.698623E-09,0.0006529013,9.554494,-9.035883E-09,-6.107148E-05,-0.7157326,34.44771,34.4474,7.02869141E-09,-3.154718E-10,-1.021433E-08,4.214915E-08,1,0,4,2836.48779,-12.9099178,-120.446434,1,0,0,0,0,0,0,0,0,0,0,0,0,0,Grip,3.53082527E-07,0.00362241454
188,3.75999713,2.75999713,-2.65079532E-08,0.7184958,46.5363159,-8.838732E-09,0.0006517842,9.540196,-7.005463E-09,-5.585607E-05,-0.714874268,34.3961754,34.3958664,6.924031E-09,-3.421014E-10,-8.186924E-09,4.15837569E-08,1,0,4,2832.27466,-12.8818312,-120.184395,1,0,0,0,0,0,0,0,0,0,0,0,0,0,Grip,2.38496654E-07,0.00361731974
189,3.779997,2.779997,-2.66928666E-08,0.7185087,46.7268333,-8.412663E-09,0.000650681963,9.525916,2.13034923E-08,-5.51110134E-05,-0.714015961,34.3447075,34.3443947,7.41343342E-09,-4.45542159E-10,2.01169374E-08,4.458971E-08,1,0,4,2828.067,-12.85378,-119.922676,1,0,0,0,0,0,0,0,0,0,0,0,0,0,Grip,2.5862866E-07,0.0036121665
190,3.799997,2.799997,-2.687652E-08,0.718521655,46.9170647,-8.865349E-09,0.0006495946,9.511653,-2.26343388E-08,-5.43688657E-05,-0.713157654,34.2932968,34.2929878,6.99490066E-09,-2.99942821E-10,-2.38238034E-08,4.21354436E-08,1,0,4,2823.864,-12.8257608,-119.66127,1,0,0,0,0,0,0,0,0,0,0,0,0,0,Grip,3.36829856E-07,0.0036070575
191,3.819997,2.819997,-2.70727138E-08,0.7185345,47.1070137,-9.12482E-09,0.000648477464,9.497407,-1.29735334E-08,-5.585607E-05,-0.712299347,34.24195,34.241642,6.797311E-09,-4.42001435E-10,-1.41679877E-08,4.10066328E-08,1,0,4,2819.666,-12.7977734,-119.400154,1,0,0,0,0,0,0,0,0,0,0,0,0,0,Grip,2.26756768E-07,0.003601959
192,3.839997,2.839997,-2.72657754E-08,0.7185474,47.2966766,-9.43710354E-09,0.0006473752,9.483178,-1.56141766E-08,-5.51139237E-05,-0.71144104,34.1906624,34.1903534,6.4896E-09,-1.470768E-10,-1.68093237E-08,3.920902E-08,1,0,4,2815.47314,-12.7698212,-119.139366,1,0,0,0,0,0,0,0,0,0,0,0,0,0,Grip,3.34153071E-07,0.00359687046
193,3.859997,2.859997,-2.74680083E-08,0.7185602,47.4860573,-9.5856425E-09,0.000646258064,9.46896648,-7.426948E-09,-5.585607E-05,-0.710582733,34.13944,34.13913,6.34537045E-09,-1.42109283E-10,-8.622766E-09,3.839515E-08,1,0,4,2811.285,-12.7418995,-118.87886,1,0,0,0,0,0,0,0,0,0,0,0,0,0,Grip,1.11190054E-07,0.00359179266
194,3.879997,2.879997,-2.76610663E-08,0.7185732,47.67515,-9.78179E-09,0.000645170745,9.454772,-9.807355E-09,-5.43659553E-05,-0.7097244,34.08828,34.08797,6.181386E-09,-2.97815383E-10,-1.10059357E-08,3.74590527E-08,1,0,4,2807.102,-12.7140141,-118.6187,1,0,0,0,0,0,0,0,0,0,0,0,0,0,Grip,1.07434616E-07,0.00358669087
195,3.899997,2.899997,-2.79199188E-08,0.718586,47.8639641,-9.801005E-09,0.000643785461,9.440595,-9.60787E-10,-6.92642061E-05,-0.7088661,34.037178,34.03687,6.22201757E-09,-4.04210082E-10,-2.16420037E-09,3.77619E-08,1,0,4,2802.92383,-12.6861582,-118.35881,1,0,0,0,0,0,0,0,0,0,0,0,0,0,Grip,2.25148426E-07,0.00358163379
196,3.919997,2.919997,-2.82720229E-08,0.718598843,48.052494,-1.0594869E-08,0.0006424449,9.42643452,-3.96931839E-08,-6.702903E-05,-0.7080078,33.98614,33.9858322,5.51543877E-09,-5.025117E-10,-4.090348E-08,3.35239037E-08,1,0,4,2798.75073,-12.6583385,-118.099258,1,0,0,0,0,0,0,0,0,0,0,0,0,0,Grip,3.055828E-07,0.00357655319
197,3.939997,2.939997,-2.87115576E-08,0.718611538,48.2407379,-1.21911787E-08,0.000641089457,9.412292,-7.981549E-08,-6.777118E-05,-0.7071495,33.93516,33.9348564,4.00552747E-09,-4.64791872E-10,-8.10326E-08,2.438295E-08,1,0,4,2794.58252,-12.63055,-117.840004,1,0,0,0,0,0,0,0,0,0,0,0,0,0,Grip,3.79898836E-07,0.0035715173
198,3.959997,2.959997,-2.925761E-08,0.718624234,48.4287,-1.42150371E-08,0.0006398829,9.398165,-1.01192924E-07,-6.032642E-05,-0.7063389,33.8842468,33.88394,2.095219E-09,-5.696203E-10,-1.02418959E-07,1.27734534E-08,1,0,4,2790.41919,-12.6027946,-117.581047,1,0,0,0,0,0,0,0,0,0,0,0,0,0,Grip,3.51382653E-07,0.003566458
199,3.979997,2.979997,-2.98009919E-08,0.718637,48.61638,-1.67420957E-08,0.000638870057,9.384054,-1.2635293E-07,-5.06435754E-05,-0.705528259,33.8333931,33.8330879,-3.754348E-10,-3.00636654E-10,-1.27583618E-07,-2.29227082E-09,1,0,4,2786.26123,-12.5750751,-117.322433,1,0,0,0,0,0,0,0,0,0,0,0,0,0,Grip,4.30632923E-07,0.003561377
200,3.999997,2.999997,-3.03975618E-08,0.7186496,48.80378,-1.82908675E-08,0.000637723133,9.369961,-7.743859E-08,-5.73461875E-05,-0.704669952,33.7825928,33.78229,-1.84050641E-09,-4.33523967E-10,-7.867589E-08,-1.1254377E-08,1,0,4,2782.10742,-12.5473833,-117.064072,1,0,0,0,0,0,0,0,0,0,0,0,0,0,Grip,2.272813E-07,0.00355634373
201,4.019997,3.01999712,-3.099265E-08,0.718662262,48.9909,-1.99242969E-08,0.000636650657,9.355885,-8.167147E-08,-5.36238076E-05,-0.703811646,33.7318573,33.7315559,-3.446896E-09,-1.53798849E-10,-8.291113E-08,-2.11088818E-08,1,0,4,2777.95874,-12.5197258,-116.806038,1,0,0,0,0,0,0,0,0,0,0,0,0,0,Grip,3.27744118E-07,0.003551287
202,4.039997,3.039997,-3.15816351E-08,0.7186749,49.1777344,-2.09575912E-08,0.0006356378,9.34182549,-5.16647169E-08,-5.06435754E-05,-0.702953339,33.6811829,33.68088,-4.48137527E-09,-2.02290337E-11,-5.290461E-08,-2.74853615E-08,1,0,4,2773.8147,-12.4920979,-116.548271,1,0,0,0,0,0,0,0,0,0,0,0,0,0,Grip,1.16271927E-07,0.00354627566
203,4.059997,3.059997,-3.2162994E-08,0.718687534,49.36429,-2.15745324E-08,0.000634550466,9.327784,-3.084706E-08,-5.43659553E-05,-0.702095032,33.63057,33.63027,-5.127413E-09,1.1658588E-10,-3.208509E-08,-3.14950057E-08,1,0,4,2769.67578,-12.4645052,-116.29084,1,0,0,0,0,0,0,0,0,0,0,0,0,0,Grip,1.529315E-08,0.003541241
204,4.079997,3.079997,-3.27054153E-08,0.7187002,49.5505638,-2.19182361E-08,0.0006334035,9.313759,-1.71851866E-08,-5.73490979E-05,-0.7012367,33.58002,33.57972,-5.47240475E-09,-6.09330156E-11,-1.84234565E-08,-3.36647261E-08,1,0,4,2765.54175,-12.436944,-116.0337,1,0,0,0,0,0,0,0,0,0,0,0,0,0,Grip,-8.81389255E-08,0.00353618246
205,4.099997,3.099997,-3.32022019E-08,0.7187129,49.736557,-2.17347633E-08,0.000632241659,9.29975,9.17364E-09,-5.80912456E-05,-0.7004261,33.52953,33.52923,-5.318121E-09,6.262287E-11,7.937146E-09,-3.27649E-08,1,0,4,2761.41284,-12.40942,-115.776909,1,0,0,0,0,0,0,0,0,0,0,0,0,0,Grip,4.606536E-08,0.00353116938
206,4.119997,3.119997,-3.36836763E-08,0.718725443,49.9222679,-2.11419646E-08,0.0006306926,9.285759,2.9639935E-08,-7.7454024E-05,-0.6995678,33.4791,33.4787979,-4.74058837E-09,-1.42431032E-11,2.84042549E-08,-2.92507281E-08,1,0,4,2757.28882,-12.3819256,-115.520393,1,0,0,0,0,0,0,0,0,0,0,0,0,0,Grip,-4.734289E-08,0.00352617027
207,4.139997,3.139997,-3.41539419E-08,0.71873796,50.1077042,-2.06605755E-08,0.0006293818,9.271785,2.40694575E-08,-6.55389158E-05,-0.6987095,33.42873,33.4284325,-4.315906E-09,2.08098247E-10,2.28377139E-08,-2.66704578E-08,1,0,4,2753.16919,-12.3544617,-115.26416,1,0,0,0,0,0,0,0,0,0,0,0,0,0,Grip,1.07677858E-08,0.00352118188
208,4.159997,3.159997,-3.458538E-08,0.718750358,50.2928619,-2.02773E-08,0.0006280263,9.257827,1.91637817E-08,-6.777409E-05,-0.697898865,33.3784256,33.3781242,-4.250868E-09,1.60100411E-09,1.79556068E-08,-2.63081557E-08,1,0,4,2749.055,-12.327033,-115.008255,1,0,0,0,0,0,0,0,0,0,0,0,0,0,Grip,-1.57322276E-07,0.00351620559
209,4.179997,3.179997,-3.50041667E-08,0.7187629,50.47774,-1.955536E-08,0.0006269539,9.243885,3.60969921E-08,-5.36208972E-05,-0.697088242,33.3281746,33.327877,-3.77545462E-09,1.21939681E-09,3.49069929E-08,-2.34011139E-08,1,0,4,2744.94531,-12.2996359,-114.752647,1,0,0,0,0,0,0,0,0,0,0,0,0,0,Grip,-1.21035907E-06,0.00351117272
210,4.199997,3.199997,-3.54146579E-08,0.7187753,50.6623421,-1.89687448E-08,0.0006257921,9.22996,2.933076E-08,-5.80912456E-05,-0.696229935,33.2779846,33.2776871,-3.40566864E-09,1.06452624E-09,2.81567942E-08,-2.11409432E-08,1,0,4,2740.84058,-12.2722712,-114.497345,1,0,0,0,0,0,0,0,0,0,0,0,0,0,Grip,-9.21863943E-07,0.003506191
211,4.219997,3.219997,-3.581852E-08,0.7187877,50.8466644,-1.85147417E-08,0.0006247792,9.216053,2.27001529E-08,-5.06435754E-05,-0.6953716,33.2278557,33.227562,-3.15283977E-09,9.844896E-10,2.15410481E-08,-1.9601023E-08,1,0,4,2736.74023,-12.244935,-114.2423,1,0,0,0,0,0,0,0,0,0,0,0,0,0,Grip,-8.047818E-07,0.003501148
212,4.239997,3.239997,-3.62156776E-08,0.7188001,51.03071,-1.81592572E-08,0.0006236918,9.202162,1.77742265E-08,-5.43688657E-05,-0.694561,33.17779,33.177494,-2.94195246E-09,6.805754E-10,1.66256449E-08,-1.83175572E-08,1,0,4,2732.64526,-12.2176361,-113.98761,1,0,0,0,0,0,0,0,0,0,0,0,0,0,Grip,-7.44274132E-07,0.0034962222
213,4.259997,3.259997,-3.66044119E-08,0.7188125,51.2144737,-1.78726847E-08,0.0006226194,9.188288,1.43286272E-08,-5.36208972E-05,-0.6937027,33.12778,33.1274872,-2.71668377E-09,2.28048386E-10,1.31843647E-08,-1.69405023E-08,1,0,4,2728.555,-12.1903658,-113.733185,1,0,0,0,0,0,0,0,0,0,0,0,0,0,Grip,-5.14514966E-07,0.00349127548
214,4.279997,3.27999687,-3.69824171E-08,0.718824863,51.39796,-1.7622769E-08,0.000621502229,9.17443,1.24957822E-08,-5.585898E-05,-0.6928921,33.0778351,33.07754,-2.52765986E-09,2.23029137E-10,1.13557332E-08,-1.57856075E-08,1,0,4,2724.46948,-12.1631289,-113.479073,1,0,0,0,0,0,0,0,0,0,0,0,0,0,Grip,-1.72404569E-07,0.003486305
215,4.299997,3.29999685,-3.7345977E-08,0.7188372,51.58117,-1.73601862E-08,0.0006204298,9.160588,1.31291422E-08,-5.36208972E-05,-0.692081451,33.0279465,33.0276527,-2.33921149E-09,2.9030725E-10,1.19943095E-08,-1.46307952E-08,1,0,4,2720.38916,-12.1359272,-113.225288,1,0,0,0,0,0,0,0,0,0,0,0,0,0,Grip,-1.68610029E-07,0.00348134618
216,4.319997,3.31999683,-3.769058E-08,0.718849659,51.7641029,-1.70392784E-08,0.000619387138,9.146764,1.60453872E-08,-5.213369E-05,-0.691223145,32.9781151,32.97782,-2.06468265E-09,1.31925457E-10,1.49137538E-08,-1.29332483E-08,1,0,4,2716.31372,-12.108758,-112.9718,1,0,0,0,0,0,0,0,0,0,0,0,0,0,Grip,-2.1947227E-07,0.0034763685
217,4.339997,3.33999681,-3.80417156E-08,0.718861938,51.9467621,-1.66344165E-08,0.000618091261,9.132956,2.02430961E-08,-6.479386E-05,-0.6904125,32.92835,32.9280548,-1.67872649E-09,-8.798592E-12,1.91125125E-08,-1.05315019E-08,1,0,4,2712.24243,-12.0816164,-112.718582,1,0,0,0,0,0,0,0,0,0,0,0,0,0,Grip,-9.97356437E-08,0.003471441
218,4.359997,3.3599968,-3.839784E-08,0.7188742,52.1291466,-1.64885936E-08,0.000616869831,9.119164,7.29114547E-09,-6.107148E-05,-0.6895542,32.87864,32.8783455,-1.56536473E-09,7.04826336E-11,6.16271834E-09,-9.835178E-09,1,0,4,2708.176,-12.0545073,-112.46566,1,0,0,0,0,0,0,0,0,0,0,0,0,0,Grip,6.65173561E-09,0.003466525
219,4.379997,3.37999678,-3.875422E-08,0.7188865,52.3112526,-1.64709366E-08,0.000615708,9.10539,8.82849349E-10,-5.80912456E-05,-0.6887436,32.82899,32.8287,-1.58002944E-09,7.03898259E-11,-2.43507964E-10,-9.942335E-09,1,0,4,2704.1145,-12.0274305,-112.213036,1,0,0,0,0,0,0,0,0,0,0,0,0,0,Grip,-5.32848681E-08,0.0034615146
220,4.39999676,3.39999676,-3.910324E-08,0.718898654,52.493084,-1.6472125E-08,0.000614471734,9.091631,-5.94191363E-11,-6.18136255E-05,-0.687932968,32.7794,32.77911,-1.59987934E-09,-8.963678E-12,-1.18473864E-09,-1.00824753E-08,1,0,4,2700.058,-12.0003872,-111.960732,1,0,0,0,0,0,0,0,0,0,0,0,0,0,Grip,-5.32147055E-08,0.00345662516
221,4.41999674,3.41999674,-3.9467114E-08,0.7189109,52.67464,-1.6395596E-08,0.000613399257,9.077889,3.82645027E-09,-5.36238076E-05,-0.687074661,32.72987,32.72958,-1.55549262E-09,7.54843341E-11,2.70327116E-09,-9.817588E-09,1,0,4,2696.00635,-11.9733753,-111.708717,1,0,0,0,0,0,0,0,0,0,0,0,0,0,Grip,6.77654E-09,0.00345164351
222,4.43999672,3.43999672,-3.98082278E-08,0.718923032,52.8559227,-1.65366334E-08,0.0006123864,9.064164,-7.05187E-09,-5.06435754E-05,-0.686264038,32.6804,32.68011,-1.76905335E-09,2.82544654E-10,-8.16993051E-09,-1.11823955E-08,1,0,4,2691.95923,-11.9463949,-111.456993,1,0,0,0,0,0,0,0,0,0,0,0,0,0,Grip,-5.70661562E-08,0.003446781
223,4.4599967,3.4599967,-4.01425169E-08,0.7189352,53.03693,-1.63411418E-08,0.0006113735,9.050455,9.774581E-09,-5.06435754E-05,-0.6854534,32.63099,32.630703,-1.6186199E-09,1.30087788E-10,8.659563E-09,-1.02469855E-08,1,0,4,2687.917,-11.919446,-111.205566,1,0,0,0,0,0,0,0,0,0,0,0,0,0,Grip,-2.13603755E-07,0.003441862
224,4.47999668,3.47999668,-4.045793E-08,0.7189473,53.2176628,-1.61485048E-08,0.000610360643,9.036762,9.631851E-09,-5.06435754E-05,-0.6846428,32.58164,32.58135,-1.49771839E-09,2.68820022E-10,8.521898E-09,-9.495962E-09,1,0,4,2683.87964,-11.8925314,-110.95446,1,0,0,0,0,0,0,0,0,0,0,0,0,0,Grip,-9.834636E-08,0.003436958
225,4.49999666,3.49999666,-4.07718E-08,0.718959451,53.3981247,-1.58010565E-08,0.0006094669,9.023087,1.73724146E-08,-4.468602E-05,-0.6837845,32.5323448,32.5320549,-1.194624E-09,1.215098E-10,1.62655329E-08,-7.58573648E-09,1,0,4,2679.847,-11.8656454,-110.703621,1,0,0,0,0,0,0,0,0,0,0,0,0,0,Grip,-2.03227927E-07,0.00343203219
226,4.51999664,3.51999664,-4.10730543E-08,0.7189715,53.5783119,-1.5579392E-08,0.0006083796,9.009427,1.10832232E-08,-5.43659553E-05,-0.682973862,32.4831123,32.4828224,-1.0036727E-09,4.13136E-11,9.978305E-09,-6.382879E-09,1,0,4,2675.81885,-11.8387918,-110.453087,1,0,0,0,0,0,0,0,0,0,0,0,0,0,Grip,-9.186141E-08,0.003427155
227,4.53999662,3.53999662,-4.13802042E-08,0.718983769,53.75823,-1.529733E-08,0.0006073965,8.995783,1.41031187E-08,-4.915637E-05,-0.6822109,32.4339371,32.4336472,-7.521992E-10,4.804212E-11,1.3000081E-08,-4.79088325E-09,1,0,4,2671.79565,-11.8119707,-110.20285,1,0,0,0,0,0,0,0,0,0,0,0,0,0,Grip,-3.123308E-08,0.003422257
228,4.5599966,3.5599966,-4.168347E-08,0.7189958,53.93787,-1.52025734E-08,0.0006060559,8.982156,4.73781E-09,-6.702903E-05,-0.6813526,32.38482,32.38453,-7.01291469E-10,1.20887161E-10,3.63781472E-09,-4.47341941E-09,1,0,4,2667.77734,-11.785182,-109.952919,1,0,0,0,0,0,0,0,0,0,0,0,0,0,Grip,-3.631984E-08,0.00341734057
229,4.57999659,3.57999659,-4.19991046E-08,0.71900785,54.11724,-1.50940629E-08,0.00060476,8.968545,5.42552669E-09,-6.479386E-05,-0.680542,32.33576,32.3354759,-6.49714949E-10,2.03296852E-10,4.32949454E-09,-4.150711E-09,1,0,4,2663.76343,-11.7584229,-109.703262,1,0,0,0,0,0,0,0,0,0,0,0,0,0,Grip,-9.139069E-08,0.00341247232
230,4.59999657,3.59999657,-4.23137045E-08,0.7190199,54.29634,-1.517286E-08,0.000603479042,8.954949,-3.93987065E-09,-6.40488E-05,-0.679779053,32.2867622,32.2864761,-7.850778E-10,2.00336012E-10,-5.032041E-09,-5.02309261E-09,1,0,4,2659.75439,-11.7316952,-109.453896,1,0,0,0,0,0,0,0,0,0,0,0,0,0,Grip,-1.53692412E-07,0.00340765575
231,4.61999655,3.61999655,-4.2642867E-08,0.7190318,54.47517,-1.51987845E-08,0.000602198066,8.941371,-1.29620759E-09,-6.40488E-05,-0.678920746,32.2378159,32.2375336,-8.671659E-10,2.07521958E-10,-2.38438735E-09,-5.556735E-09,1,0,4,2655.75,-11.7050009,-109.204849,1,0,0,0,0,0,0,0,0,0,0,0,0,0,Grip,-1.51454017E-07,0.00340274815
232,4.63999653,3.63999653,-4.297149E-08,0.719043732,54.6537247,-1.53856519E-08,0.0006011256,8.927809,-9.34337052E-09,-5.36238076E-05,-0.6781101,32.1889343,32.18865,-1.09653708E-09,1.29138283E-10,-1.04286713E-08,-7.03720238E-09,1,0,4,2651.75,-11.6783333,-108.956047,1,0,0,0,0,0,0,0,0,0,0,0,0,0,Grip,-1.568866E-07,0.00339789
233,4.65999651,3.65999651,-4.3311605E-08,0.7190557,54.8320045,-1.54862931E-08,0.0006000681,8.914264,-5.03206365E-09,-5.287584E-05,-0.6772518,32.14011,32.1398239,-1.25268862E-09,2.08418172E-10,-6.113416E-09,-8.051545E-09,1,0,4,2647.75513,-11.651701,-108.707573,1,0,0,0,0,0,0,0,0,0,0,0,0,0,Grip,-9.76285364E-08,0.00339301024
234,4.67999649,3.67999649,-4.364448E-08,0.719067633,55.0100174,-1.56813638E-08,0.000599084946,8.900734,-9.753531E-09,-4.915637E-05,-0.6764889,32.0913467,32.09107,-1.50291335E-09,2.00244391E-10,-1.08311129E-08,-9.674525E-09,1,0,4,2643.765,-11.6250992,-108.459381,1,0,0,0,0,0,0,0,0,0,0,0,0,0,Grip,-1.57564131E-07,0.0033881804
235,4.69999647,3.69999647,-4.39797248E-08,0.7190795,55.1877632,-1.570318E-08,0.0005980572,8.88722,-1.09077192E-09,-5.13886334E-05,-0.675678253,32.04264,32.04236,-1.5662831E-09,1.256765E-10,-2.16553686E-09,-1.00977795E-08,1,0,4,2639.77954,-11.59853,-108.211494,1,0,0,0,0,0,0,0,0,0,0,0,0,0,Grip,-1.51384754E-07,0.003383332
236,4.71999645,3.71999645,-4.43292656E-08,0.7190914,55.36524,-1.5746588E-08,0.0005970741,8.873724,-2.1704416E-09,-4.915346E-05,-0.674819946,31.9939919,31.9937115,-1.65098335E-09,1.32980946E-10,-3.24232929E-09,-1.06600284E-08,1,0,4,2635.79883,-11.5719929,-107.963913,1,0,0,0,0,0,0,0,0,0,0,0,0,0,Grip,-9.501143E-08,0.00337846251
237,4.73999643,3.73999643,-4.467403E-08,0.7191032,55.5424423,-1.594938E-08,0.0005960165,8.860243,-1.01396225E-08,-5.287875E-05,-0.674057,31.945406,31.9451237,-1.894838E-09,1.26720523E-10,-1.12088E-08,-1.22531576E-08,1,0,4,2631.82251,-11.5454826,-107.716583,1,0,0,0,0,0,0,0,0,0,0,0,0,0,Grip,-1.0053359E-07,0.00337364245
238,4.75999641,3.75999641,-4.50214728E-08,0.7191152,55.71938,-1.60103291E-08,0.000595063262,8.846778,-3.047429E-09,-4.76633431E-05,-0.6732464,31.8968735,31.8965912,-1.99661E-09,1.26746683E-10,-4.113836E-09,-1.29309274E-08,1,0,4,2627.85132,-11.5190086,-107.469582,1,0,0,0,0,0,0,0,0,0,0,0,0,0,Grip,-9.58007149E-08,0.003368841
239,4.7799964,3.7799964,-4.537951E-08,0.71912694,55.8960457,-1.60818168E-08,0.0005937674,8.833328,-3.57438523E-09,-6.479386E-05,-0.672483444,31.8484,31.8481178,-2.12182E-09,2.05830547E-10,-4.637111E-09,-1.37627643E-08,1,0,4,2623.88452,-11.4925632,-107.222855,1,0,0,0,0,0,0,0,0,0,0,0,0,0,Grip,-9.582049E-08,0.00336398184
240,4.79999638,3.79999638,-4.57263774E-08,0.719138741,56.0724449,-1.62543454E-08,0.0005927098,8.819895,-8.626433E-09,-5.287875E-05,-0.6716728,31.79998,31.7997,-2.36085729E-09,2.699558E-10,-9.684427E-09,-1.53365551E-08,1,0,4,2619.92236,-11.4661493,-106.976418,1,0,0,0,0,0,0,0,0,0,0,0,0,0,Grip,-1.55607893E-07,0.00335917762
241,4.81999636,3.81999636,-4.60652068E-08,0.719150543,56.2485733,-1.62137983E-08,0.0005916225,8.8064785,2.027356E-09,-5.43659553E-05,-0.6708145,31.7516212,31.7513428,-2.36012365E-09,1.14964815E-10,9.721391E-10,-1.53551465E-08,1,0,4,2615.9646,-11.439764,-106.730247,1,0,0,0,0,0,0,0,0,0,0,0,0,0,Grip,-2.04086589E-07,0.00335438969
242,4.83999634,3.83999634,-4.63998866E-08,0.7191622,56.42443,-1.60967311E-08,0.0005904904,8.793077,5.85336224E-09,-5.660404E-05,-0.6700516,31.7033215,31.703043,-2.25647412E-09,-3.56980036E-11,4.798763E-09,-1.470317E-08,1,0,4,2612.01172,-11.4134111,-106.484383,1,0,0,0,0,0,0,0,0,0,0,0,0,0,Grip,-8.69133956E-08,0.00334954145
243,4.85999632,3.85999632,-4.67371279E-08,0.719174,56.6000252,-1.59884284E-08,0.0005894329,8.779693,5.415135E-09,-5.287584E-05,-0.669240952,31.6550789,31.6548,-2.14854712E-09,-1.07000173E-10,4.36023662E-09,-1.40212606E-08,1,0,4,2608.06372,-11.3870916,-106.238831,1,0,0,0,0,0,0,0,0,0,0,0,0,0,Grip,2.698769E-08,0.0033447484
244,4.8799963,3.8799963,-4.70834465E-08,0.7191857,56.7753525,-1.59695119E-08,0.00058828597,8.766324,9.458212E-10,-5.73461875E-05,-0.6684303,31.6068935,31.6066151,-2.14320472E-09,-2.61805074E-11,-1.083677E-10,-1.40077256E-08,1,0,4,2604.12,-11.3608007,-105.993546,1,0,0,0,0,0,0,0,0,0,0,0,0,0,Grip,8.089213E-08,0.00333997188
245,4.89999628,3.89999628,-4.744451E-08,0.7191974,56.9504128,-1.60783848E-08,0.0005872582,8.752971,-5.44364553E-09,-5.13886334E-05,-0.6676674,31.5587654,31.5584869,-2.26565522E-09,-1.84035582E-11,-6.49719656E-09,-1.48306372E-08,1,0,4,2600.18115,-11.33454,-105.748543,1,0,0,0,0,0,0,0,0,0,0,0,0,0,Grip,1.97924628E-08,0.00333517371
246,4.91999626,3.91999626,-4.78259032E-08,0.719208956,57.125206,-1.63326916E-08,0.0005862453,8.739634,-1.271534E-08,-5.06435754E-05,-0.666856766,31.5106945,31.51042,-2.52052423E-09,-8.344662E-11,-1.3769168E-08,-1.652415E-08,1,0,4,2596.24683,-11.3083124,-105.503838,1,0,0,0,0,0,0,0,0,0,0,0,0,0,Grip,1.39130893E-08,0.00333039532
247,4.93999624,3.93999624,-4.82009E-08,0.719220638,57.2997322,-1.67452932E-08,0.0005853665,8.726313,-2.06300754E-08,-4.39409632E-05,-0.666046143,31.46268,31.4624062,-2.93384783E-09,-9.175489E-11,-2.168417E-08,-1.92631919E-08,1,0,4,2592.31714,-11.282114,-105.259415,1,0,0,0,0,0,0,0,0,0,0,0,0,0,Grip,6.308564E-08,0.00332563277
248,4.959996,3.95999622,-4.853363E-08,0.719232261,57.47399,-1.69158252E-08,0.000584338733,8.713008,-8.526602E-09,-5.13886334E-05,-0.6652355,31.4147243,31.41445,-3.10532222E-09,-1.18800775E-10,-9.58094848E-09,-2.04202E-08,1,0,4,2588.392,-11.2559481,-105.015289,1,0,0,0,0,0,0,0,0,0,0,0,0,0,Grip,6.936669E-08,0.00332085229
249,4.979996,3.9799962,-4.88446865E-08,0.719244,57.6479874,-1.64984986E-08,0.000583340763,8.699719,2.086633E-08,-4.98985173E-05,-0.6644249,31.366827,31.3665524,-2.68913158E-09,-1.26100935E-10,1.98117434E-08,-1.77103949E-08,1,0,4,2584.47144,-11.22981,-104.771431,1,0,0,0,0,0,0,0,0,0,0,0,0,0,Grip,8.981338E-08,0.003316083
250,4.999996,3.99999619,-4.91319661E-08,0.719255567,57.8217163,-1.599991E-08,0.000582104432,8.686446,2.49293919E-08,-6.18165359E-05,-0.663661957,31.3189888,31.3187141,-2.20480523E-09,-5.926221E-11,2.38754918E-08,-1.45428514E-08,1,0,4,2580.556,-11.2037058,-104.527885,1,0,0,0,0,0,0,0,0,0,0,0,0,0,Grip,9.53323038E-08,0.0033113698
251,5.019996,4.019996,-4.93953429E-08,0.71926713,57.99518,-1.54204471E-08,0.0005809575,8.673189,2.897318E-08,-5.73461875E-05,-0.662851334,31.2712059,31.2709312,-1.67841119E-09,1.56795341E-10,2.79230079E-08,-1.10876863E-08,1,0,4,2576.64478,-11.1776314,-104.284615,1,0,0,0,0,0,0,0,0,0,0,0,0,0,Grip,4.480223E-08,0.00330652669
252,5.039996,4.039996,-4.95990662E-08,0.7192787,58.1683731,-1.47786956E-08,0.0005798553,8.659947,3.2087577E-08,-5.51110134E-05,-0.6620884,31.22348,31.22321,-1.06371E-09,-2.14014362E-11,3.10390647E-08,-7.037678E-09,1,0,4,2572.73828,-11.1515884,-104.041641,1,0,0,0,0,0,0,0,0,0,0,0,0,0,Grip,-1.18537272E-07,0.00330181234
253,5.059996,4.059996,-4.979683E-08,0.719290137,58.34131,-1.36554554E-08,0.000578753,8.646722,5.616201E-08,-5.51139237E-05,-0.6612778,31.17581,31.175539,6.800782E-12,1.3741043E-10,5.51172E-08,4.50639E-11,1,0,4,2568.83643,-11.125576,-103.79895,1,0,0,0,0,0,0,0,0,0,0,0,0,0,Grip,1.61794844E-08,0.00329707982
254,5.079996,4.079996,-5.00247879E-08,0.719301641,58.5139771,-1.29193047E-08,0.00057775504,8.633512,3.68075348E-08,-4.98985173E-05,-0.660514832,31.1281986,31.1279259,7.034435E-10,8.91687141E-11,3.57653569E-08,4.668347E-09,1,0,4,2564.939,-11.0995932,-103.556541,1,0,0,0,0,0,0,0,0,0,0,0,0,0,Grip,-1.03882279E-07,0.00329232682
255,5.099996,4.099996,-5.025964E-08,0.719313145,58.6863823,-1.28603856E-08,0.0005768018,8.620317,2.94595459E-09,-4.76633431E-05,-0.6597042,31.08064,31.08037,7.230625E-10,9.340315E-11,1.90646565E-09,4.80589168E-09,1,0,4,2561.04614,-11.0736408,-103.314407,1,0,0,0,0,0,0,0,0,0,0,0,0,0,Grip,-6.741155E-08,0.00328759523
256,5.119996,4.119996,-5.04990076E-08,0.7193245,58.8585243,-1.28907383E-08,0.0005757889,8.607139,-1.51763047E-09,-5.06435754E-05,-0.658941269,31.0331421,31.0328712,6.53613164E-10,9.51052E-11,-2.55451638E-09,4.35094272E-09,1,0,4,2557.15747,-11.0477161,-103.07254,1,0,0,0,0,0,0,0,0,0,0,0,0,0,Grip,-7.0612785E-08,0.00328287855
257,5.139996,4.139996,-5.07379561E-08,0.719336,59.0304031,-1.29430084E-08,0.0005748505,8.593976,-2.61350941E-09,-4.69211955E-05,-0.658130646,30.9856987,30.9854279,5.62440761E-10,9.35478847E-11,-3.64772923E-09,3.7497645E-09,1,0,4,2553.274,-11.0218267,-102.830994,1,0,0,0,0,0,0,0,0,0,0,0,0,0,Grip,-7.189953E-08,0.003278106
258,5.159996,4.159996,-5.09683922E-08,0.719347358,59.20202,-1.29463622E-08,0.000573941856,8.580829,-1.67688086E-10,-4.543108E-05,-0.6573677,30.9383125,30.9380455,5.075904E-10,1.62096891E-10,-1.19835053E-09,3.389265E-09,1,0,4,2549.39478,-10.995965,-102.589714,1,0,0,0,0,0,0,0,0,0,0,0,0,0,Grip,-7.07222E-08,0.00327342586
259,5.179996,4.179996,-5.12122753E-08,0.7193588,59.37337,-1.2816745E-08,0.0005730333,8.567698,6.48086029E-09,-4.542817E-05,-0.6565571,30.8909817,30.8907146,5.86049431E-10,1.70652145E-10,5.45381E-09,3.919146E-09,1,0,4,2545.52,-10.9701338,-102.348717,1,0,0,0,0,0,0,0,0,0,0,0,0,0,Grip,-1.22545245E-07,0.00326872757
260,5.199996,4.199996,-5.143401E-08,0.7193703,59.5444641,-1.28923627E-08,0.000572020363,8.554582,-3.78088671E-09,-5.06464858E-05,-0.655794144,30.84371,30.8434429,4.59556837E-10,1.55205987E-10,-4.80442131E-09,3.07795167E-09,1,0,4,2541.65,-10.9443321,-102.107994,1,0,0,0,0,0,0,0,0,0,0,0,0,0,Grip,-1.29013017E-07,0.003263971
261,5.219996,4.219996,-5.16823881E-08,0.719381452,59.7152939,-1.26317392E-08,0.0005707692,8.541482,1.30311761E-08,-6.255868E-05,-0.6549835,30.7964935,30.7962246,6.95088431E-10,2.45637972E-11,1.20092629E-08,4.6626E-09,1,0,4,2537.78467,-10.9185638,-101.867577,1,0,0,0,0,0,0,0,0,0,0,0,0,0,Grip,-1.17335723E-07,0.00325931
262,5.239996,4.239996,-5.192372E-08,0.719392955,59.8858566,-1.28103528E-08,0.0005699649,8.528397,-8.930678E-09,-4.02156729E-05,-0.654268265,30.7493343,30.7490673,5.168257E-10,-1.30790281E-10,-9.953071E-09,3.47214635E-09,1,0,4,2533.92358,-10.8928242,-101.627434,1,0,0,0,0,0,0,0,0,0,0,0,0,0,Grip,-1.857023E-08,0.00325462851
263,5.259996,4.259996,-5.21780841E-08,0.7194043,60.0561638,-1.28133273E-08,0.000568758347,8.515327,-1.48725476E-10,-6.032642E-05,-0.653457642,30.7022266,30.70196,5.013625E-10,-4.77229853E-11,-1.17046073E-09,3.37343065E-09,1,0,4,2530.06714,-10.8671141,-101.387566,1,0,0,0,0,0,0,0,0,0,0,0,0,0,Grip,9.887745E-08,0.00324989343
264,5.279996,4.279996,-5.24039052E-08,0.719415545,60.2262077,-1.29698039E-08,0.0005676263,8.502274,-7.82383047E-09,-5.660113E-05,-0.6526947,30.6551781,30.6549129,3.19634985E-10,7.89205853E-12,-8.84400553E-09,2.15397433E-09,1,0,4,2526.215,-10.8414345,-101.14798,1,0,0,0,0,0,0,0,0,0,0,0,0,0,Grip,3.60785748E-08,0.003245214
265,5.299996,4.299996,-5.26127231E-08,0.7194268,60.3959923,-1.26788127E-08,0.000566509145,8.489236,1.45495616E-08,-5.585898E-05,-0.6518841,30.6081848,30.60792,5.98047833E-10,-7.331055E-11,1.35300491E-08,4.0363477E-09,1,0,4,2522.36768,-10.8157845,-100.908669,1,0,0,0,0,0,0,0,0,0,0,0,0,0,Grip,-5.96639627E-09,0.00324055459
266,5.319996,4.319996,-5.282173E-08,0.7194381,60.5655174,-1.2287642E-08,0.000565466529,8.476213,1.95585326E-08,-5.213078E-05,-0.65112114,30.5612488,30.5609837,9.891954E-10,-1.424103E-10,1.85386462E-08,6.68654065E-09,1,0,4,2518.52441,-10.7901621,-100.669624,1,0,0,0,0,0,0,0,0,0,0,0,0,0,Grip,5.54227739E-08,0.00323583675
267,5.339996,4.339996,-5.30215729E-08,0.7194493,60.7347832,-1.2061367E-08,0.000564394053,8.463207,1.131375E-08,-5.36238076E-05,-0.6503105,30.5143681,30.5141029,1.202646E-09,-6.987957E-11,1.02945474E-08,8.14186851E-09,1,0,4,2514.68628,-10.764575,-100.4309,1,0,0,0,0,0,0,0,0,0,0,0,0,0,Grip,1.07662188E-07,0.00323117687
268,5.359996,4.359996,-5.32936362E-08,0.7194605,60.9037857,-1.18013928E-08,0.0005633961,8.450216,1.29987132E-08,-4.98985173E-05,-0.6495476,30.4675446,30.4672813,1.42469059E-09,1.259325E-10,1.19820616E-08,9.659931E-09,1,0,4,2510.85229,-10.7390156,-100.192436,1,0,0,0,0,0,0,0,0,0,0,0,0,0,Grip,5.28289519E-08,0.00322653516
269,5.379996,4.379996,-5.35772422E-08,0.719471633,61.07253,-1.25629915E-08,0.0005623981,8.437241,-3.807994E-08,-4.98985173E-05,-0.648784637,30.4207783,30.4205132,6.379324E-10,4.84974977E-11,-3.909502E-08,4.33207026E-09,1,0,4,2507.02319,-10.7134886,-99.95428,1,0,0,0,0,0,0,0,0,0,0,0,0,0,Grip,-9.520497E-08,0.00322183687
270,5.399996,4.399996,-5.38842855E-08,0.7194828,61.2410126,-1.31239295E-08,0.0005615342,8.42428,-2.80468981E-08,-4.31959052E-05,-0.6480217,30.3740654,30.3738041,5.19460031E-11,5.55335257E-11,-2.90604127E-08,3.53297475E-10,1,0,4,2503.19824,-10.6879883,-99.71636,1,0,0,0,0,0,0,0,0,0,0,0,0,0,Grip,-3.66641082E-08,0.00321723614
271,5.419996,4.419996,-5.42320677E-08,0.7194939,61.4092369,-1.373087E-08,0.0005607298,8.411336,-3.03470138E-08,-4.02185833E-05,-0.6472111,30.3274078,30.3271465,-5.798979E-10,7.237635E-11,-3.13588941E-08,-3.950097E-09,1,0,4,2499.37769,-10.6625175,-99.47873,1,0,0,0,0,0,0,0,0,0,0,0,0,0,Grip,-4.19833448E-08,0.003212618
272,5.439996,4.439996,-5.45744072E-08,0.7195052,61.5772057,-1.45922572E-08,0.0005598808,8.398407,-4.306937E-08,-4.24508471E-05,-0.646448135,30.28081,30.2805481,-1.42860479E-09,-1.6486798E-10,-4.40825829E-08,-9.746224E-09,1,0,4,2495.56177,-10.6370783,-99.24139,1,0,0,0,0,0,0,0,0,0,0,0,0,0,Grip,-5.47165158E-08,0.00320794038
273,5.45999575,4.45999575,-5.49177166E-08,0.7195163,61.744915,-1.50145887E-08,0.0005587934,8.385492,-2.11165752E-08,-5.43688657E-05,-0.6457329,30.2342644,30.2340031,-1.85101978E-09,-9.384726E-11,-2.21302123E-08,-1.26474706E-08,1,0,4,2491.75049,-10.6116705,-99.00434,1,0,0,0,0,0,0,0,0,0,0,0,0,0,Grip,1.246402E-07,0.00320332218
274,5.47999573,4.47999573,-5.52735244E-08,0.719527364,61.91237,-1.52732866E-08,0.0005577359,8.372594,-1.29348976E-08,-5.287584E-05,-0.644922256,30.18777,30.1875114,-2.09747331E-09,-1.63192571E-10,-1.39497587E-08,-1.43534935E-08,1,0,4,2487.9436,-10.58629,-98.76755,1,0,0,0,0,0,0,0,0,0,0,0,0,0,Grip,7.094853E-08,0.0031986502
275,5.49999571,4.49999571,-5.559048E-08,0.71953845,62.0795631,-1.5596699E-08,0.000556693238,8.359711,-1.617062E-08,-5.213369E-05,-0.6441593,30.1413364,30.141077,-2.44631249E-09,3.38619549E-11,-1.71838828E-08,-1.676648E-08,1,0,4,2484.141,-10.56094,-98.53103,1,0,0,0,0,0,0,0,0,0,0,0,0,0,Grip,1.23373582E-07,0.003194035
276,5.51999569,4.51999569,-5.59009976E-08,0.719549537,62.2465019,-1.52788253E-08,0.00055560586,8.346844,1.58936864E-08,-5.43688657E-05,-0.6433487,30.0949574,30.094696,-2.17863327E-09,1.8234185E-10,1.48840078E-08,-1.49548818E-08,1,0,4,2480.343,-10.53562,-98.2948,1,0,0,0,0,0,0,0,0,0,0,0,0,0,Grip,-2.5599638E-08,0.00318940217
277,5.53999567,4.53999567,-5.621659E-08,0.7195605,62.41318,-1.50205981E-08,0.000554518541,8.333991,1.29113609E-08,-5.43659553E-05,-0.642633438,30.0486374,30.04838,-1.957856E-09,1.12854684E-10,1.1904139E-08,-1.34601184E-08,1,0,4,2476.54956,-10.51033,-98.05885,1,0,0,0,0,0,0,0,0,0,0,0,0,0,Grip,-1.37850435E-07,0.00318478746
278,5.55999565,4.55999565,-5.65503235E-08,0.7195715,62.5796051,-1.49483377E-08,0.00055350567,8.321154,3.613021E-09,-5.06435754E-05,-0.6418705,30.002367,30.00211,-1.935196E-09,1.98222924E-10,2.60927324E-09,-1.33248568E-08,1,0,4,2472.7605,-10.4850693,-97.82318,1,0,0,0,0,0,0,0,0,0,0,0,0,0,Grip,-8.531814E-08,0.00318023539
279,5.57999563,4.57999563,-5.688535E-08,0.7195825,62.7457733,-1.51441135E-08,0.0005525226,8.308332,-9.788792E-09,-4.915346E-05,-0.6410599,29.956152,29.9558945,-2.19260521E-09,2.69697958E-10,-1.07880593E-08,-1.51205537E-08,1,0,4,2468.97583,-10.4598389,-97.58778,1,0,0,0,0,0,0,0,0,0,0,0,0,0,Grip,-1.49856533E-07,0.00317554921
280,5.59999561,4.59999561,-5.7229E-08,0.719593465,62.9116821,-1.52661315E-08,0.0005515246,8.295526,-6.10089756E-09,-4.99014277E-05,-0.6403446,29.909996,29.9097385,-2.38814479E-09,3.459675E-10,-7.09491133E-09,-1.6494452E-08,1,0,4,2465.19556,-10.4346371,-97.35266,1,0,0,0,0,0,0,0,0,0,0,0,0,0,Grip,-2.03891645E-07,0.00317095919
281,5.61999559,4.61999559,-5.7590924E-08,0.7196044,63.07733,-1.54418025E-08,0.0005505266,8.282735,-8.783552E-09,-4.98985173E-05,-0.639534,29.8638916,29.8636341,-2.62440647E-09,2.78096074E-10,-9.773156E-09,-1.81542568E-08,1,0,4,2461.42,-10.4094658,-97.11781,1,0,0,0,0,0,0,0,0,0,0,0,0,0,Grip,-2.61551435E-07,0.00316639314
282,5.63999557,4.63999557,-5.794845E-08,0.71961534,63.24273,-1.5779424E-08,0.000549618,8.2699585,-1.68810743E-08,-4.543108E-05,-0.638818741,29.8178444,29.8175869,-2.99755865E-09,1.20763149E-10,-1.78683486E-08,-2.076756E-08,1,0,4,2457.64844,-10.3843231,-96.88324,1,0,0,0,0,0,0,0,0,0,0,0,0,0,Grip,-2.10240628E-07,0.00316180685
283,5.65999556,4.65999556,-5.83056E-08,0.7196264,63.40787,-1.59173261E-08,0.0005486796,8.257197,-6.89510671E-09,-4.69182851E-05,-0.6380558,29.77185,29.771595,-3.18307869E-09,1.92450056E-10,-7.879041E-09,-2.20869527E-08,1,0,4,2453.88184,-10.3592119,-96.64896,1,0,0,0,0,0,0,0,0,0,0,0,0,0,Grip,-9.129694E-08,0.00315720541
284,5.67999554,4.67999554,-5.8665016E-08,0.719637036,63.57276,-1.59942957E-08,0.000547488,8.24445152,-3.848477E-09,-5.958136E-05,-0.637292862,29.72591,29.7256565,-3.31961747E-09,2.659648E-10,-4.82814544E-09,-2.30699868E-08,1,0,4,2450.11914,-10.3341274,-96.4149246,1,0,0,0,0,0,0,0,0,0,0,0,0,0,Grip,-1.45492237E-07,0.00315266522
285,5.69999552,4.69999552,-5.90337272E-08,0.7196481,63.7373962,-1.60703042E-08,0.0005468475,8.231721,-3.80042664E-09,-3.20229447E-05,-0.6365299,29.6800251,29.6797714,-3.40572015E-09,-2.873574E-11,-4.779649E-09,-2.370497E-08,1,0,4,2446.36084,-10.3090725,-96.18117,1,0,0,0,0,0,0,0,0,0,0,0,0,0,Grip,-2.01069383E-07,0.00314806751
286,5.7199955,4.7199955,-5.94204E-08,0.719659,63.9017754,-1.62537184E-08,0.000545760151,8.219006,-9.170709E-09,-5.43688657E-05,-0.635767,29.6341953,29.63394,-3.61147734E-09,5.43979826E-11,-1.01485345E-08,-2.51759982E-08,1,0,4,2442.60742,-10.28405,-95.9477158,1,0,0,0,0,0,0,0,0,0,0,0,0,0,Grip,2.17242189E-08,0.00314345234
287,5.73999548,4.73999548,-5.9798495E-08,0.7196698,64.0659,-1.66042291E-08,0.0005447473,8.2063055,-1.75255366E-08,-5.06435754E-05,-0.635004044,29.588419,29.5881653,-3.99648226E-09,1.19078247E-10,-1.85010265E-08,-2.79030257E-08,1,0,4,2438.85815,-10.2590542,-95.7145157,1,0,0,0,0,0,0,0,0,0,0,0,0,0,Grip,-4.11248742E-08,0.00313893775
288,5.75999546,4.75999546,-6.009991E-08,0.7196806,64.2297745,-1.66944183E-08,0.0005437344,8.193621,-4.50945947E-09,-5.06435754E-05,-0.6342411,29.5427,29.5424442,-4.10889E-09,-3.10078113E-12,-5.4835696E-09,-2.87322575E-08,1,0,4,2435.113,-10.234087,-95.481575,1,0,0,0,0,0,0,0,0,0,0,0,0,0,Grip,-9.002315E-08,0.00313436636
289,5.77999544,4.77999544,-6.03723E-08,0.7196914,64.3933945,-1.574666E-08,0.00054276624,8.18095,4.738787E-08,-4.84084E-05,-0.633525848,29.4970341,29.49678,-3.19550786E-09,6.522985E-11,4.641601E-08,-2.23798491E-08,1,0,4,2431.37256,-10.20915,-95.2489243,1,0,0,0,0,0,0,0,0,0,0,0,0,0,Grip,2.3441904E-09,0.00312981661
290,5.79999542,4.79999542,-6.061902E-08,0.7197021,64.55676,-1.48537609E-08,0.000541798,8.168296,4.4645E-08,-4.841131E-05,-0.6327152,29.45142,29.45117,-2.361161E-09,2.088216E-10,4.36774066E-08,-1.65620921E-08,1,0,4,2427.63672,-10.1842451,-95.01656,1,0,0,0,0,0,0,0,0,0,0,0,0,0,Grip,-4.93137655E-08,0.003125252
291,5.8199954,4.8199954,-6.083902E-08,0.7197129,64.71988,-1.402113E-08,0.0005409341,8.155656,4.16315444E-08,-4.31959052E-05,-0.631999969,29.4058647,29.4056129,-1.56243107E-09,5.25522577E-11,4.06661655E-08,-1.09764775E-08,1,0,4,2423.90479,-10.1593657,-94.78444,1,0,0,0,0,0,0,0,0,0,0,0,0,0,Grip,-1.57869124E-07,0.00312074623
292,5.83999538,4.83999538,-6.10334752E-08,0.719723642,64.88274,-1.320974E-08,0.00053999573,8.14303,4.05695033E-08,-4.69182851E-05,-0.6312847,29.3603611,29.36011,-7.726957E-10,-2.78293031E-11,3.96053927E-08,-5.43680123E-09,1,0,4,2420.17749,-10.1345167,-94.5526047,1,0,0,0,0,0,0,0,0,0,0,0,0,0,Grip,-3.97295068E-08,0.00311622582
293,5.85999537,4.85999537,-6.12014759E-08,0.7197344,65.04534,-1.24213022E-08,0.0005391318,8.13042,3.9421888E-08,-4.31959052E-05,-0.6305218,29.3149071,29.3146572,1.82902582E-11,-1.82869178E-10,3.845724E-08,1.28892563E-10,1,0,4,2416.45435,-10.1096954,-94.32103,1,0,0,0,0,0,0,0,0,0,0,0,0,0,Grip,2.10389519E-08,0.00311165117
294,5.87999535,4.87999535,-6.137311E-08,0.71974504,65.207695,-1.16337739E-08,0.0005382381,8.117825,3.93764132E-08,-4.468602E-05,-0.629758835,29.26951,29.26926,8.323351E-10,-3.1891062E-10,3.84093752E-08,5.874617E-09,1,0,4,2412.73535,-10.0849018,-94.0897141,1,0,0,0,0,0,0,0,0,0,0,0,0,0,Grip,1.38249092E-07,0.003107138
295,5.89999533,4.89999533,-6.158633E-08,0.7197559,65.3698,-1.124734E-08,0.0005373891,8.105245,1.93217E-08,-4.24508471E-05,-0.6289959,29.2241669,29.223917,1.26903643E-09,-4.36130826E-10,1.835043E-08,8.970753E-09,1,0,4,2409.021,-10.06014,-93.85869,1,0,0,0,0,0,0,0,0,0,0,0,0,0,Grip,2.41096416E-07,0.00310260756
296,5.91999531,4.91999531,-6.182057E-08,0.7197664,65.53164,-1.15870105E-08,0.0005362868,8.092679,-1.69835257E-08,-5.51139237E-05,-0.62828064,29.17888,29.1786327,9.789938E-10,-4.247225E-10,-1.795905E-08,6.93120228E-09,1,0,4,2405.311,-10.0354071,-93.62794,1,0,0,0,0,0,0,0,0,0,0,0,0,0,Grip,3.297149E-07,0.00309805968
297,5.93999529,4.93999529,-6.207251E-08,0.719777167,65.6932449,-1.20437944E-08,0.000535571831,8.08013,-2.28391972E-08,-3.5748235E-05,-0.62747,29.1336441,29.1333961,5.471401E-10,-2.67990852E-10,-2.381691E-08,3.87972676E-09,1,0,4,2401.60547,-10.0107031,-93.39745,1,0,0,0,0,0,0,0,0,0,0,0,0,0,Grip,3.210902E-07,0.0030936168
298,5.95999527,4.95999527,-6.233892E-08,0.719787836,65.8546,-1.25158124E-08,0.000534544059,8.067595,-2.3600899E-08,-5.13886334E-05,-0.626754761,29.0884666,29.0882187,5.16191534E-11,3.4351532E-11,-2.45771865E-08,3.66596031E-10,1,0,4,2397.90381,-9.986026,-93.16722,1,0,0,0,0,0,0,0,0,0,0,0,0,0,Grip,2.02601072E-07,0.00308907661
299,5.97999525,4.97999525,-6.264448E-08,0.719798446,66.0157,-1.29441267E-08,0.000533382234,8.055074,-2.14157136E-08,-5.80912456E-05,-0.6260395,29.0433388,29.0430927,-4.000773E-10,5.23575662E-11,-2.239058E-08,-2.84574075E-09,1,0,4,2394.20679,-9.961378,-92.93726,1,0,0,0,0,0,0,0,0,0,0,0,0,0,Grip,-2.59697579E-08,0.00308463955
300,5.999995,4.999995,-6.29559764E-08,0.719809,66.17655,-1.36877132E-08,0.0005322651,8.042568,-3.71793263E-08,-5.585607E-05,-0.625276566,28.9982643,28.9980183,-1.16696608E-09,4.667397E-11,-3.81527023E-08,-8.31351E-09,1,0,4,2390.51416,-9.936761,-92.7075958,1,0,0,0,0,0,0,0,0,0,0,0,0,0,Grip,-3.95823179E-08,0.003080107
301,6.019995,5.019995,-6.322973E-08,0.719819546,66.33715,-1.41599115E-08,0.000531147933,8.030078,-2.3609914E-08,-5.585898E-05,-0.6245136,28.9532452,28.9529972,-1.67441172E-09,9.260287E-11,-2.45808742E-08,-1.1947126E-08,1,0,4,2386.82568,-9.912171,-92.47818,1,0,0,0,0,0,0,0,0,0,0,0,0,0,Grip,-3.528552E-08,0.00307559734
302,6.039995,5.039995,-6.35052047E-08,0.719830036,66.4975052,-1.38996281E-08,0.0005300159,8.017602,1.30141675E-08,-5.660113E-05,-0.6237984,28.90828,28.9080334,-1.43725121E-09,2.16908314E-11,1.20446089E-08,-1.02709139E-08,1,0,4,2383.1416,-9.88761,-92.24903,1,0,0,0,0,0,0,0,0,0,0,0,0,0,Grip,-7.00077649E-08,0.00307119172
303,6.059995,5.059995,-6.377734E-08,0.7198406,66.65761,-1.37827483E-08,0.000528973236,8.005141,5.843992E-09,-5.213369E-05,-0.623035431,28.8633671,28.8631229,-1.31959865E-09,-1.27852312E-10,4.874051E-09,-9.444821E-09,1,0,4,2379.462,-9.863079,-92.02016,1,0,0,0,0,0,0,0,0,0,0,0,0,0,Grip,-1.63982676E-08,0.00306669041
304,6.079995,5.079995,-6.40376E-08,0.7198511,66.81746,-1.36794958E-08,0.0005278114,7.992695,5.162626E-09,-5.80912456E-05,-0.6223202,28.8185081,28.818264,-1.20386634E-09,-2.07254283E-10,4.191316E-09,-8.629903E-09,1,0,4,2375.78662,-9.838577,-91.7915649,1,0,0,0,0,0,0,0,0,0,0,0,0,0,Grip,9.665634E-08,0.00306217163
305,6.099995,5.099995,-6.433814E-08,0.7198615,66.977066,-1.34689726E-08,0.0005267539,7.980263,1.05261577E-08,-5.287584E-05,-0.6215811,28.7737,28.7734566,-9.454491E-10,-4.02551215E-10,9.550764E-09,-6.7879995E-09,1,0,4,2372.11548,-9.814103,-91.5632248,1,0,0,0,0,0,0,0,0,0,0,0,0,0,Grip,1.56684237E-07,0.00305774086
306,6.119995,5.119995,-6.464823E-08,0.719872,67.13642,-1.39151988E-08,0.000525770767,7.96784639,-2.23113084E-08,-4.915637E-05,-0.620842,28.7289467,28.7287025,-1.34439748E-09,-3.99465072E-10,-2.32907418E-08,-9.667353E-09,1,0,4,2368.44849,-9.789657,-91.335144,1,0,0,0,0,0,0,0,0,0,0,0,0,0,Grip,3.04328722E-07,0.00305329263
307,6.139995,5.139995,-6.495456E-08,0.7198826,67.29553,-1.42944234E-08,0.000524728152,7.955445,-1.89612326E-08,-5.213078E-05,-0.620079041,28.6842461,28.6840019,-1.68881531E-09,-3.29150068E-10,-1.99436965E-08,-1.21629391E-08,1,0,4,2364.786,-9.765239,-91.10733,1,0,0,0,0,0,0,0,0,0,0,0,0,0,Grip,3.01995584E-07,0.0030487678
308,6.159995,5.159995,-6.52722E-08,0.7198928,67.45439,-1.44560968E-08,0.000523342867,7.94305754,-8.083667E-09,-6.92642061E-05,-0.6193638,28.6396,28.6393566,-1.83982074E-09,-1.73367876E-10,-9.06735753E-09,-1.32711522E-08,1,0,4,2361.12744,-9.74084949,-90.87978,1,0,0,0,0,0,0,0,0,0,0,0,0,0,Grip,2.48837438E-07,0.00304434751
309,6.179995,5.179995,-6.558851E-08,0.71990335,67.61301,-1.47017E-08,0.000522508752,7.93068457,-1.22801769E-08,-4.170579E-05,-0.6186485,28.5950069,28.5947666,-2.0750166E-09,-1.75918891E-10,-1.32650735E-08,-1.499104E-08,1,0,4,2357.47363,-9.716491,-90.65253,1,0,0,0,0,0,0,0,0,0,0,0,0,0,Grip,1.31066116E-07,0.00303993188
310,6.199995,5.199995,-6.595286E-08,0.7199137,67.77137,-1.48231187E-08,0.0005214512,7.918327,-6.07092154E-09,-5.287875E-05,-0.6178856,28.5504646,28.5502243,-2.22157936E-09,7.55485258E-11,-7.054169E-09,-1.60749334E-08,1,0,4,2353.824,-9.69216,-90.42552,1,0,0,0,0,0,0,0,0,0,0,0,0,0,Grip,1.32994671E-07,0.00303552346
311,6.219995,5.219995,-6.629674E-08,0.7199241,67.92949,-1.55412732E-08,0.000520527654,7.90598345,-3.590772E-08,-4.61761374E-05,-0.617170334,28.5059757,28.5057354,-2.97658165E-09,1.287114E-10,-3.68884834E-08,-2.15716174E-08,1,0,4,2350.17847,-9.667856,-90.19878,1,0,0,0,0,0,0,0,0,0,0,0,0,0,Grip,-5.71146828E-08,0.003031035
312,6.239995,5.239995,-6.665891E-08,0.7199344,68.0873642,-1.56437849E-08,0.0005196191,7.8936553,-5.125589E-09,-4.542817E-05,-0.6164074,28.46154,28.4613,-3.09219939E-09,-1.12880165E-11,-6.105639E-09,-2.244451E-08,1,0,4,2346.53735,-9.643582,-89.9723053,1,0,0,0,0,0,0,0,0,0,0,0,0,0,Grip,-9.7305815E-08,0.00302659487
313,6.259995,5.259995,-6.70272158E-08,0.7199447,68.24499,-1.596055E-08,0.0005188892,7.88134146,-1.5838264E-08,-3.6493293E-05,-0.615692139,28.4171581,28.4169178,-3.42207951E-09,-1.13443152E-11,-1.68176761E-08,-2.48777283E-08,1,0,4,2342.90039,-9.619335,-89.7460861,1,0,0,0,0,0,0,0,0,0,0,0,0,0,Grip,8.53374E-09,0.00302217831
314,6.279995,5.279995,-6.741552E-08,0.719954967,68.40237,-1.62238809E-08,0.0005182487,7.869042,-1.31665345E-08,-3.2025855E-05,-0.6149769,28.37283,28.37259,-3.710225E-09,7.186717E-11,-1.41443914E-08,-2.701464E-08,1,0,4,2339.26782,-9.595119,-89.52016,1,0,0,0,0,0,0,0,0,0,0,0,0,0,Grip,8.576302E-09,0.00301772542
315,6.299995,5.299995,-6.781138E-08,0.7199653,68.5595,-1.664725E-08,0.0005177274,7.856757,-2.116849E-08,-2.606539E-05,-0.6142378,28.32855,28.3283119,-4.158296E-09,7.083009E-11,-2.21447589E-08,-3.03244434E-08,1,0,4,2335.63965,-9.570931,-89.2944946,1,0,0,0,0,0,0,0,0,0,0,0,0,0,Grip,-5.433158E-08,0.00301328022
316,6.319995,5.319995,-6.822781E-08,0.719975531,68.7163849,-1.69873449E-08,0.000517220935,7.844487,-1.70047088E-08,-2.53232429E-05,-0.6134987,28.2843246,28.2840862,-4.534633E-09,1.52911475E-10,-1.79784863E-08,-3.312061E-08,1,0,4,2332.01538,-9.546769,-89.06906,1,0,0,0,0,0,0,0,0,0,0,0,0,0,Grip,-5.354755E-08,0.003008922
317,6.339995,5.339995,-6.867374E-08,0.719985843,68.87303,-1.74613533E-08,0.000516729429,7.83223152,-2.370042E-08,-2.45752744E-05,-0.612783432,28.2401524,28.2399139,-5.032958E-09,8.936485E-11,-2.467267E-08,-3.681786E-08,1,0,4,2328.39526,-9.522635,-88.8439,1,0,0,0,0,0,0,0,0,0,0,0,0,0,Grip,-1.15601068E-07,0.00300452765
318,6.359995,5.359995,-6.913515E-08,0.7199961,69.0294342,-1.81355571E-08,0.00051616336,7.81999,-3.371019E-08,-2.83034751E-05,-0.6120682,28.1960335,28.1957951,-5.731346E-09,8.99432E-11,-3.468092E-08,-4.19924433E-08,1,0,4,2324.77954,-9.49853,-88.61901,1,0,0,0,0,0,0,0,0,0,0,0,0,0,Grip,-6.75598244E-08,0.00300009921
319,6.379995,5.379995,-6.96207E-08,0.720006466,69.18559,-1.87249878E-08,0.0005155378,7.80776358,-2.94715363E-08,-3.12778866E-05,-0.6113291,28.1519642,28.1517277,-6.32156549E-09,-5.21135739E-11,-3.044254E-08,-4.63893954E-08,1,0,4,2321.168,-9.474453,-88.39437,1,0,0,0,0,0,0,0,0,0,0,0,0,0,Grip,-6.799706E-08,0.00299575925
320,6.399995,5.399995,-7.011789E-08,0.7200165,69.34151,-1.94005967E-08,0.0005145696,7.7955513,-3.37804451E-08,-4.841131E-05,-0.6106138,28.1079483,28.1077118,-7.021269E-09,9.5905E-11,-3.474993E-08,-5.16047258E-08,1,0,4,2317.5603,-9.450402,-88.16998,1,0,0,0,0,0,0,0,0,0,0,0,0,0,Grip,3.939786E-08,0.0029913215
321,6.419995,5.419995,-7.062824E-08,0.720026851,69.49718,-1.99437054E-08,0.000513944,7.78335333,-2.71554335E-08,-3.12778866E-05,-0.609898567,28.0639839,28.0637474,-7.623089E-09,3.19771876E-10,-2.8120688E-08,-5.61157663E-08,1,0,4,2313.95752,-9.426383,-87.94589,1,0,0,0,0,0,0,0,0,0,0,0,0,0,Grip,-7.250418E-08,0.00298697175
322,6.439995,5.439995,-7.11604642E-08,0.7200371,69.6526,-2.04327328E-08,0.0005130354,7.77116966,-2.44513743E-08,-4.543108E-05,-0.6091833,28.020071,28.0198364,-8.158764E-09,2.50385629E-10,-2.54133372E-08,-6.01532E-08,1,0,4,2310.35815,-9.402388,-87.7220154,1,0,0,0,0,0,0,0,0,0,0,0,0,0,Grip,-2.41747529E-07,0.002982608
323,6.459995,5.459995,-7.1629E-08,0.720047235,69.807785,-2.10233626E-08,0.0005119629,7.759001,-2.95314884E-08,-5.36238076E-05,-0.6084442,27.97621,27.9759769,-8.784234E-09,1.29550509E-10,-3.0491055E-08,-6.486625E-08,1,0,4,2306.76343,-9.378423,-87.49843,1,0,0,0,0,0,0,0,0,0,0,0,0,0,Grip,-1.89291526E-07,0.00297825225
324,6.479995,5.479995,-7.208521E-08,0.7200574,69.96272,-2.04866328E-08,0.000510994752,7.746846,2.68364886E-08,-4.84084E-05,-0.607728958,27.9324017,27.932169,-8.2706E-09,5.3278125E-11,2.58783643E-08,-6.116919E-08,1,0,4,2303.17261,-9.354484,-87.2750854,1,0,0,0,0,0,0,0,0,0,0,0,0,0,Grip,-9.794018E-08,0.00297387922
325,6.49999475,5.49999475,-7.253789E-08,0.7200675,70.11742,-2.00761274E-08,0.000509877631,7.734706,2.052527E-08,-5.585607E-05,-0.6070137,27.8886452,27.8884125,-7.883085E-09,5.56434968E-11,1.95685814E-08,-5.83946544E-08,1,0,4,2299.58643,-9.330576,-87.05203,1,0,0,0,0,0,0,0,0,0,0,0,0,0,Grip,-4.02782625E-08,0.00296949223
326,6.51999474,5.51999474,-7.29973664E-08,0.720077634,70.2718658,-1.98478869E-08,0.0005088945,7.72258,1.14120269E-08,-4.915637E-05,-0.606298447,27.84494,27.8447075,-7.689214E-09,1.36319733E-10,1.045767E-08,-5.704797E-08,1,0,4,2296.00415,-9.306694,-86.82922,1,0,0,0,0,0,0,0,0,0,0,0,0,0,Grip,-4.20664819E-08,0.00296513271
327,6.53999472,5.53999472,-7.340839E-08,0.720087767,70.42608,-1.98501819E-08,0.0005078668,7.71046829,-1.14752652E-10,-5.13857231E-05,-0.6055832,27.8012867,27.801054,-7.67981945E-09,-1.90919308E-10,-1.07039722E-09,-5.70677656E-08,1,0,4,2292.426,-9.28284,-86.60667,1,0,0,0,0,0,0,0,0,0,0,0,0,0,Grip,-1.03057715E-07,0.0029608428
328,6.5599947,5.5599947,-7.382993E-08,0.72009784,70.58005,-1.9215376E-08,0.0005067496,7.698371,3.17403E-08,-5.585898E-05,-0.604867935,27.7576847,27.7574539,-7.033549E-09,-1.75971834E-10,3.07833865E-08,-5.234754E-08,1,0,4,2288.852,-9.259014,-86.38438,1,0,0,0,0,0,0,0,0,0,0,0,0,0,Grip,1.4433499E-07,0.0029564125
329,6.57999468,5.57999468,-7.424452E-08,0.7201079,70.73377,-1.90659328E-08,0.000505692034,7.68628836,7.472156E-09,-5.287875E-05,-0.604128838,27.7141342,27.7139034,-6.86145E-09,-2.51594162E-10,6.513133E-09,-5.11469622E-08,1,0,4,2285.28247,-9.235216,-86.1623459,1,0,0,0,0,0,0,0,0,0,0,0,0,0,Grip,1.330347E-07,0.00295209442
330,6.59999466,5.59999466,-7.465506E-08,0.7201179,70.88726,-1.89224458E-08,0.0005046196,7.67422,7.17435E-09,-5.36208972E-05,-0.6034136,27.6706371,27.6704063,-6.69566624E-09,-2.506658E-10,6.21320639E-09,-4.99896551E-08,1,0,4,2281.717,-9.211447,-85.94059,1,0,0,0,0,0,0,0,0,0,0,0,0,0,Grip,1.90205185E-07,0.002947782
331,6.61999464,5.61999464,-7.50663958E-08,0.72012794,71.0405045,-1.88195113E-08,0.000503621646,7.662166,5.14672749E-09,-4.98985173E-05,-0.6026983,27.6271915,27.62696,-6.52516263E-09,-5.449216E-10,4.17990131E-09,-4.87933178E-08,1,0,4,2278.15552,-9.187703,-85.71906,1,0,0,0,0,0,0,0,0,0,0,0,0,0,Grip,1.89503339E-07,0.00294341287
332,6.63999462,5.63999462,-7.54825E-08,0.7201381,71.1935043,-1.881726E-08,0.0005026237,7.65012646,1.12532206E-10,-4.98985173E-05,-0.6019831,27.5837975,27.5835648,-6.467526E-09,-4.640854E-10,-8.590203E-10,-4.843844E-08,1,0,4,2274.59863,-9.163991,-85.49783,1,0,0,0,0,0,0,0,0,0,0,0,0,0,Grip,4.119607E-07,0.002939072
333,6.6599946,5.6599946,-7.590591E-08,0.720147967,71.34627,-1.89138074E-08,0.000501402246,7.638101,-4.82733853E-09,-6.107148E-05,-0.6012678,27.5404549,27.5402241,-6.54347065E-09,-2.34692543E-10,-5.80088155E-09,-4.908438E-08,1,0,4,2271.04541,-9.140303,-85.27683,1,0,0,0,0,0,0,0,0,0,0,0,0,0,Grip,3.50848552E-07,0.00293475925
334,6.67999458,5.67999458,-7.63393757E-08,0.720158,71.49879,-1.90857161E-08,0.0005003745,7.62608957,-8.59543547E-09,-5.13886334E-05,-0.6005764,27.4971638,27.496933,-6.717804E-09,-8.04954436E-11,-9.569194E-09,-5.047147E-08,1,0,4,2267.49658,-9.116644,-85.0561,1,0,0,0,0,0,0,0,0,0,0,0,0,0,Grip,1.77427552E-07,0.002930475
335,6.69999456,5.69999456,-7.678714E-08,0.7201679,71.65107,-1.93305727E-08,0.0004992871,7.61409235,-1.2242829E-08,-5.43688657E-05,-0.599861145,27.4539223,27.4536915,-6.98784763E-09,7.430332E-11,-1.321497E-08,-5.25830579E-08,1,0,4,2263.95215,-9.093015,-84.83565,1,0,0,0,0,0,0,0,0,0,0,0,0,0,Grip,6.085455E-08,0.00292615686
336,6.71999454,5.71999454,-7.721811E-08,0.72017777,71.8031,-1.96680023E-08,0.000498453,7.60210943,-1.6871482E-08,-4.170579E-05,-0.5991459,27.4107323,27.4105034,-7.361688E-09,1.34217151E-10,-1.784112E-08,-5.54834969E-08,1,0,4,2260.41138,-9.069409,-84.61541,1,0,0,0,0,0,0,0,0,0,0,0,0,0,Grip,-5.617331E-08,0.002921782
337,6.73999453,5.73999453,-7.765327E-08,0.720187664,71.9549,-1.96141947E-08,0.000497648667,7.59014034,2.69038125E-09,-4.02156729E-05,-0.5984545,27.3675938,27.3673668,-7.321457E-09,-1.24480357E-11,1.72140946E-09,-5.52673036E-08,1,0,4,2256.875,-9.045834,-84.3954544,1,0,0,0,0,0,0,0,0,0,0,0,0,0,Grip,-1.0146816E-07,0.0029175207
338,6.75999451,5.75999451,-7.8095006E-08,0.720197558,72.10647,-1.96653058E-08,0.0004968443,7.57818556,-2.55555577E-09,-4.02185833E-05,-0.5977392,27.3245049,27.3242779,-7.38613348E-09,-9.169718E-12,-3.523821E-09,-5.58434721E-08,1,0,4,2253.34253,-9.022284,-84.1757355,1,0,0,0,0,0,0,0,0,0,0,0,0,0,Grip,9.410715E-09,0.00291320565
339,6.77999449,5.77999449,-7.854237E-08,0.7202074,72.25779,-1.98014458E-08,0.00049604,7.566245,-6.80699941E-09,-4.02156729E-05,-0.597023964,27.2814674,27.28124,-7.54709E-09,6.690858E-11,-7.773669E-09,-5.71504479E-08,1,0,4,2249.81421,-8.998761,-83.95628,1,0,0,0,0,0,0,0,0,0,0,0,0,0,Grip,6.93230673E-09,0.0029089395
340,6.79999447,5.79999447,-7.899268E-08,0.7202172,72.4088745,-1.9963867E-08,0.000495146262,7.55431843,-8.121059E-09,-4.468602E-05,-0.59633255,27.2384815,27.2382545,-7.734211E-09,6.61922253E-11,-9.086178E-09,-5.86598858E-08,1,0,4,2246.29,-8.975267,-83.73709,1,0,0,0,0,0,0,0,0,0,0,0,0,0,Grip,-5.05828872E-08,0.0029046163
341,6.81999445,5.81999445,-7.944251E-08,0.720227063,72.55972,-2.010306E-08,0.000494252541,7.542406,-6.95967728E-09,-4.468602E-05,-0.5956173,27.1955452,27.1953182,-8.279737E-09,2.592931E-09,-7.893068E-09,-6.289659E-08,1,0,4,2242.77,-8.9518,-83.51815,1,0,0,0,0,0,0,0,0,0,0,0,0,0,Grip,-5.00413222E-08,0.00290034479
342,6.83999443,5.83999443,-7.988243E-08,0.720236838,72.7103348,-2.006043E-08,0.0004933588,7.530508,2.13153939E-09,-4.468602E-05,-0.594902039,27.15266,27.1524372,-8.549877E-09,1.97490313E-09,1.22250809E-09,-6.505131E-08,1,0,4,2239.254,-8.928359,-83.2994461,1,0,0,0,0,0,0,0,0,0,0,0,0,0,Grip,-1.96025576E-06,0.00289605977
343,6.85999441,5.85999441,-8.036714E-08,0.7202466,72.86071,-1.98533243E-08,0.00049248,7.518624,1.03552722E-08,-4.39409632E-05,-0.5942106,27.1098289,27.1096039,-8.574158E-09,1.46960755E-09,9.464158E-09,-6.53391652E-08,1,0,4,2235.74219,-8.904948,-83.08103,1,0,0,0,0,0,0,0,0,0,0,0,0,0,Grip,-1.49302673E-06,0.00289182644
344,6.87999439,5.87999439,-8.08707554E-08,0.720256567,73.01085,-2.036176E-08,0.000491541636,7.506754,-2.5421798E-08,-4.69182851E-05,-0.593495369,27.0670452,27.06682,-9.255902E-09,1.09284237E-09,-2.6299535E-08,-7.064591E-08,1,0,4,2232.23438,-8.881562,-82.86285,1,0,0,0,0,0,0,0,0,0,0,0,0,0,Grip,-1.11102327E-06,0.00288753631
345,6.89999437,5.89999437,-8.1388265E-08,0.7202661,73.16074,-2.0878419E-08,0.0004903053,7.494898,-2.58329358E-08,-6.18165359E-05,-0.592803955,27.024313,27.0240879,-9.877293E-09,6.411626E-10,-2.67027414E-08,-7.550794E-08,1,0,4,2228.73071,-8.858205,-82.64492,1,0,0,0,0,0,0,0,0,0,0,0,0,0,Grip,-8.261888E-07,0.002883275
346,6.91999435,5.91999435,-8.187808E-08,0.720276058,73.3104,-2.13494911E-08,0.0004895308,7.483056,-2.35536035E-08,-3.87255568E-05,-0.5920887,26.9816322,26.9814072,-1.04076383E-08,3.17352922E-10,-2.441904E-08,-7.968812E-08,1,0,4,2225.2312,-8.834875,-82.42726,1,0,0,0,0,0,0,0,0,0,0,0,0,0,Grip,-4.84718953E-07,0.00287900027
347,6.93999434,5.93999434,-8.235268E-08,0.7202858,73.45982,-2.12161435E-08,0.000488309364,7.471228,6.66737776E-09,-6.107148E-05,-0.5913973,26.9390011,26.9387779,-1.03108544E-08,1.5894723E-10,5.804484E-09,-7.90720662E-08,1,0,4,2221.73584,-8.811572,-82.2098541,1,0,0,0,0,0,0,0,0,0,0,0,0,0,Grip,-2.399188E-07,0.00287477812
348,6.95999432,5.95999432,-8.280223E-08,0.7202954,73.60901,-2.096114E-08,0.0004872667,7.459414,1.27501565E-08,-5.213369E-05,-0.5907059,26.8964214,26.8961983,-1.01143947E-08,2.94804819E-10,1.18915455E-08,-7.76883E-08,1,0,4,2218.24463,-8.788298,-81.99271,1,0,0,0,0,0,0,0,0,0,0,0,0,0,Grip,-1.201641E-07,0.0028704782
349,6.9799943,5.9799943,-8.324435E-08,0.7203051,73.75796,-2.04924824E-08,0.0004863283,7.447614,2.34329E-08,-4.691974E-05,-0.5899906,26.85389,26.8536663,-9.68164E-09,1.450703E-10,2.25768169E-08,-7.44821449E-08,1,0,4,2214.75732,-8.765049,-81.7758,1,0,0,0,0,0,0,0,0,0,0,0,0,0,Grip,-2.2287243E-07,0.00286627444
350,6.99999428,5.99999428,-8.367043E-08,0.720314741,73.90668,-2.0174701E-08,0.000485568657,7.435828,1.58890678E-08,-3.79819539E-05,-0.5892992,26.81141,26.81119,-9.388464E-09,6.38854E-11,1.50345851E-08,-7.234118E-08,1,0,4,2211.274,-8.741826,-81.5591354,1,0,0,0,0,0,0,0,0,0,0,0,0,0,Grip,-1.09673145E-07,0.00286201341
351,7.01999426,6.01999426,-8.4101444E-08,0.7203244,74.05516,-1.9806393E-08,0.0004847941,7.424056,1.84154025E-08,-3.87284672E-05,-0.5886078,26.76898,26.7687588,-9.022514E-09,-7.82032564E-11,1.756076E-08,-6.963165E-08,1,0,4,2207.79468,-8.718631,-81.3427353,1,0,0,0,0,0,0,0,0,0,0,0,0,0,Grip,-4.829736E-08,0.00285778241
352,7.03999424,6.03999424,-8.45337453E-08,0.720334,74.20341,-1.97177243E-08,0.000484079123,7.412298,4.4334314E-09,-3.5748235E-05,-0.587892532,26.7266,26.7263813,-8.936289E-09,-7.598643E-11,3.57867E-09,-6.90756E-08,1,0,4,2204.31982,-8.695465,-81.1266,1,0,0,0,0,0,0,0,0,0,0,0,0,0,Grip,5.912166E-08,0.00285349647
353,7.059994,6.059994,-8.49550759E-08,0.7203436,74.35142,-1.971175E-08,0.000483453536,7.4005537,2.986944E-10,-3.127934E-05,-0.58722496,26.6842728,26.6840534,-8.943875E-09,-7.583072E-12,-5.553728E-10,-6.924395E-08,1,0,4,2200.84888,-8.672326,-80.91072,1,0,0,0,0,0,0,0,0,0,0,0,0,0,Grip,5.74457424E-08,0.002849284
354,7.079994,6.079994,-8.54139657E-08,0.7203531,74.49919,-1.956511E-08,0.000482976873,7.388823,7.33200167E-09,-2.38331268E-05,-0.586533546,26.6419926,26.6417732,-8.810719E-09,1.61447973E-11,6.47866338E-09,-6.832135E-08,1,0,4,2197.38184,-8.649213,-80.695076,1,0,0,0,0,0,0,0,0,0,0,0,0,0,Grip,5.73280223E-09,0.0028450815
355,7.099994,6.099994,-8.58453859E-08,0.7203628,74.6467361,-2.00495922E-08,0.0004826045,7.377106,-2.422409E-08,-1.86191755E-05,-0.585842133,26.599762,26.5995426,-9.31967747E-09,6.848542E-11,-2.507583E-08,-7.238277E-08,1,0,4,2193.919,-8.626126,-80.47969,1,0,0,0,0,0,0,0,0,0,0,0,0,0,Grip,-1.2205466E-08,0.0028409122
356,7.119994,6.119994,-8.625501E-08,0.7203723,74.7940445,-1.990386E-08,0.000482098054,7.36540365,7.28661576E-09,-2.53217877E-05,-0.5851269,26.55758,26.5573616,-9.209286E-09,1.31188629E-10,6.4373733E-09,-7.163903E-08,1,0,4,2190.46,-8.603066,-80.26454,1,0,0,0,0,0,0,0,0,0,0,0,0,0,Grip,-5.17749754E-08,0.002836621
357,7.139994,6.139994,-8.665647E-08,0.7203821,74.94111,-1.952541E-08,0.000481636322,7.353715,1.89224636E-08,-2.30866135E-05,-0.584435463,26.5154533,26.515234,-8.865945E-09,1.29823333E-10,1.80756672E-08,-6.907781E-08,1,0,4,2187.005,-8.580032,-80.0496445,1,0,0,0,0,0,0,0,0,0,0,0,0,0,Grip,-9.91786E-08,0.00283244764
358,7.159994,6.159994,-8.707002E-08,0.720391631,75.08795,-1.92280716E-08,0.000480817078,7.34203959,1.48669521E-08,-4.09621862E-05,-0.5837679,26.4733734,26.473156,-8.60347E-09,1.3939537E-10,1.40225529E-08,-6.713937E-08,1,0,4,2183.5542,-8.557028,-79.8350143,1,0,0,0,0,0,0,0,0,0,0,0,0,0,Grip,-9.814644E-08,0.00282824
359,7.179994,6.179994,-8.74195436E-08,0.720401168,75.23456,-1.926197E-08,0.0004801021,7.330378,-1.69491088E-09,-3.5748235E-05,-0.5830765,26.4313412,26.4311237,-8.693911E-09,2.49108345E-10,-2.53515875E-09,-6.795308E-08,1,0,4,2180.10718,-8.534047,-79.62061,1,0,0,0,0,0,0,0,0,0,0,0,0,0,Grip,-1.05382895E-07,0.00282406574
360,7.199994,6.199994,-8.78001E-08,0.7204107,75.3809357,-1.83431865E-08,0.000479357346,7.31873035,4.59391636E-08,-3.723835E-05,-0.582385063,26.38936,26.389143,-7.7985E-09,5.30935018E-11,4.510044E-08,-6.105139E-08,1,0,4,2176.66431,-8.511095,-79.40647,1,0,0,0,0,0,0,0,0,0,0,0,0,0,Grip,-1.883259E-07,0.002819837
361,7.219994,6.219994,-8.817912E-08,0.7204202,75.52708,-1.83492013E-08,0.0004785828,7.30709648,-3.007372E-10,-3.8727012E-05,-0.581693649,26.34743,26.34721,-7.827775E-09,5.162026E-11,-1.13794918E-09,-6.137814E-08,1,0,4,2173.22534,-8.488169,-79.19257,1,0,0,0,0,0,0,0,0,0,0,0,0,0,Grip,-4.0138687E-08,0.00281566218
362,7.239994,6.239994,-8.857033E-08,0.720429659,75.67299,-1.83287927E-08,0.000477808237,7.29547644,1.02042819E-09,-3.87284672E-05,-0.581002235,26.3055458,26.30533,-7.841359E-09,1.32906922E-10,1.855887E-10,-6.158259E-08,1,0,4,2169.79,-8.465267,-78.97891,1,0,0,0,0,0,0,0,0,0,0,0,0,0,Grip,-3.90249149E-08,0.00281147356
363,7.259994,6.259994,-8.895651E-08,0.7204392,75.8186646,-1.84923739E-08,0.000476989022,7.28386974,-8.179057E-09,-4.096073E-05,-0.580334663,26.2637138,26.2634983,-8.027876E-09,5.26244534E-11,-9.012438E-09,-6.314787E-08,1,0,4,2166.35938,-8.442396,-78.7655258,1,0,0,0,0,0,0,0,0,0,0,0,0,0,Grip,-1.00477628E-07,0.00280733965
364,7.279994,6.279994,-8.934767E-08,0.7204486,75.96411,-1.84996729E-08,0.0004760804,7.272277,-3.649525E-10,-4.543108E-05,-0.57964325,26.22193,26.2217159,-8.068822E-09,1.29355429E-10,-1.19598342E-09,-6.35711359E-08,1,0,4,2162.93237,-8.419549,-78.55237,1,0,0,0,0,0,0,0,0,0,0,0,0,0,Grip,-3.97840871E-08,0.00280317478
365,7.299994,6.299994,-8.97566039E-08,0.720458031,76.10932,-1.85732034E-08,0.000475231383,7.260698,-3.67652575E-09,-4.24508471E-05,-0.578951836,26.1801968,26.1799812,-8.154139E-09,-1.0878424E-11,-4.506946E-09,-6.434576E-08,1,0,4,2159.509,-8.396727,-78.33944,1,0,0,0,0,0,0,0,0,0,0,0,0,0,Grip,-9.77927E-08,0.0027989517
366,7.319994,6.319994,-8.968016E-08,0.720467448,76.2543,-1.887529E-08,0.000474382337,7.249132,-1.51043622E-08,-4.24523023E-05,-0.578284264,26.1385117,26.1382961,-8.598177E-09,5.937752E-10,-1.59238756E-08,-6.7958E-08,1,0,4,2156.09033,-8.373936,-78.12681,1,0,0,0,0,0,0,0,0,0,0,0,0,0,Grip,8.224088E-09,0.0027948278
367,7.339994,6.339994,-8.947636E-08,0.720476866,76.3990555,-1.18512515E-08,0.000473473745,7.2375803,3.51201976E-07,-4.54296242E-05,-0.57759285,26.0968742,26.0966625,-1.70423231E-09,5.226831E-10,3.50392469E-07,-1.34913547E-08,1,0,4,2152.67529,-8.351169,-77.9144,1,0,0,0,0,0,0,0,0,0,0,0,0,0,Grip,-4.48894042E-07,0.002790649
368,7.359994,6.359994,-8.918564E-08,0.7204863,76.54358,-6.51032162E-09,0.00047253535,7.22604227,2.670465E-07,-4.691974E-05,-0.576901436,26.0552883,26.0550747,3.561373E-09,1.58500157E-10,2.66242637E-07,2.82382082E-08,1,0,4,2149.26416,-8.328427,-77.7022247,1,0,0,0,0,0,0,0,0,0,0,0,0,0,Grip,-3.95148419E-07,0.002786525
369,7.379994,6.379994,-8.894018E-08,0.7204956,76.68787,-2.55357469E-09,0.000471507577,7.21451759,1.97837352E-07,-5.13886334E-05,-0.576233864,26.013752,26.0135384,7.411163E-09,4.53097532E-10,1.97041643E-07,5.885715E-08,1,0,4,2145.85718,-8.305715,-77.4903259,1,0,0,0,0,0,0,0,0,0,0,0,0,0,Grip,-1.19826112E-07,0.0027823667
370,7.399994,6.399994,-8.87323353E-08,0.7205051,76.8319244,-1.17064847E-09,0.000470628758,7.20300674,6.914631E-08,-4.39409632E-05,-0.57554245,25.9722633,25.97205,8.730909E-09,1.90446645E-10,6.835531E-08,6.944897E-08,1,0,4,2142.454,-8.283027,-77.27865,1,0,0,0,0,0,0,0,0,0,0,0,0,0,Grip,-3.425417E-07,0.00277824281
371,7.419994,6.419994,-8.85259E-08,0.7205145,76.97575,-9.24706E-10,0.000469407358,7.19150925,1.22971251E-08,-6.107002E-05,-0.5748749,25.9308243,25.93061,8.956888E-09,-1.04884205E-10,1.15073515E-08,7.136039E-08,1,0,4,2139.055,-8.260366,-77.06724,1,0,0,0,0,0,0,0,0,0,0,0,0,0,Grip,-1.43977658E-07,0.00277408469
372,7.439994,6.439994,-8.83929161E-08,0.7205238,77.1193542,-7.03878955E-10,0.000468245533,7.180025,1.10413518E-08,-5.80912456E-05,-0.5742073,25.8894329,25.8892212,9.157819E-09,-5.880568E-11,1.02528075E-08,7.30779348E-08,1,0,4,2135.65967,-8.237731,-76.85605,1,0,0,0,0,0,0,0,0,0,0,0,0,0,Grip,7.92924553E-08,0.002769961
373,7.459994,6.459994,-8.832877E-08,0.7205331,77.2627258,-1.56207647E-09,0.000467187958,7.168555,-4.290988E-08,-5.287875E-05,-0.5735159,25.84809,25.84788,8.290464E-09,-1.02710784E-10,-4.36980123E-08,6.626243E-08,1,0,4,2132.26855,-8.215124,-76.645134,1,0,0,0,0,0,0,0,0,0,0,0,0,0,Grip,4.44570958E-08,0.00276582688
374,7.479994,6.479994,-8.828356E-08,0.7205423,77.40587,-2.88402746E-09,0.000466160185,7.15709829,-6.609755E-08,-5.13886334E-05,-0.5728245,25.806797,25.8065853,6.95926428E-09,-1.0650348E-10,-6.688526E-08,5.571171E-08,1,0,4,2128.88135,-8.192542,-76.43445,1,0,0,0,0,0,0,0,0,0,0,0,0,0,Grip,7.76493536E-08,0.002761704
375,7.499994,6.499994,-8.830989E-08,0.7205516,77.54878,-3.700856E-09,0.000465311168,7.14565468,-4.084143E-08,-4.24508471E-05,-0.572180748,25.7655525,25.7653427,6.165083E-09,-2.96771524E-10,-4.163134E-08,4.9433E-08,1,0,4,2125.4978,-8.169985,-76.224,1,0,0,0,0,0,0,0,0,0,0,0,0,0,Grip,8.051663E-08,0.00275763636
376,7.519994,6.519994,-8.835843E-08,0.7205608,77.69147,-5.080899E-09,0.000464432349,7.134225,-6.900214E-08,-4.39409632E-05,-0.571489334,25.7243557,25.7241459,4.79668172E-09,-2.23594185E-10,-6.97932947E-08,3.85224759E-08,1,0,4,2122.11841,-8.147456,-76.01381,1,0,0,0,0,0,0,0,0,0,0,0,0,0,Grip,2.24359269E-07,0.00275349244
377,7.539994,6.539994,-8.8422766E-08,0.720569968,77.83392,-6.00233063E-09,0.0004636429,7.12280846,-4.607159E-08,-3.947207E-05,-0.570821762,25.6832085,25.6829987,3.865407E-09,-7.49232343E-11,-4.68623078E-08,3.10931E-08,1,0,4,2118.74268,-8.124951,-75.80385,1,0,0,0,0,0,0,0,0,0,0,0,0,0,Grip,1.690372E-07,0.00274940487
378,7.55999374,6.55999374,-8.849945E-08,0.7205792,77.97615,-6.613586E-09,0.000462987518,7.11140537,-3.05627736E-08,-3.27694579E-05,-0.5701542,25.6421089,25.641901,3.23366045E-09,-1.956744E-14,-3.13521937E-08,2.60530779E-08,1,0,4,2115.371,-8.102474,-75.59414,1,0,0,0,0,0,0,0,0,0,0,0,0,0,Grip,5.66419622E-08,0.002745307
379,7.57999372,6.57999372,-8.858785E-08,0.7205884,78.11814,-7.03211223E-09,0.000462287455,7.100016,-2.0926306E-08,-3.50031769E-05,-0.5694628,25.601059,25.6008511,2.794693E-09,1.87272984E-12,-2.17144009E-08,2.25525056E-08,1,0,4,2112.00342,-8.080023,-75.3846741,1,0,0,0,0,0,0,0,0,0,0,0,0,0,Grip,1.47929845E-11,0.002741199
380,7.59999371,6.59999371,-8.86869245E-08,0.720597565,78.25991,-7.3564026E-09,0.000461617165,7.08863974,-1.621452E-08,-3.3514516E-05,-0.568819046,25.5600567,25.5598488,2.46056153E-09,-7.014221E-11,-1.70022023E-08,1.98880112E-08,1,0,4,2108.64,-8.057599,-75.17546,1,0,0,0,0,0,0,0,0,0,0,0,0,0,Grip,-1.41578371E-09,0.00273714727
381,7.61999369,6.61999369,-8.882739E-08,0.7206067,78.40146,-7.62879E-09,0.000460946874,7.077277,-1.36193723E-08,-3.3514516E-05,-0.568127632,25.5191021,25.5188942,2.1677895E-09,2.5648891E-11,-1.44057255E-08,1.754975E-08,1,0,4,2105.28,-8.0352,-74.9664841,1,0,0,0,0,0,0,0,0,0,0,0,0,0,Grip,5.302751E-08,0.00273301871
382,7.63999367,6.63999367,-8.89866953E-08,0.720615864,78.54278,-8.336886E-09,0.0004602021,7.065928,-3.5404792E-08,-3.723835E-05,-0.56746006,25.4781971,25.47799,1.43937751E-09,2.81649547E-11,-3.61898529E-08,1.16714691E-08,1,0,4,2101.92383,-8.012826,-74.7577438,1,0,0,0,0,0,0,0,0,0,0,0,0,0,Grip,-1.939056E-08,0.00272892555
383,7.65999365,6.65999365,-8.9164736E-08,0.720625162,78.68387,-8.919743E-09,0.0004593382,7.054592,-2.91428659E-08,-4.31959052E-05,-0.5667925,25.43734,25.4371338,8.1527407E-10,1.80854984E-10,-2.99249479E-08,6.62142874E-09,1,0,4,2098.57178,-7.99047852,-74.54925,1,0,0,0,0,0,0,0,0,0,0,0,0,0,Grip,-2.12927045E-08,0.00272484333
384,7.67999363,6.67999363,-8.935846E-08,0.7206341,78.82474,-9.441323E-09,0.000458176364,7.04326963,-2.60790056E-08,-5.80912456E-05,-0.5661249,25.39653,25.3963242,2.52731169E-10,1.82673959E-10,-2.685813E-08,2.05591166E-09,1,0,4,2095.22363,-7.968158,-74.3409958,1,0,0,0,0,0,0,0,0,0,0,0,0,0,Grip,-1.36726356E-07,0.0027207972
385,7.69999361,6.69999361,-8.956696E-08,0.7206433,78.96538,-9.89562654E-09,0.000457342248,7.03196049,-2.27151631E-08,-4.170579E-05,-0.565457344,25.35577,25.3555641,-2.42251552E-10,1.8473835E-10,-2.349135E-08,-1.97383176E-09,1,0,4,2091.87939,-7.94586229,-74.13299,1,0,0,0,0,0,0,0,0,0,0,0,0,0,Grip,-1.38101512E-07,0.00271667354
386,7.71999359,6.71999359,-8.965374E-08,0.720652342,79.10579,-1.03095941E-08,0.000456329377,7.02066469,-2.06983763E-08,-5.06435754E-05,-0.5647898,25.3150578,25.3148518,-7.281473E-10,3.30846683E-10,-2.146912E-08,-5.94238836E-09,1,0,4,2088.539,-7.923594,-73.92523,1,0,0,0,0,0,0,0,0,0,0,0,0,0,Grip,-1.39662191E-07,0.002712653
387,7.73999357,6.73999357,-8.957525E-08,0.7206614,79.24598,-8.636458E-09,0.0004553165,7.00938225,8.36568148E-08,-5.06435754E-05,-0.5641222,25.2743931,25.2741871,8.62977245E-10,3.260984E-10,8.289231E-08,7.054066E-09,1,0,4,2085.20239,-7.90134954,-73.7177,1,0,0,0,0,0,0,0,0,0,0,0,0,0,Grip,-2.50120081E-07,0.00270857662
388,7.75999355,6.75999355,-8.93629E-08,0.720670462,79.38594,-5.31613953E-09,0.0004543632,6.99811268,1.66015923E-07,-4.76648E-05,-0.56347847,25.2337761,25.233572,4.07051E-09,5.076014E-10,1.65260118E-07,3.332636E-08,1,0,4,2081.86987,-7.87913227,-73.5104141,1,0,0,0,0,0,0,0,0,0,0,0,0,0,Grip,-2.465304E-07,0.00270449
389,7.77999353,6.77999353,-8.929553E-08,0.720679462,79.52568,-1.666945E-09,0.000453395,6.986857,1.82459729E-07,-4.84098564E-05,-0.562787056,25.1932049,25.193,7.847272E-09,-1.07996878E-09,1.81693352E-07,6.435122E-08,1,0,4,2078.54126,-7.8569417,-73.30338,1,0,0,0,0,0,0,0,0,0,0,0,0,0,Grip,-3.83746652E-07,0.002700511
390,7.79999352,6.79999352,-8.934996E-08,0.720688462,79.66519,-2.15226659E-09,0.000452560867,6.975614,-2.42660789E-08,-4.17072442E-05,-0.5621433,25.1526852,25.15248,7.488214E-09,-1.00745534E-09,-2.50429935E-08,6.150575E-08,1,0,4,2075.21631,-7.83477545,-73.09657,1,0,0,0,0,0,0,0,0,0,0,0,0,0,Grip,8.1645635E-07,0.002696379
391,7.8199935,6.8199935,-8.951809E-08,0.7206974,79.80448,-4.19063362E-09,0.000451741653,6.96438456,-1.01918353E-07,-4.096073E-05,-0.561475754,25.11221,25.1120052,5.52298474E-09,-5.86238558E-10,-1.02701485E-07,4.543714E-08,1,0,4,2071.89551,-7.812637,-72.89002,1,0,0,0,0,0,0,0,0,0,0,0,0,0,Grip,7.616362E-07,0.00269233342
392,7.83999348,6.83999348,-8.970851E-08,0.7207064,79.94354,-6.82633727E-09,0.0004509969,6.95316839,-1.31785185E-07,-3.723835E-05,-0.5608082,25.0717831,25.071579,2.93884783E-09,-4.51160359E-10,-1.325728E-07,2.421666E-08,1,0,4,2068.57837,-7.790522,-72.6837,1,0,0,0,0,0,0,0,0,0,0,0,0,0,Grip,4.43196342E-07,0.00268832431
393,7.85999346,6.85999346,-8.992512E-08,0.720715344,80.08238,-8.367368E-09,0.0004503117,6.941965,-7.70515456E-08,-3.4259574E-05,-0.560164452,25.0314064,25.0312023,1.459088E-09,-5.2516097E-10,-7.784446E-08,1.20425634E-08,1,0,4,2065.26514,-7.768434,-72.47762,1,0,0,0,0,0,0,0,0,0,0,0,0,0,Grip,3.41077225E-07,0.00268428051
394,7.87999344,6.87999344,-9.012018E-08,0.7207243,80.221,-9.480964E-09,0.000449775485,6.930775,-5.56797737E-08,-2.68104486E-05,-0.5594969,24.9910736,24.9908733,3.956604E-10,-4.72709871E-10,-5.64770737E-08,3.27085026E-09,1,0,4,2061.956,-7.74637365,-72.2718048,1,0,0,0,0,0,0,0,0,0,0,0,0,0,Grip,3.970217E-07,0.00268027652
395,7.89999342,6.89999342,-9.033093E-08,0.720733166,80.35939,-9.672454E-09,0.000449254148,6.919598,-9.574519E-09,-2.60668457E-05,-0.558853149,24.95079,24.9505882,2.53718824E-10,-4.62617278E-10,-1.037619E-08,2.10083373E-09,1,0,4,2058.65015,-7.72433424,-72.066185,1,0,0,0,0,0,0,0,0,0,0,0,0,0,Grip,3.57368663E-07,0.00267623761
396,7.9199934,6.9199934,-9.055096E-08,0.7207422,80.49756,-1.00112567E-08,0.0004488371,6.90843439,-1.69401382E-08,-2.08528945E-05,-0.5581856,24.910553,24.91035,-6.70112854E-11,-2.34861464E-10,-1.77436021E-08,-5.55761159E-10,1,0,4,2055.34863,-7.702324,-71.86083,1,0,0,0,0,0,0,0,0,0,0,0,0,0,Grip,3.49738656E-07,0.00267223874
397,7.93999338,6.93999338,-9.07703E-08,0.720751,80.6355057,-1.03110436E-08,0.000448211475,6.897284,-1.49893431E-08,-3.1280797E-05,-0.557518,24.8703632,24.870163,-3.49045237E-10,-2.37161624E-10,-1.57945781E-08,-2.89950219E-09,1,0,4,2052.05054,-7.68033648,-71.65569,1,0,0,0,0,0,0,0,0,0,0,0,0,0,Grip,1.77555265E-07,0.00266823
398,7.95999336,6.95999336,-9.0977764E-08,0.720760047,80.77323,-1.04448254E-08,0.000447854,6.88614655,-6.68909372E-09,-1.78741175E-05,-0.5568743,24.8302212,24.83002,-4.961578E-10,-2.084442E-11,-7.493622E-09,-4.12822532E-09,1,0,4,2048.75635,-7.65837574,-71.4508057,1,0,0,0,0,0,0,0,0,0,0,0,0,0,Grip,1.79294176E-07,0.00266416464
399,7.97999334,6.97999334,-9.119E-08,0.7207689,80.91073,-1.032097E-08,0.000447124126,6.875022,6.19277962E-09,-3.6493293E-05,-0.556230545,24.7901268,24.7899284,-3.856302E-10,-1.64956122E-11,5.38896039E-09,-3.21378457E-09,1,0,4,2045.46631,-7.636442,-71.24617,1,0,0,0,0,0,0,0,0,0,0,0,0,0,Grip,1.57583813E-08,0.00266016135
400,7.99999332,6.99999332,-9.136485E-08,0.7207778,81.0480042,-1.033698E-08,0.000446453836,6.86391068,-8.005152E-10,-3.3514516E-05,-0.555563,24.7500782,24.74988,-4.15024459E-10,-3.8284903E-11,-1.60358971E-09,-3.46435081E-09,1,0,4,2042.17969,-7.614531,-71.04175,1,0,0,0,0,0,0,0,0,0,0,0,0,0,Grip,1.24706823E-08,0.00265617319
401,8.019994,7.019994,-9.15432636E-08,0.7207867,81.18505,-9.767923E-09,0.000445858052,6.85281229,2.845284E-08,-2.97892257E-05,-0.554919243,24.7100773,24.7098789,1.406466E-10,-2.93714879E-11,2.765048E-08,1.17592658E-09,1,0,4,2038.897,-7.5926466,-70.83757,1,0,0,0,0,0,0,0,0,0,0,0,0,0,Grip,2.89433864E-08,0.00265217572
402,8.039994,7.03999424,-9.17145755E-08,0.7207955,81.3218842,-9.558858E-09,0.000445247337,6.841727,1.04532827E-08,-3.053574E-05,-0.5542755,24.6701241,24.6699238,3.46490836E-10,-1.05268648E-10,9.650813E-09,2.90165536E-09,1,0,4,2035.618,-7.570787,-70.63362,1,0,0,0,0,0,0,0,0,0,0,0,0,0,Grip,2.22048442E-08,0.002648241
403,8.059995,7.0599947,-9.189793E-08,0.720804334,81.4584961,-9.350919E-09,0.000444651523,6.83065462,1.03969278E-08,-2.979068E-05,-0.553607941,24.6302166,24.6300163,5.612817E-10,-1.6955623E-10,9.59356949E-09,4.70802E-09,1,0,4,2032.34277,-7.54895163,-70.42991,1,0,0,0,0,0,0,0,0,0,0,0,0,0,Grip,7.95830957E-08,0.002644252
404,8.079995,7.079995,-9.208328E-08,0.720813155,81.59489,-9.44053E-09,0.000443996134,6.81959534,-4.48054926E-09,-3.27694579E-05,-0.5529642,24.5903568,24.5901566,4.783125E-10,-1.68293213E-10,-5.28481348E-09,4.01858236E-09,1,0,4,2029.07129,-7.527142,-70.2264252,1,0,0,0,0,0,0,0,0,0,0,0,0,0,Grip,1.2818451E-07,0.00264025363
405,8.099996,7.09999561,-9.2286E-08,0.720822,81.73106,-9.509334E-09,0.000443251367,6.808549,-3.44018147E-09,-3.723835E-05,-0.5523205,24.5505428,24.5503445,4.159606E-10,-1.5788533E-10,-4.24533475E-09,3.50039775E-09,1,0,4,2025.80359,-7.50535727,-70.02318,1,0,0,0,0,0,0,0,0,0,0,0,0,0,Grip,1.27229669E-07,0.002636293
406,8.119996,7.119996,-9.249503E-08,0.720830739,81.8670044,-9.807519E-09,0.000442387449,6.79751539,-1.49092738E-08,-4.31959052E-05,-0.55167675,24.5107746,24.5105782,1.34145139E-10,-2.31003716E-10,-1.57161217E-08,1.13069243E-09,1,0,4,2022.53979,-7.48359871,-69.8201752,1,0,0,0,0,0,0,0,0,0,0,0,0,0,Grip,1.193613E-07,0.002632326
407,8.139997,7.13999653,-9.269597E-08,0.7208395,82.00273,-1.00437356E-08,0.000441598,6.786495,-1.1810819E-08,-3.947207E-05,-0.5510092,24.4710541,24.4708576,-8.60129745E-11,-2.36869829E-10,-1.26193029E-08,-7.261697E-10,1,0,4,2019.27954,-7.46186352,-69.61739,1,0,0,0,0,0,0,0,0,0,0,0,0,0,Grip,1.746388E-07,0.002628349
408,8.159997,7.159997,-9.28979E-08,0.720848262,82.1382446,-1.00290931E-08,0.00044085324,6.775488,7.32125471E-10,-3.723835E-05,-0.550365448,24.4313812,24.4311867,-6.57003341E-11,-1.60135655E-10,-7.718585E-11,-5.55580137E-10,1,0,4,2016.02344,-7.44015646,-69.41487,1,0,0,0,0,0,0,0,0,0,0,0,0,0,Grip,1.79073581E-07,0.00262441067
409,8.179997,7.17999744,-9.30843456E-08,0.720857143,82.27354,-1.00391739E-08,0.000440034026,6.76449347,-5.04041253E-10,-4.096073E-05,-0.5497217,24.3917561,24.39156,-8.040235E-11,-9.376081E-11,-1.31334588E-09,-6.81009471E-10,1,0,4,2012.771,-7.41847324,-69.21257,1,0,0,0,0,0,0,0,0,0,0,0,0,0,Grip,1.21062556E-07,0.002620392
410,8.199998,7.199998,-9.326389E-08,0.7208657,82.40861,-9.800575E-09,0.000438946678,6.753512,1.19299681E-08,-5.436741E-05,-0.549078,24.3521767,24.35198,1.43421275E-10,-1.99820577E-11,1.11214966E-08,1.21675625E-09,1,0,4,2009.52246,-7.39681625,-69.01052,1,0,0,0,0,0,0,0,0,0,0,0,0,0,Grip,7.08831749E-08,0.00261643738
411,8.219998,7.21999836,-9.34509359E-08,0.7208746,82.54346,-9.57998747E-09,0.00043808276,6.7425437,1.10293552E-08,-4.31959052E-05,-0.5484104,24.3126431,24.3124485,3.492442E-10,-1.29538593E-11,1.02217532E-08,2.96773472E-09,1,0,4,2006.27759,-7.375184,-68.80869,1,0,0,0,0,0,0,0,0,0,0,0,0,0,Grip,1.51064352E-08,0.00261249882
412,8.239999,7.239999,-9.362875E-08,0.72088325,82.6780853,-9.591918E-09,0.0004369507,6.731588,-5.96545036E-10,-5.66025847E-05,-0.5477905,24.2731571,24.2729626,3.125198E-10,5.60284423E-11,-1.40253087E-09,2.65998779E-09,1,0,4,2003.0365,-7.35357666,-68.6071,1,0,0,0,0,0,0,0,0,0,0,0,0,0,Grip,9.793117E-09,0.002608599
413,8.259999,7.25999928,-9.380712E-08,0.720891953,82.8125,-9.442073E-09,0.000435908034,6.720645,7.49227347E-09,-5.213369E-05,-0.5471468,24.2337151,24.2335224,4.37674785E-10,5.770308E-11,6.687933E-09,3.7313E-09,1,0,4,1999.79919,-7.331995,-68.4057541,1,0,0,0,0,0,0,0,0,0,0,0,0,0,Grip,-4.23575024E-08,0.00260464451
414,8.28,7.27999973,-9.40004057E-08,0.7209006,82.94669,-9.373974E-09,0.0004348803,6.709715,3.4049652E-09,-5.138718E-05,-0.546503067,24.19432,24.194128,5.11170661E-10,-1.56432658E-10,2.59982347E-09,4.36497238E-09,1,0,4,1996.56567,-7.310438,-68.2046356,1,0,0,0,0,0,0,0,0,0,0,0,0,0,Grip,-4.36235261E-08,0.00260070618
415,8.3,7.3,-9.41911651E-08,0.720909238,83.0806656,-9.57839053E-09,0.0004338823,6.6987977,-1.02208464E-08,-4.98999725E-05,-0.545859337,24.1549721,24.15478,3.11950465E-10,-1.59204552E-10,-1.10267742E-08,2.6681386E-09,1,0,4,1993.33582,-7.288905,-68.00374,1,0,0,0,0,0,0,0,0,0,0,0,0,0,Grip,1.18263088E-07,0.002596736
416,8.320001,7.32000065,-9.438831E-08,0.7209178,83.2144241,-9.628182E-09,0.0004329439,6.687893,-2.489564E-09,-4.691974E-05,-0.545239449,24.1156712,24.1154785,2.67164957E-10,-1.55007451E-10,-3.29629679E-09,2.28881025E-09,1,0,4,1990.10962,-7.2673974,-67.80307,1,0,0,0,0,0,0,0,0,0,0,0,0,0,Grip,1.20358635E-07,0.00259283045
417,8.340001,7.340001,-9.460152E-08,0.7209264,83.34796,-9.750451E-09,0.000432065077,6.67700148,-6.11346529E-09,-4.39409632E-05,-0.5445719,24.0764141,24.0762215,1.497309E-10,-1.46088877E-10,-6.92091673E-09,1.28484146E-09,1,0,4,1986.88733,-7.24591541,-67.60265,1,0,0,0,0,0,0,0,0,0,0,0,0,0,Grip,1.17185628E-07,0.002588919
418,8.360002,7.36000156,-9.481133E-08,0.720935,83.4812851,-1.00579518E-08,0.000431245862,6.666123,-1.53750346E-08,-4.096073E-05,-0.543928146,24.0372047,24.0370121,-1.5313173E-10,-1.50612425E-10,-1.61832254E-08,-1.3161684E-09,1,0,4,1983.66846,-7.22445631,-67.40244,1,0,0,0,0,0,0,0,0,0,0,0,0,0,Grip,1.10443189E-07,0.00258499756
419,8.380002,7.380002,-9.501936E-08,0.7209435,83.61439,-1.01427142E-08,0.0004304564,6.65525675,-4.238121E-09,-3.94735252E-05,-0.543308258,23.9980412,23.99785,-2.334435E-10,-1.51600288E-10,-5.04707165E-09,-2.00972439E-09,1,0,4,1980.45374,-7.203025,-67.20249,1,0,0,0,0,0,0,0,0,0,0,0,0,0,Grip,1.13862988E-07,0.00258114166
420,8.40000248,7.40000248,-9.523223E-08,0.720952034,83.74728,-1.01556E-08,0.000429771229,6.64440346,-6.442846E-10,-3.425812E-05,-0.5426645,23.9589233,23.95873,-2.32166286E-10,-2.22310434E-10,-1.45475221E-09,-2.001994E-09,1,0,4,1977.24243,-7.18161631,-67.0027542,1,0,0,0,0,0,0,0,0,0,0,0,0,0,Grip,1.14609811E-07,0.00257713348
421,8.420003,7.420003,-9.54588444E-08,0.720960557,83.8799438,-1.02454205E-08,0.000429205218,6.633563,-4.49102977E-09,-2.83005647E-05,-0.5420208,23.9198513,23.9196587,-3.278391E-10,-6.512807E-11,-5.30137845E-09,-2.83160984E-09,1,0,4,1974.03491,-7.16023254,-66.80325,1,0,0,0,0,0,0,0,0,0,0,0,0,0,Grip,1.68066677E-07,0.00257323962
422,8.440003,7.4400034,-9.56778E-08,0.7209691,84.0124,-1.05019708E-08,0.0004285796,6.622735,-1.28275168E-08,-3.1280797E-05,-0.5414009,23.880827,23.8806362,-5.903322E-10,-7.206832E-11,-1.36377754E-08,-5.1071507E-09,1,0,4,1970.83118,-7.138875,-66.60399,1,0,0,0,0,0,0,0,0,0,0,0,0,0,Grip,4.923682E-08,0.00256936229
423,8.460004,7.460004,-9.58901E-08,0.7209777,84.14464,-1.0495846E-08,0.0004279838,6.61192,3.06243919E-10,-2.979068E-05,-0.5407572,23.8418446,23.8416557,-5.902354E-10,-7.534994E-11,-5.038817E-10,-5.114665E-09,1,0,4,1967.63123,-7.11754131,-66.40495,1,0,0,0,0,0,0,0,0,0,0,0,0,0,Grip,5.4483646E-08,0.002565479
424,8.480004,7.48000431,-9.60972E-08,0.720986068,84.27665,-1.03909432E-08,0.000427239051,6.601117,5.24513766E-09,-3.72368959E-05,-0.5401373,23.8029118,23.8027229,-4.91450436E-10,-7.663482E-11,4.435117E-09,-4.2656163E-09,1,0,4,1964.43481,-7.096232,-66.20614,1,0,0,0,0,0,0,0,0,0,0,0,0,0,Grip,5.69645557E-08,0.00256161252
425,8.500005,7.500005,-9.63049445E-08,0.7209947,84.4084549,-1.02650359E-08,0.0004267773,6.59032726,6.29536423E-09,-2.30880687E-05,-0.539493561,23.76402,23.7638321,-3.71735531E-10,-7.430221E-11,5.48549162E-09,-3.2318157E-09,1,0,4,1961.24207,-7.074947,-66.00755,1,0,0,0,0,0,0,0,0,0,0,0,0,0,Grip,5.793592E-08,0.00255769119
426,8.520005,7.520005,-9.65222355E-08,0.7210032,84.54005,-1.02217843E-08,0.000426002749,6.57955027,2.16258123E-09,-3.8727012E-05,-0.538849831,23.7251778,23.7249889,-3.34744676E-10,-6.77846043E-11,1.35286382E-09,-2.91498936E-09,1,0,4,1958.0531,-7.05368757,-65.80921,1,0,0,0,0,0,0,0,0,0,0,0,0,0,Grip,5.61724676E-08,0.00255373726
427,8.540006,7.54000568,-9.675431E-08,0.7210116,84.6714249,-1.0356449E-08,0.000425213279,6.56878567,-6.733236E-09,-3.94735252E-05,-0.538229942,23.68638,23.6861916,-4.65950833E-10,-1.3473922E-10,-7.543628E-09,-4.06419476E-09,1,0,4,1954.86792,-7.032453,-65.6111,1,0,0,0,0,0,0,0,0,0,0,0,0,0,Grip,5.124516E-08,0.00254992535
428,8.560006,7.560006,-9.6976E-08,0.72102,84.80258,-1.0656259E-08,0.000424438738,6.55803347,-1.49904977E-08,-3.8727012E-05,-0.537610054,23.6476269,23.64744,-7.82015341E-10,5.50647245E-12,-1.579995E-08,-6.83220858E-09,1,0,4,1951.68616,-7.011241,-65.41319,1,0,0,0,0,0,0,0,0,0,0,0,0,0,Grip,1.01862845E-07,0.002546032
429,8.580007,7.5800066,-9.71835163E-08,0.721028447,84.9335251,-1.06186437E-08,0.000423693971,6.547294,1.88076221E-09,-3.723835E-05,-0.5369663,23.60892,23.6087322,-7.70390862E-10,7.21201154E-11,1.07308384E-09,-6.741689E-09,1,0,4,1948.5083,-6.99005556,-65.21554,1,0,0,0,0,0,0,0,0,0,0,0,0,0,Grip,-4.162893E-09,0.00254218187
430,8.600007,7.600007,-9.737155E-08,0.7210368,85.0642548,-1.037288E-08,0.000422830053,6.536567,1.22881705E-08,-4.31959052E-05,-0.536346436,23.57026,23.57007,-5.407932E-10,-1.11590182E-11,1.14814247E-08,-4.74024642E-09,1,0,4,1945.334,-6.968893,-65.0181,1,0,0,0,0,0,0,0,0,0,0,0,0,0,Grip,-5.4522804E-08,0.00253834948
431,8.62000751,7.62000751,-9.756393E-08,0.7210452,85.19477,-9.955034E-09,0.0004220555,6.525853,2.089231E-08,-3.8727012E-05,-0.5357027,23.531641,23.5314541,-1.29370292E-10,-7.816518E-11,2.00857357E-08,-1.13583876E-09,1,0,4,1942.16333,-6.947756,-64.82089,1,0,0,0,0,0,0,0,0,0,0,0,0,0,Grip,8.436217E-09,0.00253446121
432,8.640008,7.640008,-9.77657E-08,0.7210536,85.32507,-9.845311E-09,0.000421280973,6.5151515,5.486145E-09,-3.8727012E-05,-0.5350828,23.49307,23.4928837,-2.613465E-11,-7.09648243E-11,4.679715E-09,-2.2983257E-10,1,0,4,1938.99622,-6.92664146,-64.6239,1,0,0,0,0,0,0,0,0,0,0,0,0,0,Grip,5.90928764E-08,0.00253064046
433,8.660008,7.66000843,-9.798013E-08,0.721061945,85.45516,-9.946975E-09,0.0004205064,6.50446224,-5.08317832E-09,-3.87284672E-05,-0.5344629,23.4545441,23.4543571,-1.24667388E-10,-1.38756187E-10,-5.89025362E-09,-1.09814791E-09,1,0,4,1935.833,-6.90555334,-64.4271545,1,0,0,0,0,0,0,0,0,0,0,0,0,0,Grip,5.36494049E-08,0.002526764
434,8.680009,7.680009,-9.820812E-08,0.7210703,85.58504,-1.01961311E-08,0.000419791439,6.49378538,-1.24578126E-08,-3.5748235E-05,-0.53384304,23.4160633,23.4158783,-3.70849129E-10,-1.328737E-10,-1.32655193E-08,-3.27204086E-09,1,0,4,1932.67346,-6.88449,-64.23064,1,0,0,0,0,0,0,0,0,0,0,0,0,0,Grip,1.04899677E-07,0.00252298149
435,8.700009,7.70000935,-9.844856E-08,0.7210786,85.7147,-1.05239124E-08,0.000419121148,6.4831214,-1.63890679E-08,-3.3514516E-05,-0.5331993,23.3776264,23.3774414,-6.95809632E-10,-1.28573083E-10,-1.71973564E-08,-6.14929974E-09,1,0,4,1929.51733,-6.86344862,-64.0343246,1,0,0,0,0,0,0,0,0,0,0,0,0,0,Grip,1.0045251E-07,0.00251911674
436,8.72001,7.72001,-9.866912E-08,0.72108686,85.84415,-1.08698774E-08,0.000418525335,6.47247,-1.72982517E-08,-2.979068E-05,-0.5325794,23.3392372,23.33905,-1.04877884E-09,-6.87320964E-11,-1.8106352E-08,-9.283959E-09,1,0,4,1926.36511,-6.842434,-63.8382645,1,0,0,0,0,0,0,0,0,0,0,0,0,0,Grip,9.72012444E-08,0.00251529645
437,8.74001,7.74001026,-9.88883144E-08,0.7210954,85.97338,-1.0699452E-08,0.000418004027,6.46183062,8.521273E-09,-2.606539E-05,-0.531959534,23.30089,23.300705,-8.85425955E-10,-6.70986947E-11,7.713366E-09,-7.850838E-09,1,0,4,1923.21655,-6.82144356,-63.64243,1,0,0,0,0,0,0,0,0,0,0,0,0,0,Grip,5.19614645E-08,0.00251142029
438,8.760011,7.76001072,-9.91041844E-08,0.7211035,86.1024,-1.06093356E-08,0.0004170805,6.451204,4.505818E-09,-4.61761374E-05,-0.531339645,23.26259,23.2624035,-8.216601E-10,8.12537537E-11,3.699694E-09,-7.297444E-09,1,0,4,1920.07153,-6.800477,-63.44682,1,0,0,0,0,0,0,0,0,0,0,0,0,0,Grip,5.07266122E-08,0.002507639
439,8.780011,7.780011,-9.931278E-08,0.721111953,86.23122,-1.051315E-08,0.000416603871,6.44059,4.809264E-09,-2.38316716E-05,-0.5306959,23.2243328,23.22415,-7.51707141E-10,7.762238E-11,4.00495148E-09,-6.68716948E-09,1,0,4,1916.93,-6.779534,-63.2514229,1,0,0,0,0,0,0,0,0,0,0,0,0,0,Grip,-6.142783E-08,0.0025038016
440,8.800012,7.80001163,-9.950775E-08,0.721120238,86.35982,-1.03514592E-08,0.000415799528,6.42998838,8.084555E-09,-4.02171281E-05,-0.530076,23.1861229,23.1859417,-6.257137E-10,1.45507176E-10,7.282799E-09,-5.5755125E-09,1,0,4,1913.79236,-6.758616,-63.056263,1,0,0,0,0,0,0,0,0,0,0,0,0,0,Grip,-5.86825166E-08,0.00249998225
441,8.820012,7.820012,-9.96820759E-08,0.721128464,86.488205,-1.00539834E-08,0.0004149952,6.41939926,1.48737911E-08,-4.02171281E-05,-0.529456139,23.1479568,23.1477757,-3.63741925E-10,1.36066408E-10,1.40745771E-08,-3.24652127E-09,1,0,4,1910.65833,-6.737722,-62.86133,1,0,0,0,0,0,0,0,0,0,0,0,0,0,Grip,-1.1000342E-07,0.00249618082
442,8.840013,7.84001255,-9.986051E-08,0.7211367,86.61638,-9.583789E-09,0.0004143249,6.40882254,2.35097275E-08,-3.3514516E-05,-0.52883625,23.1098366,23.1096554,8.070966E-11,6.850011E-11,2.27122552E-08,7.215502E-10,1,0,4,1907.52808,-6.71685362,-62.66663,1,0,0,0,0,0,0,0,0,0,0,0,0,0,Grip,-1.028662E-07,0.0024923
443,8.860013,7.860013,-1.00041348E-07,0.7211449,86.74435,-9.444812E-09,0.000413729082,6.398258,6.9488415E-09,-2.979068E-05,-0.528216362,23.07176,23.071579,2.03585593E-10,-3.37741185E-12,6.15231643E-09,1.82307514E-09,1,0,4,1904.40137,-6.696009,-62.4721565,1,0,0,0,0,0,0,0,0,0,0,0,0,0,Grip,-5.178608E-08,0.00248851441
444,8.880013,7.88001347,-1.00220078E-07,0.7211531,86.8721,-9.418844E-09,0.000413148169,6.387706,1.29838362E-09,-2.90456228E-05,-0.5276203,23.03373,23.0335464,2.22975416E-10,-7.86710558E-11,5.019854E-10,2.00000616E-09,1,0,4,1901.27808,-6.675187,-62.2778931,1,0,0,0,0,0,0,0,0,0,0,0,0,0,Grip,2.55332333E-09,0.00248472369
445,8.900014,7.900014,-1.00388334E-07,0.721161246,86.99964,-9.368639E-09,0.000412746,6.377166,2.51025867E-09,-2.01078365E-05,-0.5270004,22.99574,22.9955578,2.57021071E-10,-9.194219E-12,1.714815E-09,2.309193E-09,1,0,4,1898.15857,-6.65439034,-62.0838623,1,0,0,0,0,0,0,0,0,0,0,0,0,0,Grip,5.94753153E-08,0.00248093065
446,8.920014,7.92001438,-1.00599458E-07,0.7211695,87.126976,-9.16661946E-09,0.000412343827,6.366638,1.01009867E-08,-2.01092917E-05,-0.526380539,22.9577961,22.9576168,4.619043E-10,-1.30986888E-10,9.304931E-09,4.15681845E-09,1,0,4,1895.04224,-6.633615,-61.8900337,1,0,0,0,0,0,0,0,0,0,0,0,0,0,Grip,6.95082969E-09,0.002477156
447,8.940015,7.940015,-1.0086238E-07,0.721177638,87.25409,-9.783576E-09,0.000411807618,6.356123,-3.0847815E-08,-2.68104486E-05,-0.525760651,22.9198971,22.9197159,-1.71220371E-10,4.134197E-11,-3.16429052E-08,-1.54341373E-09,1,0,4,1891.92981,-6.612865,-61.69644,1,0,0,0,0,0,0,0,0,0,0,0,0,0,Grip,9.902608E-08,0.00247327425
448,8.960015,7.9600153,-1.01113052E-07,0.7211858,87.3810043,-1.08831E-08,0.000411286281,6.34562,-5.49762E-08,-2.60668457E-05,-0.525140762,22.8820419,22.8818626,-1.475831E-09,1.50922452E-09,-5.57546933E-08,-1.33254465E-08,1,0,4,1888.821,-6.59214,-61.5030861,1,0,0,0,0,0,0,0,0,0,0,0,0,0,Grip,-3.125453E-08,0.00246953988
449,8.980016,7.98001575,-1.01289743E-07,0.721193969,87.5077057,-1.10662146E-08,0.000410705368,6.33512926,-9.155743E-09,-2.90456228E-05,-0.5245447,22.8442326,22.8440514,-1.7584556E-09,6.362137E-10,-9.926404E-09,-1.59035878E-08,1,0,4,1885.7157,-6.571438,-61.3099365,1,0,0,0,0,0,0,0,0,0,0,0,0,0,Grip,-1.14097372E-06,0.0024657764
450,9.000016,8.000016,-1.01454326E-07,0.721202135,87.6342,-9.918378E-09,0.000410049979,6.324651,5.73918264E-08,-3.27694579E-05,-0.5239248,22.8064651,22.806284,-6.716112E-10,3.40564882E-10,5.662585E-08,-6.084159E-09,1,0,4,1882.61389,-6.55075932,-61.117012,1,0,0,0,0,0,0,0,0,0,0,0,0,0,Grip,-4.809775E-07,0.00246200757
451,9.020017,8.020017,-1.01604684E-07,0.7212104,87.76048,-9.237643E-09,0.0004093052,6.31418467,3.40367734E-08,-3.723835E-05,-0.523304939,22.7687416,22.7685623,-3.26068061E-11,1.89110172E-10,3.32738921E-08,-2.95876268E-10,1,0,4,1879.51575,-6.53010464,-60.92431,1,0,0,0,0,0,0,0,0,0,0,0,0,0,Grip,-2.57467036E-07,0.00245820964
452,9.040017,8.040017,-1.01730194E-07,0.721218348,87.88656,-8.711648E-09,0.000408232765,6.303731,2.6299718E-08,-5.36223524E-05,-0.522685051,22.7310638,22.7308865,4.70676831E-10,3.08202942E-11,2.55383537E-08,4.27803437E-09,1,0,4,1876.42114,-6.50947428,-60.73183,1,0,0,0,0,0,0,0,0,0,0,0,0,0,Grip,-1.42967281E-07,0.00245443056
453,9.060018,8.060018,-1.01848023E-07,0.721226633,88.01242,-8.074943E-09,0.000407562475,6.29328966,3.18352456E-08,-3.3514516E-05,-0.522065163,22.69343,22.6932526,1.084751E-09,3.347772E-11,3.10753947E-08,9.875781E-09,1,0,4,1873.33008,-6.488867,-60.53957,1,0,0,0,0,0,0,0,0,0,0,0,0,0,Grip,-2.33001423E-08,0.002450646
454,9.080018,8.080018,-1.01947172E-07,0.7212347,88.13808,-7.670109E-09,0.000406445353,6.28286028,2.024172E-08,-5.585607E-05,-0.5214691,22.6558418,22.6556644,1.46701851E-09,2.71655736E-11,1.94833447E-08,1.33781874E-08,1,0,4,1870.2428,-6.46828556,-60.34755,1,0,0,0,0,0,0,0,0,0,0,0,0,0,Grip,-2.53091557E-08,0.00244695926
455,9.1000185,8.1000185,-1.02077529E-07,0.7212428,88.26353,-7.17481141E-09,0.000405447354,6.27244329,2.476488E-08,-4.98999725E-05,-0.5208492,22.6182957,22.6181183,1.93053E-09,1.24901367E-10,2.40087861E-08,1.76343278E-08,1,0,4,1867.15894,-6.44772625,-60.15574,1,0,0,0,0,0,0,0,0,0,0,0,0,0,Grip,-2.05371737E-08,0.00244319183
456,9.120019,8.120019,-1.02208496E-07,0.7212508,88.38877,-7.464238E-09,0.000404494058,6.262038,-1.44713352E-08,-4.76648E-05,-0.5202532,22.5807953,22.5806179,1.61881E-09,4.66924763E-11,-1.5225968E-08,1.48115076E-08,1,0,4,1864.07874,-6.42719173,-59.9641571,1,0,0,0,0,0,0,0,0,0,0,0,0,0,Grip,-9.442543E-08,0.00243941927
457,9.140019,8.140019,-1.02352423E-07,0.721258759,88.5138,-7.571712E-09,0.000403674843,6.25164557,-5.37370148E-09,-4.096073E-05,-0.5196333,22.5433369,22.54316,1.49844581E-09,-2.18237147E-11,-6.12761752E-09,1.37330121E-08,1,0,4,1861.0022,-6.406681,-59.7727966,1,0,0,0,0,0,0,0,0,0,0,0,0,0,Grip,-3.529951E-08,0.00243572076
458,9.16002,8.16002,-1.02494134E-07,0.7212668,88.6386261,-7.815784E-09,0.000402900274,6.241265,-1.22035715E-08,-3.87284672E-05,-0.519037247,22.5059242,22.5057468,1.24146826E-09,-2.57421827E-11,-1.29568027E-08,1.13967786E-08,1,0,4,1857.929,-6.386193,-59.581646,1,0,0,0,0,0,0,0,0,0,0,0,0,0,Grip,1.64987277E-08,0.00243191374
459,9.18002,8.18002,-1.02644826E-07,0.7212748,88.7632446,-7.863442E-09,0.000402095931,6.23089647,-2.38293829E-09,-4.02171281E-05,-0.518417358,22.4685535,22.4683781,1.199453E-09,-1.69760761E-10,-3.13699244E-09,1.10293961E-08,1,0,4,1854.85938,-6.36572933,-59.3907242,1,0,0,0,0,0,0,0,0,0,0,0,0,0,Grip,1.94610887E-08,0.002428181
460,9.200021,8.200021,-1.02822383E-07,0.7212827,88.88766,-8.027077E-09,0.0004013214,6.22054052,-8.181722E-09,-3.8727012E-05,-0.51779747,22.4312267,22.4310513,1.04129594E-09,-1.55106733E-10,-8.936582E-09,9.591027E-09,1,0,4,1851.79333,-6.345289,-59.2000237,1,0,0,0,0,0,0,0,0,0,0,0,0,0,Grip,1.28339124E-07,0.00242449529
461,9.220021,8.220021,-1.03016639E-07,0.7212907,89.01186,-8.536559E-09,0.0004006362,6.210196,-2.54741117E-08,-3.4259574E-05,-0.517225266,22.3939457,22.39377,5.37116129E-10,-1.503261E-10,-2.62298325E-08,4.95543651E-09,1,0,4,1848.731,-6.32487345,-59.009552,1,0,0,0,0,0,0,0,0,0,0,0,0,0,Grip,1.1726069E-07,0.00242075277
462,9.240022,8.240022,-1.03211036E-07,0.721298635,89.1358643,-9.019035E-09,0.000399921235,6.199864,-2.41238141E-08,-3.5748235E-05,-0.5166054,22.3567047,22.35653,5.05213649E-11,-8.034664E-11,-2.48795438E-08,4.668872E-10,1,0,4,1845.67212,-6.30448055,-58.81929,1,0,0,0,0,0,0,0,0,0,0,0,0,0,Grip,1.13646529E-07,0.00241700839
463,9.260022,8.260022,-1.03414855E-07,0.721306562,89.25966,-9.213403E-09,0.000399310549,6.189544,-9.718404E-09,-3.05342837E-05,-0.5159855,22.31951,22.319334,-1.48041579E-10,-7.66256364E-11,-1.04741336E-08,-1.37038947E-09,1,0,4,1842.6167,-6.284111,-58.6292458,1,0,0,0,0,0,0,0,0,0,0,0,0,0,Grip,6.074206E-08,0.00241331151
464,9.280023,8.280023,-1.03633049E-07,0.7213145,89.38324,-9.451263E-09,0.00039865516,6.179236,-1.18929755E-08,-3.27694579E-05,-0.5154133,22.2823582,22.2821827,-3.80974363E-10,-1.44991061E-10,-1.26495339E-08,-3.53248186E-09,1,0,4,1839.565,-6.26376629,-58.4394341,1,0,0,0,0,0,0,0,0,0,0,0,0,0,Grip,5.792898E-08,0.00240961
465,9.300023,8.300023,-1.03845096E-07,0.7213224,89.50662,-9.795265E-09,0.000397999771,6.16894,-1.7200108E-08,-3.27694579E-05,-0.5147934,22.2452488,22.2450752,-7.202354E-10,-1.51439569E-10,-1.79574116E-08,-6.689335E-09,1,0,4,1836.51636,-6.24344254,-58.24982,1,0,0,0,0,0,0,0,0,0,0,0,0,0,Grip,1.09613239E-07,0.00240590656
466,9.320024,8.320024,-1.04058721E-07,0.721330464,89.6298,-9.837623E-09,0.000397329481,6.158656,-2.11790585E-09,-3.3514516E-05,-0.51419735,22.2081833,22.20801,-7.58030971E-10,-1.49992657E-10,-2.87597546E-09,-7.05212466E-09,1,0,4,1833.47131,-6.223142,-58.06042,1,0,0,0,0,0,0,0,0,0,0,0,0,0,Grip,1.14488309E-07,0.0024021985
467,9.340024,8.340024,-1.04284645E-07,0.721338332,89.75277,-9.890336E-09,0.000396406,6.148384,-2.635625E-09,-4.61746822E-05,-0.5136013,22.1711617,22.1709881,-8.154917E-10,-6.8157445E-11,-3.39368156E-09,-7.599368E-09,1,0,4,1830.43018,-6.202868,-57.87127,1,0,0,0,0,0,0,0,0,0,0,0,0,0,Grip,1.13394442E-07,0.00239851372
468,9.360024,8.360024,-1.04502583E-07,0.721346259,89.8755341,-1.01247171E-08,0.00039566122,6.138124,-1.171907E-08,-3.723835E-05,-0.513005257,22.134182,22.1340084,-1.06385034E-09,-5.366297E-13,-1.24763426E-08,-9.930333E-09,1,0,4,1827.39221,-6.182615,-57.682312,1,0,0,0,0,0,0,0,0,0,0,0,0,0,Grip,5.1527028E-08,0.00239485246
469,9.380025,8.380025,-1.04752935E-07,0.721354067,89.99809,-1.00866977E-08,0.000394812174,6.127876,1.90096827E-09,-4.24523023E-05,-0.5124092,22.0972462,22.0970726,-1.03063513E-09,-5.59679837E-11,1.1437169E-09,-9.63638E-09,1,0,4,1824.35779,-6.16238546,-57.493576,1,0,0,0,0,0,0,0,0,0,0,0,0,0,Grip,4.05692063E-10,0.00239110878
470,9.400025,8.400025,-1.04990406E-07,0.7213619,90.1204453,-1.06301856E-08,0.0003940972,6.11764,-2.71743961E-08,-3.5748235E-05,-0.5117893,22.0603523,22.06018,-1.60633906E-09,1.54045249E-10,-2.79293E-08,-1.50443089E-08,1,0,4,1821.327,-6.14218,-57.3050652,1,0,0,0,0,0,0,0,0,0,0,0,0,0,Grip,4.23117932E-08,0.00238738838
471,9.420026,8.420026,-1.052124E-07,0.7213697,90.2425842,-1.06261782E-08,0.000393486524,6.107416,2.00373051E-10,-3.05342837E-05,-0.5111933,22.0235043,22.0233326,-1.62527591E-09,6.983502E-11,-5.529919E-10,-1.5247144E-08,1,0,4,1818.29956,-6.121997,-57.11676,1,0,0,0,0,0,0,0,0,0,0,0,0,0,Grip,-1.164582E-07,0.0023837164
472,9.440026,8.440026,-1.05421648E-07,0.7213775,90.3645248,-1.03696562E-08,0.0003929056,6.09720373,1.28260957E-08,-2.90456228E-05,-0.5106211,21.9866982,21.9865284,-1.40068313E-09,1.39409234E-10,1.20749881E-08,-1.31621878E-08,1,0,4,1815.27576,-6.10183859,-56.928688,1,0,0,0,0,0,0,0,0,0,0,0,0,0,Grip,-5.27952722E-08,0.002380068
473,9.460027,8.460027,-1.05627734E-07,0.721385241,90.48627,-1.00535651E-08,0.0003923098,6.08700371,1.58045577E-08,-2.979068E-05,-0.5100012,21.9499321,21.9497623,-1.10726539E-09,6.5874875E-11,1.50550044E-08,-1.0422383E-08,1,0,4,1812.25549,-6.08170366,-56.7408333,1,0,0,0,0,0,0,0,0,0,0,0,0,0,Grip,-1.05393376E-07,0.00237636524
474,9.480027,8.480027,-1.05838964E-07,0.721393049,90.6078,-9.879359E-09,0.000391862937,6.076815,8.710321E-09,-2.234301E-05,-0.509429,21.9132118,21.9130421,-9.556276E-10,7.035429E-11,7.962247E-09,-9.010139E-09,1,0,4,1809.23865,-6.06159067,-56.5531845,1,0,0,0,0,0,0,0,0,0,0,0,0,0,Grip,-4.98014039E-08,0.002372711
475,9.500028,8.500028,-1.06032665E-07,0.721400857,90.72913,-9.899785E-09,0.000391311827,6.066639,-1.02131636E-09,-2.75555067E-05,-0.5088091,21.8765335,21.8763638,-9.985417E-10,5.964884E-11,-1.767848E-09,-9.430548E-09,1,0,4,1806.22522,-6.04150152,-56.365757,1,0,0,0,0,0,0,0,0,0,0,0,0,0,Grip,-5.31878435E-08,0.00236908416
476,9.520028,8.520028,-1.06210067E-07,0.7214086,90.8502655,-9.608375E-09,0.000390626636,6.056474,1.45704782E-08,-3.4259574E-05,-0.5082369,21.8399,21.83973,-7.205241E-10,-2.11175938E-11,1.3824657E-08,-6.816281E-09,1,0,4,1803.215,-6.021433,-56.178524,1,0,0,0,0,0,0,0,0,0,0,0,0,0,Grip,-4.50945237E-08,0.00236531766
477,9.540029,8.540029,-1.06373925E-07,0.721416354,90.97119,-9.218449E-09,0.000389986148,6.046322,1.94963157E-08,-3.20244E-05,-0.507617,21.8033066,21.8031368,-3.43996831E-10,-2.42632268E-11,1.87512761E-08,-3.25973271E-09,1,0,4,1800.20874,-6.00139141,-55.99154,1,0,0,0,0,0,0,0,0,0,0,0,0,0,Grip,1.59649E-08,0.00236165687
478,9.560029,8.560029,-1.06527956E-07,0.7214241,91.09191,-8.833019E-09,0.000389360532,6.036181,1.92715177E-08,-3.1280797E-05,-0.5070448,21.766758,21.76659,1.90372162E-11,4.90647037E-11,1.85279472E-08,1.80700774E-10,1,0,4,1797.20557,-5.98137045,-55.80475,1,0,0,0,0,0,0,0,0,0,0,0,0,0,Grip,1.83429982E-08,0.002358045
479,9.58002949,8.58002949,-1.066758E-07,0.7214318,91.21243,-8.50603854E-09,0.000388720044,6.026052,1.6349011E-08,-3.20244E-05,-0.506448746,21.7302513,21.7300835,3.23709948E-10,4.89196843E-11,1.5606938E-08,3.07781112E-09,1,0,4,1794.20618,-5.96137476,-55.6181946,1,0,0,0,0,0,0,0,0,0,0,0,0,0,Grip,-3.70929136E-08,0.00235443236
480,9.60003,8.60003,-1.06824182E-07,0.7214396,91.33275,-8.262762E-09,0.000388094457,6.015935,1.21638255E-08,-3.127934E-05,-0.5058527,21.6937866,21.6936188,5.268559E-10,2.0043224E-10,1.14247527E-08,5.017732E-09,1,0,4,1791.21,-5.94139957,-55.43183,1,0,0,0,0,0,0,0,0,0,0,0,0,0,Grip,-3.698328E-08,0.00235073641
481,9.62003,8.62003,-1.06976216E-07,0.72144717,91.4528656,-8.158173E-09,0.0003873199,6.00583,5.22946131E-09,-3.87284672E-05,-0.505256653,21.6573658,21.657196,6.094698E-10,5.35596151E-11,4.491865E-09,5.814307E-09,1,0,4,1788.21741,-5.921449,-55.2457,1,0,0,0,0,0,0,0,0,0,0,0,0,0,Grip,-1.51526763E-07,0.0023471727
482,9.640031,8.640031,-1.07138746E-07,0.721455,91.57278,-8.169744E-09,0.00038679858,5.995736,-5.785594E-10,-2.606539E-05,-0.504684448,21.6209869,21.62082,5.76021E-10,5.9035124E-11,-1.31471933E-09,5.504458E-09,1,0,4,1785.22815,-5.901521,-55.0597763,1,0,0,0,0,0,0,0,0,0,0,0,0,0,Grip,-4.04910665E-08,0.00234347116
483,9.660031,8.660031,-1.07315955E-07,0.7214627,91.69249,-8.34228E-09,0.0003860389,5.98565435,-8.626788E-09,-3.798341E-05,-0.5040884,21.58465,21.5844822,3.72798681E-10,1.3941652E-10,-9.360732E-09,3.568465E-09,1,0,4,1782.24268,-5.881618,-54.8740845,1,0,0,0,0,0,0,0,0,0,0,0,0,0,Grip,-4.46305535E-08,0.00233984832
484,9.680032,8.680032,-1.075108E-07,0.721470356,91.8120041,-8.646706E-09,0.00038524947,5.97558451,-1.52212909E-08,-3.947207E-05,-0.503492355,21.5483551,21.54819,2.00905959E-11,2.938285E-10,-1.59515317E-08,1.926332E-10,1,0,4,1779.26038,-5.861736,-54.6885872,1,0,0,0,0,0,0,0,0,0,0,0,0,0,Grip,-1.05398883E-07,0.00233617029
485,9.700032,8.700032,-1.07727232E-07,0.721478,91.93131,-9.049146E-09,0.000384594081,5.96552658,-2.01220374E-08,-3.27694579E-05,-0.5028963,21.512104,21.5119381,-4.480123E-10,4.4833956E-10,-2.08471054E-08,-4.302886E-09,1,0,4,1776.28149,-5.84187651,-54.5033035,1,0,0,0,0,0,0,0,0,0,0,0,0,0,Grip,-2.22134332E-07,0.00233251671
486,9.720033,8.720033,-1.07967978E-07,0.7214856,92.05042,-9.556191E-09,0.0003839536,5.95548,-2.53522536E-08,-3.20244E-05,-0.5023241,21.4758949,21.475729,-1.00242659E-09,3.04613168E-10,-2.60737174E-08,-9.643941E-09,1,0,4,1773.30615,-5.82204056,-54.31824,1,0,0,0,0,0,0,0,0,0,0,0,0,0,Grip,-3.389447E-07,0.0023289423
487,9.740033,8.740033,-1.082016E-07,0.721493244,92.1693344,-1.0164861E-08,0.000383432256,5.94544554,-3.043348E-08,-2.60668457E-05,-0.501728058,21.4397278,21.4395618,-1.64926739E-09,2.1721433E-10,-3.115208E-08,-1.5893713E-08,1,0,4,1770.33435,-5.802229,-54.1334038,1,0,0,0,0,0,0,0,0,0,0,0,0,0,Grip,-2.30287554E-07,0.0023253127
488,9.760034,8.760034,-1.08449434E-07,0.7215008,92.28804,-1.02725819E-08,0.000382836442,5.93542242,-5.386047E-09,-2.979068E-05,-0.501155853,21.4036026,21.4034367,-1.78604065E-09,1.482306E-10,-6.102583E-09,-1.72408381E-08,1,0,4,1767.36572,-5.78243828,-53.94876,1,0,0,0,0,0,0,0,0,0,0,0,0,0,Grip,-1.64214029E-07,0.002321708
489,9.780034,8.780034,-1.08711639E-07,0.7215084,92.40655,-1.05669749E-08,0.000382508762,5.92541075,-1.47196477E-08,-1.63840014E-05,-0.500583649,21.36752,21.3673553,-2.10047357E-09,7.767661E-11,-1.54348765E-08,-2.0310349E-08,1,0,4,1764.40063,-5.762671,-53.7643356,1,0,0,0,0,0,0,0,0,0,0,0,0,0,Grip,-1.12062324E-07,0.002318157
490,9.80003452,8.80003452,-1.08988836E-07,0.721516,92.52486,-1.09390355E-08,0.00038215128,5.915411,-1.860303E-08,-1.78741175E-05,-0.4999876,21.3314781,21.3313141,-2.50127652E-09,1.5585512E-10,-1.931618E-08,-2.42267664E-08,1,0,4,1761.43884,-5.742925,-53.5801125,1,0,0,0,0,0,0,0,0,0,0,0,0,0,Grip,-5.87235149E-08,0.00231449679
491,9.820035,8.820035,-1.09214824E-07,0.7215235,92.64297,-1.13492344E-08,0.000381659716,5.905423,-2.050995E-08,-2.45781848E-05,-0.499391556,21.2954788,21.2953148,-2.93130764E-09,4.668304E-11,-2.12217763E-08,-2.84399633E-08,1,0,4,1758.48047,-5.723203,-53.39611,1,0,0,0,0,0,0,0,0,0,0,0,0,0,Grip,-1.17826467E-07,0.00231086113
492,9.840035,8.840035,-1.09419524E-07,0.721531153,92.76088,-1.06246123E-08,0.000381302234,5.8954463,3.6231107E-08,-1.78741175E-05,-0.4988432,21.2595234,21.25936,-2.23522711E-09,1.168874E-10,3.552127E-08,-2.17231886E-08,1,0,4,1755.52563,-5.70350456,-53.21233,1,0,0,0,0,0,0,0,0,0,0,0,0,0,Grip,-3.5292377E-08,0.00230736029
493,9.860036,8.860036,-1.09602325E-07,0.7215387,92.8785858,-9.989309E-09,0.0003807809,5.88548136,3.176517E-08,-2.60668457E-05,-0.498247147,21.2236061,21.223444,-1.61079328E-09,-3.7913183E-11,3.10559E-08,-1.56810955E-08,1,0,4,1752.57385,-5.683826,-53.0287323,1,0,0,0,0,0,0,0,0,0,0,0,0,0,Grip,-8.83668747E-08,0.00230372371
494,9.880036,8.880036,-1.09758787E-07,0.7215463,92.99609,-9.379313E-09,0.000380274461,5.875528,3.049978E-08,-2.53217877E-05,-0.497674942,21.1877327,21.1875687,-1.02045217E-09,2.86870944E-11,2.97917868E-08,-9.950945E-09,1,0,4,1749.62573,-5.6641717,-52.8453636,1,0,0,0,0,0,0,0,0,0,0,0,0,0,Grip,2.86623649E-08,0.002300167
495,9.900037,8.900037,-1.09916179E-07,0.7215539,93.1133957,-8.6891605E-09,0.000379648875,5.86558628,3.4507643E-08,-3.127934E-05,-0.4970789,21.1519,21.1517372,-3.411431E-10,-3.756554E-11,3.3800216E-08,-3.33229733E-09,1,0,4,1746.68091,-5.64453936,-52.6621971,1,0,0,0,0,0,0,0,0,0,0,0,0,0,Grip,-2.1687443E-08,0.002296555
496,9.920037,8.920037,-1.10074822E-07,0.7215613,93.23051,-8.447373E-09,0.0003789339,5.855656,1.20893962E-08,-3.5748235E-05,-0.4965067,21.11611,21.1159477,-1.27649891E-10,1.14908263E-10,1.13839844E-08,-1.2490029E-09,1,0,4,1743.73962,-5.624931,-52.4792557,1,0,0,0,0,0,0,0,0,0,0,0,0,0,Grip,2.83995476E-08,0.00229302375
497,9.940038,8.940038,-1.10230744E-07,0.721568942,93.34742,-8.366197E-09,0.000378397672,5.84573746,4.05879774E-09,-2.68119038E-05,-0.4959345,21.0803623,21.0801983,-8.331291E-11,1.8788196E-10,3.35612738E-09,-8.165665E-10,1,0,4,1740.80151,-5.60534334,-52.29651,1,0,0,0,0,0,0,0,0,0,0,0,0,0,Grip,-8.687064E-08,0.00228946656
498,9.960038,8.960038,-1.10375133E-07,0.721576452,93.4641342,-8.27194846E-09,0.000377593329,5.83583069,4.71240824E-09,-4.02171281E-05,-0.49533844,21.0446548,21.0444927,-2.5671909E-11,1.811311E-10,4.012496E-09,-2.52042637E-10,1,0,4,1737.8667,-5.58577776,-52.1139641,1,0,0,0,0,0,0,0,0,0,0,0,0,0,Grip,-1.42038758E-07,0.00228587934
499,9.980039,8.980039,-1.10499876E-07,0.721583962,93.58065,-8.018424E-09,0.000376699638,5.82593536,1.26762156E-08,-4.46845661E-05,-0.494766235,21.00899,21.00883,2.08811635E-10,2.28472883E-11,1.19775381E-08,2.05356065E-09,1,0,4,1734.93542,-5.5662365,-51.93165,1,0,0,0,0,0,0,0,0,0,0,0,0,0,Grip,-1.369351E-07,0.002282292
500,10.0000391,9.000039,-1.10622835E-07,0.7215914,93.69697,-7.569071E-09,0.000375701638,5.81605148,2.24676722E-08,-4.98999725E-05,-0.494194031,20.9733677,20.9732056,6.478462E-10,-4.764339E-11,2.17694911E-08,6.38207931E-09,1,0,4,1732.00757,-5.54671764,-51.7495422,1,0,0,0,0,0,0,0,0,0,0,0,0,0,Grip,-1.727255E-08,0.00227873
501,10.02004,9.02004,-1.10745525E-07,0.721598864,93.8130951,-7.36232764E-09,0.000374852621,5.806179,1.03371534E-08,-4.24508471E-05,-0.493621826,20.9377842,20.937624,8.44242E-10,-4.514714E-11,9.639472E-09,8.33096E-09,1,0,4,1729.08313,-5.52722073,-51.5676422,1,0,0,0,0,0,0,0,0,0,0,0,0,0,Grip,3.60184025E-08,0.00227511232
502,10.04004,9.04004,-1.10892941E-07,0.721606255,93.92902,-7.26841565E-09,0.0003739887,5.79631853,4.69559946E-09,-4.31959052E-05,-0.49302578,20.9022446,20.9020824,9.278094E-10,-2.97899864E-11,3.99845534E-09,9.171175E-09,1,0,4,1726.16223,-5.507748,-51.3859673,1,0,0,0,0,0,0,0,0,0,0,0,0,0,Grip,3.41312365E-08,0.00227160612
503,10.06004,9.06004,-1.1103181E-07,0.721613646,94.044754,-7.658488E-09,0.000373154558,5.786469,-1.95036218E-08,-4.17072442E-05,-0.492477417,20.8667469,20.8665848,5.27353272E-10,-3.88546E-11,-2.0200293E-08,5.22163424E-09,1,0,4,1723.24438,-5.48829556,-51.20448,1,0,0,0,0,0,0,0,0,0,0,0,0,0,Grip,2.252123E-08,0.00226806966
504,10.0800409,9.080041,-1.11176121E-07,0.7216211,94.1602859,-7.636095E-09,0.0003724396,5.776631,1.11963772E-09,-3.5748235E-05,-0.4919052,20.8312874,20.83113,5.307461E-10,3.912423E-11,4.24207475E-10,5.264179E-09,1,0,4,1720.33008,-5.4688673,-51.02322,1,0,0,0,0,0,0,0,0,0,0,0,0,0,Grip,2.93740765E-08,0.00226450735
505,10.1000414,9.100041,-1.11316545E-07,0.7216284,94.27562,-7.710528E-09,0.000371635251,5.766804,-3.72164521E-09,-4.02171281E-05,-0.491333,20.79587,20.7957115,4.37371916E-10,3.58097649E-11,-4.41583747E-09,4.34544356E-09,1,0,4,1717.41907,-5.44946051,-50.84216,1,0,0,0,0,0,0,0,0,0,0,0,0,0,Grip,-2.95779188E-08,0.00226088869
506,10.1200418,9.120042,-1.11470513E-07,0.7216358,94.39076,-7.655667E-09,0.000370964961,5.75698948,2.74305023E-09,-3.3514516E-05,-0.490736961,20.7604942,20.7603359,4.562315E-10,1.92624472E-10,2.05158668E-09,4.540548E-09,1,0,4,1714.51135,-5.43007565,-50.6613,1,0,0,0,0,0,0,0,0,0,0,0,0,0,Grip,-2.70721809E-08,0.002257382
507,10.1400423,9.140042,-1.11628104E-07,0.72164315,94.50571,-7.857958E-09,0.00037025,5.747186,-1.01145314E-08,-3.5748235E-05,-0.490164757,20.7251625,20.7250042,2.26735075E-10,1.16693544E-10,-1.08040465E-08,2.26038188E-09,1,0,4,1711.60681,-5.41071224,-50.4806442,1,0,0,0,0,0,0,0,0,0,0,0,0,0,Grip,-1.456241E-07,0.002253902
508,10.1600428,9.160043,-1.11776238E-07,0.7216505,94.62045,-7.983329E-09,0.0003695946,5.737394,-6.26854124E-09,-3.27694579E-05,-0.4896164,20.6898689,20.6897125,7.429879E-11,1.09132543E-10,-6.95615165E-09,7.41968431E-10,1,0,4,1708.70581,-5.391372,-50.30021,1,0,0,0,0,0,0,0,0,0,0,0,0,0,Grip,-8.822032E-08,0.002250366
509,10.1800432,9.180043,-1.11927932E-07,0.7216579,94.73501,-7.847487E-09,0.000368954119,5.727613,6.792078E-09,-3.20244E-05,-0.4890442,20.6546173,20.654459,2.00279793E-10,-3.68421162E-11,6.10493966E-09,2.00346539E-09,1,0,4,1705.80835,-5.37205553,-50.1199875,1,0,0,0,0,0,0,0,0,0,0,0,0,0,Grip,-8.25042E-08,0.00224685972
510,10.2000437,9.200044,-1.12073955E-07,0.7216653,94.8493652,-7.858879E-09,0.000368239154,5.717844,-5.695888E-10,-3.5748235E-05,-0.488448143,20.6194057,20.6192474,1.78997261E-10,-3.99349859E-11,-1.25621835E-09,1.79362836E-09,1,0,4,1702.914,-5.35275936,-49.93996,1,0,0,0,0,0,0,0,0,0,0,0,0,0,Grip,2.785264E-08,0.002243297
511,10.2200441,9.220044,-1.12232648E-07,0.7216724,94.9635239,-7.754811E-09,0.000367315661,5.708086,5.20339327E-09,-4.61746822E-05,-0.48789978,20.5842381,20.58408,2.73162826E-10,-3.13359338E-11,4.517209E-09,2.74188627E-09,1,0,4,1700.023,-5.33348656,-49.7601471,1,0,0,0,0,0,0,0,0,0,0,0,0,0,Grip,3.01908472E-08,0.002239761
512,10.2400446,9.240045,-1.1239289E-07,0.7216799,95.07749,-7.938843E-09,0.0003668241,5.69833946,-9.201617E-09,-2.45781848E-05,-0.487327576,20.5491085,20.5489521,7.92059751E-11,-3.232581E-11,-9.88732E-09,7.963939E-10,1,0,4,1697.1355,-5.31423664,-49.58055,1,0,0,0,0,0,0,0,0,0,0,0,0,0,Grip,2.36899655E-08,0.00223619863
513,10.2600451,9.260045,-1.12567342E-07,0.7216872,95.19126,-8.026299E-09,0.000365960179,5.68860435,-4.372769E-09,-4.31959052E-05,-0.486755371,20.51402,20.5138645,-2.665157E-11,4.93248081E-11,-5.057263E-09,-2.684327E-10,1,0,4,1694.2511,-5.295007,-49.4011459,1,0,0,0,0,0,0,0,0,0,0,0,0,0,Grip,2.44383109E-08,0.00223275
514,10.2800455,9.28004551,-1.12744125E-07,0.721694469,95.30484,-8.305158E-09,0.000365185639,5.67888,-1.394298E-08,-3.8727012E-05,-0.486207,20.4789753,20.4788189,-3.15393045E-10,-2.72302875E-11,-1.46270267E-08,-3.182055E-09,1,0,4,1691.37,-5.27579975,-49.2219429,1,0,0,0,0,0,0,0,0,0,0,0,0,0,Grip,-3.72895528E-08,0.002229245
515,10.300046,9.300046,-1.12935176E-07,0.7217017,95.41822,-8.4441E-09,0.000364470674,5.66916752,-6.947065E-09,-3.5748235E-05,-0.4856348,20.4439678,20.4438114,-4.64224215E-10,-2.0549392E-11,-7.630629E-09,-4.691663E-09,1,0,4,1688.49243,-5.25661659,-49.04297,1,0,0,0,0,0,0,0,0,0,0,0,0,0,Grip,2.05860964E-08,0.00222577038
516,10.3200464,9.320046,-1.13095176E-07,0.7217089,95.53141,-8.750317E-09,0.000363904634,5.65946627,-1.53108637E-08,-2.830202E-05,-0.4850626,20.4090023,20.4088459,-7.972334E-10,1.07377648E-10,-1.59924962E-08,-8.071018E-09,1,0,4,1685.61792,-5.23745251,-48.8641739,1,0,0,0,0,0,0,0,0,0,0,0,0,0,Grip,1.553534E-08,0.002222239
517,10.3400469,9.340047,-1.132562E-07,0.7217161,95.64441,-8.289144E-09,0.0003634578,5.64977646,2.30586661E-08,-2.23415555E-05,-0.4844904,20.3740788,20.3739223,-3.54286378E-10,3.803696E-11,2.23782326E-08,-3.59286956E-09,1,0,4,1682.74683,-5.21831226,-48.6856,1,0,0,0,0,0,0,0,0,0,0,0,0,0,Grip,-8.11775E-08,0.00221876567
518,10.3600473,9.360047,-1.13430261E-07,0.7217233,95.75721,-8.145096E-09,0.000362996041,5.64009762,7.202372E-09,-2.30880687E-05,-0.483942032,20.3391953,20.33904,-2.28387975E-10,4.67657E-11,6.5231E-09,-2.32009012E-09,1,0,4,1679.879,-5.19919348,-48.507225,1,0,0,0,0,0,0,0,0,0,0,0,0,0,Grip,-2.875594E-08,0.002215319
519,10.3800478,9.380048,-1.13604763E-07,0.72173053,95.86982,-8.326984E-09,0.0003625045,5.63043,-9.094414E-09,-2.457673E-05,-0.483369827,20.3043518,20.3041973,-4.11597867E-10,-1.04129809E-10,-9.773934E-09,-4.188416E-09,1,0,4,1677.01453,-5.18009663,-48.3290558,1,0,0,0,0,0,0,0,0,0,0,0,0,0,Grip,-3.53548657E-08,0.00221176213
520,10.4000483,9.400048,-1.13789639E-07,0.721737742,95.98224,-8.401652E-09,0.000362087419,5.620774,-3.733369E-09,-2.085435E-05,-0.482821465,20.2695484,20.2693939,-4.87683671E-10,-9.842037E-11,-4.413161E-09,-4.97118968E-09,1,0,4,1674.15332,-5.161022,-48.1510963,1,0,0,0,0,0,0,0,0,0,0,0,0,0,Grip,7.872213E-08,0.00220832042
521,10.4200487,9.420049,-1.1396935E-07,0.7217449,96.09445,-8.618335E-09,0.000361580984,5.611129,-1.0834178E-08,-2.53217877E-05,-0.48224926,20.2347851,20.23463,-7.142482E-10,-2.87134084E-11,-1.15134808E-08,-7.293184E-09,1,0,4,1671.29541,-5.141969,-47.97334,1,0,0,0,0,0,0,0,0,0,0,0,0,0,Grip,7.44058E-08,0.00220485264
522,10.4400492,9.440049,-1.14149991E-07,0.721752048,96.20648,-8.598803E-09,0.000361193728,5.601495,9.76641E-10,-1.93627784E-05,-0.4817009,20.2000637,20.19991,-6.962777E-10,-1.02169377E-10,2.97078362E-10,-7.121914E-09,1,0,4,1668.4408,-5.12293863,-47.7957878,1,0,0,0,0,0,0,0,0,0,0,0,0,0,Grip,2.17073364E-08,0.002201385
523,10.46005,9.46005,-1.14345738E-07,0.7217592,96.31832,-8.614064E-09,0.0003609405,5.59187174,-7.630785E-10,-1.26616214E-05,-0.481152534,20.16538,20.1652279,-7.131886E-10,-9.313116E-11,-1.44289158E-09,-7.30744132E-09,1,0,4,1665.58936,-5.103929,-47.61843,1,0,0,0,0,0,0,0,0,0,0,0,0,0,Grip,7.72400455E-08,0.00219789124
524,10.48005,9.48005,-1.14538445E-07,0.721766353,96.42997,-8.899513E-09,0.000360612816,5.58226,-1.427245E-08,-1.63840014E-05,-0.48058033,20.1307373,20.1305847,-1.00870245E-09,-2.30380662E-11,-1.49517554E-08,-1.03531175E-08,1,0,4,1662.74133,-5.084942,-47.441288,1,0,0,0,0,0,0,0,0,0,0,0,0,0,Grip,7.04071539E-08,0.00219445978
525,10.5000505,9.500051,-1.14734753E-07,0.7217737,96.54142,-8.943039E-09,0.000360240432,5.57265949,-2.17630358E-09,-1.86191755E-05,-0.480031967,20.0961361,20.0959835,-1.07059872E-09,5.30501337E-11,-2.85441937E-09,-1.1007339E-08,1,0,4,1659.89612,-5.065974,-47.2643242,1,0,0,0,0,0,0,0,0,0,0,0,0,0,Grip,1.74167774E-08,0.00219099782
526,10.520051,9.520051,-1.14944811E-07,0.721780658,96.65268,-9.023972E-09,0.000359451,5.5630703,-4.0466297E-09,-3.947207E-05,-0.479459763,20.061573,20.06142,-1.16153842E-09,-1.48595476E-11,-4.72423967E-09,-1.19629187E-08,1,0,4,1657.05469,-5.0470314,-47.08759,1,0,0,0,0,0,0,0,0,0,0,0,0,0,Grip,-4.01059E-08,0.00218745158
527,10.5400515,9.540051,-1.15146534E-07,0.7217879,96.76375,-9.30951849E-09,0.000358989229,5.553492,-1.42773349E-08,-2.30880687E-05,-0.4789114,20.0270519,20.0269012,-1.44884726E-09,-9.70520955E-11,-1.49551838E-08,-1.49477053E-08,1,0,4,1654.21619,-5.02810764,-46.9110374,1,0,0,0,0,0,0,0,0,0,0,0,0,0,Grip,1.12338174E-08,0.00218402222
528,10.5600519,9.560052,-1.15346531E-07,0.7217951,96.8746262,-9.2629E-09,0.000358229561,5.54392529,2.33093544E-09,-3.798341E-05,-0.4783392,19.99257,19.99242,-1.41234313E-09,-2.24547551E-11,1.65360214E-09,-1.4596238E-08,1,0,4,1651.3811,-5.00920773,-46.7347069,1,0,0,0,0,0,0,0,0,0,0,0,0,0,Grip,7.337138E-08,0.002180539
529,10.5800524,9.580052,-1.155493E-07,0.7218021,96.98531,-9.22053E-09,0.00035744012,5.53436947,2.11848317E-09,-3.947207E-05,-0.477790833,19.95813,19.95798,-1.380096E-09,-2.02606959E-11,1.4416337E-09,-1.42875987E-08,1,0,4,1648.54919,-4.990328,-46.55856,1,0,0,0,0,0,0,0,0,0,0,0,0,0,Grip,1.6975795E-08,0.002177142
530,10.6000528,9.600053,-1.15764855E-07,0.7218092,97.09581,-9.263316E-09,0.000356740056,5.524825,-2.139311E-09,-3.50031769E-05,-0.477218628,19.9237289,19.9235783,-1.433003E-09,-1.34043315E-11,-2.81564083E-09,-1.48609525E-08,1,0,4,1645.7207,-4.97147131,-46.3826332,1,0,0,0,0,0,0,0,0,0,0,0,0,0,Grip,1.53170863E-08,0.00217371923
531,10.6200533,9.620053,-1.16001232E-07,0.7218163,97.2061157,-9.519628E-09,0.000356084667,5.51529169,-1.28155708E-08,-3.27694579E-05,-0.476670265,19.88937,19.88922,-1.70763848E-09,6.99188762E-11,-1.34907037E-08,-1.77396675E-08,1,0,4,1642.89539,-4.952636,-46.2069,1,0,0,0,0,0,0,0,0,0,0,0,0,0,Grip,1.01336743E-08,0.00217029685
532,10.6400537,9.640054,-1.1620574E-07,0.721823335,97.31623,-9.993981E-09,0.0003553697,5.505769,-2.371765E-08,-3.5748235E-05,-0.476145744,19.85505,19.8548985,-2.20847252E-09,1.20578117E-10,-2.4390916E-08,-2.29822241E-08,1,0,4,1640.07336,-4.93382263,-46.03138,1,0,0,0,0,0,0,0,0,0,0,0,0,0,Grip,-5.285867E-08,0.00216684816
533,10.6600542,9.660054,-1.16433085E-07,0.721830368,97.4261551,-9.565941E-09,0.0003546696,5.496257,2.14019913E-08,-3.50046321E-05,-0.475597382,19.8207664,19.8206158,-1.79854975E-09,6.303522E-11,2.07299085E-08,-1.87488E-08,1,0,4,1637.25464,-4.915031,-45.85606,1,0,0,0,0,0,0,0,0,0,0,0,0,0,Grip,-9.11570552E-08,0.00216343161
534,10.6800547,9.680055,-1.16675473E-07,0.7218374,97.53589,-9.855262E-09,0.000354073825,5.48675632,-1.44660728E-08,-2.97892257E-05,-0.475025177,19.7865238,19.786375,-2.10590123E-09,6.782532E-11,-1.51369441E-08,-2.19907648E-08,1,0,4,1634.43921,-4.89626169,-45.6809464,1,0,0,0,0,0,0,0,0,0,0,0,0,0,Grip,-4.76546269E-08,0.00215990236
535,10.7000551,9.700055,-1.16936377E-07,0.721844435,97.64543,-1.02375921E-08,0.0003535525,5.477267,-1.91164862E-08,-2.60668457E-05,-0.4744768,19.7523232,19.7521725,-2.50616949E-09,7.349749E-11,-1.97861851E-08,-2.62158864E-08,1,0,4,1631.62683,-4.87751245,-45.50602,1,0,0,0,0,0,0,0,0,0,0,0,0,0,Grip,-5.127594E-08,0.00215649162
536,10.7200556,9.720056,-1.17178651E-07,0.721851468,97.75478,-1.07184412E-08,0.000353046053,5.467788,-2.40424569E-08,-2.53217877E-05,-0.473928452,19.71816,19.71801,-2.972346E-09,-2.40422238E-10,-2.47138114E-08,-3.114624E-08,1,0,4,1628.8175,-4.85878372,-45.3312836,1,0,0,0,0,0,0,0,0,0,0,0,0,0,Grip,-5.55641044E-08,0.00215317262
537,10.740056,9.740056,-1.17427561E-07,0.721858442,97.86395,-1.05584759E-08,0.0003524949,5.45832062,7.998269E-09,-2.75569619E-05,-0.4733801,19.6840363,19.6838875,-2.81420753E-09,-8.448936E-11,7.32668948E-09,-2.95403115E-08,1,0,4,1626.01135,-4.84007549,-45.1567421,1,0,0,0,0,0,0,0,0,0,0,0,0,0,Grip,1.817592E-07,0.00214976817
538,10.7600565,9.7600565,-1.17692117E-07,0.7218654,97.97293,-1.06458566E-08,0.000351988478,5.448864,-4.36903846E-09,-2.53217877E-05,-0.472831726,19.6499538,19.6498051,-2.91160074E-09,-1.7115415E-12,-5.04013054E-09,-3.061567E-08,1,0,4,1623.20874,-4.82139158,-44.9824257,1,0,0,0,0,0,0,0,0,0,0,0,0,0,Grip,6.3873955E-08,0.002146337
539,10.780057,9.780057,-1.17949753E-07,0.7218724,98.08172,-1.09809335E-08,0.000351511844,5.43941832,-1.67538428E-08,-2.38316716E-05,-0.472283363,19.61591,19.61576,-3.24860672E-09,-8.37315356E-11,-1.742515E-08,-3.42186262E-08,1,0,4,1620.4093,-4.80272865,-44.8083038,1,0,0,0,0,0,0,0,0,0,0,0,0,0,Grip,1.2939253E-09,0.00214293855
540,10.8000574,9.800057,-1.18165559E-07,0.721879363,98.1903152,-1.09815677E-08,0.000351079885,5.429984,-3.170797E-11,-2.15979526E-05,-0.471711159,19.5819054,19.5817585,-3.25938121E-09,-3.227581E-11,-7.024859E-10,-3.43917677E-08,1,0,4,1617.61292,-4.78408575,-44.6343727,1,0,0,0,0,0,0,0,0,0,0,0,0,0,Grip,6.330104E-08,0.00213948358
541,10.8200579,9.820058,-1.183908E-07,0.7218865,98.29873,-1.02140909E-08,0.000350647926,5.420561,3.83738374E-08,-2.15979526E-05,-0.4711628,19.5479431,19.5477943,-2.48589949E-09,-1.66937089E-10,3.77021543E-08,-2.62758775E-08,1,0,4,1614.82,-4.765466,-44.4606552,1,0,0,0,0,0,0,0,0,0,0,0,0,0,Grip,2.44005118E-08,0.00213608984
542,10.8400583,9.840058,-1.18607737E-07,0.7218933,98.40695,-1.0162303E-08,0.000349888258,5.41114855,2.58939536E-09,-3.798341E-05,-0.470614433,19.514019,19.5138721,-2.428287E-09,-1.69897263E-10,1.91682159E-09,-2.57115591E-08,1,0,4,1612.03015,-4.74686766,-44.2871361,1,0,0,0,0,0,0,0,0,0,0,0,0,0,Grip,1.26204441E-07,0.002132699
543,10.8600588,9.860059,-1.18809325E-07,0.7219004,98.5149841,-1.00038182E-08,0.0003494563,5.401747,7.924239E-09,-2.15979526E-05,-0.470066071,19.480135,19.4799881,-2.25612329E-09,-2.499861E-10,7.25008942E-09,-2.39302036E-08,1,0,4,1609.24353,-4.72829,-44.11381,1,0,0,0,0,0,0,0,0,0,0,0,0,0,Grip,1.28442323E-07,0.00212931121
544,10.8800592,9.880059,-1.18990492E-07,0.7219073,98.62283,-9.680481E-09,0.000348711532,5.3923564,1.61668456E-08,-3.723835E-05,-0.46954155,19.44629,19.4461441,-1.919382E-09,-2.561503E-10,1.54911071E-08,-2.03939177E-08,1,0,4,1606.46008,-4.709734,-43.9406853,1,0,0,0,0,0,0,0,0,0,0,0,0,0,Grip,1.88989475E-07,0.002125957
545,10.90006,9.90006,-1.19149874E-07,0.7219143,98.73049,-9.204097E-09,0.000348026369,5.382977,2.38192133E-08,-3.425812E-05,-0.468969345,19.4124832,19.4123363,-1.43787915E-09,-1.86934163E-10,2.31426736E-08,-1.530445E-08,1,0,4,1603.67993,-4.6912,-43.76777,1,0,0,0,0,0,0,0,0,0,0,0,0,0,Grip,1.93649612E-07,0.002122548
546,10.92006,9.92006,-1.19284309E-07,0.721921146,98.83797,-8.644796E-09,0.0003473114,5.37360764,2.79650525E-08,-3.5748235E-05,-0.468468666,19.3787174,19.37857,-8.73652262E-10,-1.93421681E-10,2.72876246E-08,-9.315164E-09,1,0,4,1600.90283,-4.67268562,-43.5950356,1,0,0,0,0,0,0,0,0,0,0,0,0,0,Grip,1.41322218E-07,0.0021191705
547,10.9400606,9.940061,-1.19455493E-07,0.721928,98.9452438,-7.995492E-09,0.0003467305,5.364249,3.24651879E-08,-2.90456228E-05,-0.4679203,19.3449879,19.344841,-2.1956037E-10,-1.64261313E-10,3.17869571E-08,-2.34510789E-09,1,0,4,1598.12915,-4.65419436,-43.4225159,1,0,0,0,0,0,0,0,0,0,0,0,0,0,Grip,1.46226782E-07,0.00211583031
548,10.9600611,9.960061,-1.19649471E-07,0.7219349,99.0523453,-8.47974E-09,0.000346224057,5.354902,-2.42123654E-08,-2.53217877E-05,-0.467371941,19.3112965,19.3111515,-7.230856E-10,6.736357E-11,-2.48893013E-08,-7.736704E-09,1,0,4,1595.35828,-4.635722,-43.2501755,1,0,0,0,0,0,0,0,0,0,0,0,0,0,Grip,1.24181554E-07,0.00211243355
549,10.9800615,9.980062,-1.19864609E-07,0.721941769,99.159256,-9.049992E-09,0.000345568667,5.34556532,-2.85126145E-08,-3.27694579E-05,-0.466823578,19.2776451,19.2775021,-1.30456446E-09,-2.02066272E-12,-2.91889535E-08,-1.3982655E-08,1,0,4,1592.5907,-4.61727142,-43.0780334,1,0,0,0,0,0,0,0,0,0,0,0,0,0,Grip,-5.092686E-08,0.00210907217
550,11.000062,10.000062,-1.20065678E-07,0.7219486,99.26598,-9.62876E-09,0.000344943051,5.33624,-2.89384072E-08,-3.1280797E-05,-0.466275215,19.2440338,19.24389,-1.91840943E-09,2.06791737E-10,-2.96120657E-08,-2.05979358E-08,1,0,4,1589.826,-4.59884,-42.9060745,1,0,0,0,0,0,0,0,0,0,0,0,0,0,Grip,1.52762092E-09,0.00210571242
551,11.0200624,10.0200624,-1.20236862E-07,0.7219554,99.37252,-9.53313E-09,0.0003442579,5.32692528,4.78150852E-09,-3.425812E-05,-0.465726852,19.2104626,19.21032,-1.85764382E-09,1.897087E-10,4.110511E-09,-1.99803711E-08,1,0,4,1587.065,-4.580433,-42.73434,1,0,0,0,0,0,0,0,0,0,0,0,0,0,Grip,-1.56334551E-07,0.00210235827
552,11.0400629,10.0400629,-1.20427671E-07,0.7219623,99.4788742,-8.928979E-09,0.000343647174,5.317621,3.02075271E-08,-3.053574E-05,-0.465202332,19.1769314,19.1767864,-1.2999708E-09,3.17754434E-10,2.954018E-08,-1.40066385E-08,1,0,4,1584.30676,-4.562045,-42.5627861,1,0,0,0,0,0,0,0,0,0,0,0,0,0,Grip,-1.43419769E-07,0.00209897524
553,11.0600634,10.0600634,-1.20615837E-07,0.721969068,99.58504,-9.100015E-09,0.0003429471,5.308328,-8.55178151E-09,-3.50031769E-05,-0.464653969,19.1434364,19.1432915,-1.5131798E-09,2.75000522E-10,-9.215817E-09,-1.63324181E-08,1,0,4,1581.552,-4.54367971,-42.39144,1,0,0,0,0,0,0,0,0,0,0,0,0,0,Grip,-2.40222334E-07,0.0020956283
554,11.0800638,10.0800638,-1.20791483E-07,0.721975863,99.69102,-9.09135E-09,0.0003423364,5.299046,4.33253433E-10,-3.053574E-05,-0.4641056,19.1099815,19.1098366,-1.53849555E-09,1.91837615E-10,-2.28184915E-10,-1.66347487E-08,1,0,4,1578.80029,-4.52533531,-42.22029,1,0,0,0,0,0,0,0,0,0,0,0,0,0,Grip,-2.07900385E-07,0.002092285
555,11.1000643,10.1000643,-1.20974931E-07,0.721982658,99.796814,-8.842546E-09,0.0003416512,5.28977442,1.24401822E-08,-3.4259574E-05,-0.4635811,19.0765648,19.0764217,-1.31949651E-09,1.60470248E-10,1.1780946E-08,-1.4291861E-08,1,0,4,1576.05176,-4.507012,-42.04934,1,0,0,0,0,0,0,0,0,0,0,0,0,0,Grip,-1.45029233E-07,0.00208894559
556,11.1200647,10.1200647,-1.2116746E-07,0.7219894,99.90243,-8.907042E-09,0.000340951141,5.280514,-3.22479821E-09,-3.50031769E-05,-0.463032722,19.0431881,19.043045,-1.417531E-09,2.00935754E-10,-3.88146759E-09,-1.53806266E-08,1,0,4,1573.3064,-4.48870945,-41.878582,1,0,0,0,0,0,0,0,0,0,0,0,0,0,Grip,-1.21315509E-07,0.00208555069
557,11.1400652,10.1400652,-1.21394791E-07,0.7219963,100.007851,-9.091045E-09,0.000340370229,5.2712636,-9.200152E-09,-2.90456228E-05,-0.4625082,19.00985,19.0097065,-1.63088743E-09,1.79795276E-10,-9.854649E-09,-1.772666E-08,1,0,4,1570.56421,-4.470428,-41.70802,1,0,0,0,0,0,0,0,0,0,0,0,0,0,Grip,-1.51907429E-07,0.00208225148
558,11.1600657,10.1600657,-1.21594624E-07,0.7220029,100.113091,-9.809958E-09,0.000339461636,5.2620244,-3.59456465E-08,-4.54296242E-05,-0.461959839,18.97655,18.9764061,-2.38291431E-09,1.9235899E-10,-3.659761E-08,-2.59461679E-08,1,0,4,1567.8252,-4.452168,-41.53766,1,0,0,0,0,0,0,0,0,0,0,0,0,0,Grip,-1.3592522E-07,0.00207892735
559,11.1800661,10.1800661,-1.21802614E-07,0.7220098,100.218147,-9.49767553E-09,0.00033883602,5.2527957,1.56141322E-08,-3.1280797E-05,-0.461435318,18.9432869,18.9431458,-2.09177742E-09,8.750631E-11,1.4963625E-08,-2.281616E-08,1,0,4,1565.08923,-4.43392849,-41.36749,1,0,0,0,0,0,0,0,0,0,0,0,0,0,Grip,-1.45423385E-07,0.00207560719
560,11.2000666,10.2000666,-1.22012452E-07,0.722016454,100.323021,-9.562536E-09,0.000338135957,5.243578,-3.24300586E-09,-3.50031769E-05,-0.460886955,18.9100647,18.9099236,-2.18158069E-09,1.244231E-10,-3.891688E-09,-2.38375222E-08,1,0,4,1562.35645,-4.4157095,-41.19751,1,0,0,0,0,0,0,0,0,0,0,0,0,0,Grip,-6.615477E-08,0.002072324
561,11.220067,10.220067,-1.22215638E-07,0.722023249,100.427711,-9.617246E-09,0.000337569945,5.23437071,-2.73550071E-09,-2.83005647E-05,-0.460362434,18.87688,18.87674,-2.26499131E-09,1.56435684E-10,-3.382059E-09,-2.47924614E-08,1,0,4,1559.62659,-4.39751053,-41.0277176,1,0,0,0,0,0,0,0,0,0,0,0,0,0,Grip,-9.406386E-08,0.002068952
562,11.2400675,10.2400675,-1.224638E-07,0.7220299,100.532211,-9.503391E-09,0.000336825178,5.225174,5.692735E-09,-3.723835E-05,-0.4598379,18.8437347,18.8435936,-2.17960938E-09,1.81787779E-10,5.04828757E-09,-2.3899867E-08,1,0,4,1556.90015,-4.37933445,-40.85814,1,0,0,0,0,0,0,0,0,0,0,0,0,0,Grip,-1.18265376E-07,0.00206564786
563,11.2600679,10.2600679,-1.227002E-07,0.7220366,100.636528,-1.03376259E-08,0.000336199562,5.215988,-4.17117469E-08,-3.1280797E-05,-0.459289551,18.8106251,18.8104858,-3.04603143E-09,2.01862027E-10,-4.23537223E-08,-3.34591839E-08,1,0,4,1554.17676,-4.3611784,-40.6887474,1,0,0,0,0,0,0,0,0,0,0,0,0,0,Grip,-1.37431556E-07,0.00206234981
564,11.2800684,10.2800684,-1.22898058E-07,0.7220432,100.740662,-1.03613225E-08,0.000335648452,5.206813,-1.18483E-09,-2.75555067E-05,-0.45876503,18.7775574,18.7774162,-3.093977E-09,1.04312156E-10,-1.82506743E-09,-3.40457333E-08,1,0,4,1551.45642,-4.343043,-40.5195465,1,0,0,0,0,0,0,0,0,0,0,0,0,0,Grip,-1.52607683E-07,0.002059025
565,11.3000689,10.3000689,-1.23096683E-07,0.7220499,100.844612,-9.629235E-09,0.0003352165,5.197648,3.66043658E-08,-2.15979526E-05,-0.4582405,18.7445259,18.7443867,-2.37825537E-09,3.77954057E-11,3.59651757E-08,-2.62161635E-08,1,0,4,1548.73926,-4.32492828,-40.350544,1,0,0,0,0,0,0,0,0,0,0,0,0,0,Grip,-7.885999E-08,0.002055706
566,11.3200693,10.3200693,-1.2329599E-07,0.7220565,100.94838,-9.431978E-09,0.000334739831,5.188494,9.862866E-09,-2.38331268E-05,-0.457692146,18.7115326,18.7113934,-2.19730278E-09,4.01189776E-11,9.224754E-09,-2.42642031E-08,1,0,4,1546.02515,-4.306834,-40.18173,1,0,0,0,0,0,0,0,0,0,0,0,0,0,Grip,-2.8573325E-08,0.00205239328
567,11.34007,10.34007,-1.23518234E-07,0.7220632,101.051964,-9.388625E-09,0.000334367476,5.17935038,2.16764384E-09,-1.861772E-05,-0.457191467,18.67858,18.67844,-2.16632179E-09,1.59226729E-11,1.53019941E-09,-2.39643221E-08,1,0,4,1543.31421,-4.288761,-40.01311,1,0,0,0,0,0,0,0,0,0,0,0,0,0,Grip,-3.03299466E-08,0.002049085
568,11.36007,10.36007,-1.23758468E-07,0.7220698,101.155365,-9.825014E-09,0.000333935517,5.17021751,-2.18194351E-08,-2.15979526E-05,-0.4566431,18.64566,18.6455212,-2.63044164E-09,1.69772182E-10,-2.24547865E-08,-2.9149918E-08,1,0,4,1540.60645,-4.27070951,-39.844696,1,0,0,0,0,0,0,0,0,0,0,0,0,0,Grip,-1.20375407E-08,0.002045814
569,11.3800707,10.3800707,-1.24005169E-07,0.7220764,101.258591,-1.03017239E-08,0.000333503529,5.16109562,-2.38355113E-08,-2.15994078E-05,-0.456094742,18.6127834,18.6126442,-3.127016E-09,9.253137E-11,-2.44694629E-08,-3.47140769E-08,1,0,4,1537.90161,-4.25267744,-39.67646,1,0,0,0,0,0,0,0,0,0,0,0,0,0,Grip,-1.28347764E-07,0.0020424868
570,11.4000711,10.4000711,-1.24266592E-07,0.722083032,101.361633,-1.05756142E-08,0.000333146047,5.15198374,-1.36945122E-08,-1.78741175E-05,-0.455594063,18.5799446,18.5798054,-3.41298856E-09,2.266419E-11,-1.43278145E-08,-3.795577E-08,1,0,4,1535.20007,-4.2346673,-39.50843,1,0,0,0,0,0,0,0,0,0,0,0,0,0,Grip,-6.99537139E-08,0.002039258
571,11.4200716,10.4200716,-1.24530644E-07,0.722089648,101.464493,-1.0956307E-08,0.000332803465,5.14288235,-1.903464E-08,-1.712906E-05,-0.455069542,18.54714,18.5470028,-3.79425869E-09,-9.185152E-11,-1.966828E-08,-4.22705355E-08,1,0,4,1532.50134,-4.21667528,-39.34057,1,0,0,0,0,0,0,0,0,0,0,0,0,0,Grip,-1.7134127E-08,0.002035975
572,11.4400721,10.4400721,-1.24811535E-07,0.7220962,101.567169,-1.1138912E-08,0.000332445983,5.133792,-9.130252E-09,-1.78741175E-05,-0.454521179,18.5143757,18.5142384,-3.98134059E-09,-4.66788E-11,-9.763846E-09,-4.443329E-08,1,0,4,1529.80591,-4.198706,-39.17292,1,0,0,0,0,0,0,0,0,0,0,0,0,0,Grip,6.943975E-08,0.002032667
573,11.4600725,10.4600725,-1.25097927E-07,0.722103,101.669655,-1.15404486E-08,0.000332162977,5.12471151,-2.00768291E-08,-1.41502824E-05,-0.4540205,18.4816513,18.481514,-4.38359038E-09,-8.4964244E-11,-2.07107789E-08,-4.9009234E-08,1,0,4,1527.1134,-4.180756,-39.00545,1,0,0,0,0,0,0,0,0,0,0,0,0,0,Grip,3.52891725E-08,0.00202939473
574,11.480073,10.480073,-1.254031E-07,0.7221094,101.771965,-1.17876011E-08,0.0003314778,5.115642,-1.2357626E-08,-3.4259574E-05,-0.453472137,18.4489613,18.4488239,-4.635338E-09,-3.947594E-11,-1.2991519E-08,-5.19156877E-08,1,0,4,1524.42419,-4.162828,-38.8381844,1,0,0,0,0,0,0,0,0,0,0,0,0,0,Grip,6.42329638E-08,0.00202613138
575,11.5000734,10.5000734,-1.25679989E-07,0.7221161,101.8741,-1.22509558E-08,0.000331179879,5.106583,-2.31677344E-08,-1.489534E-05,-0.452947617,18.4163113,18.4161739,-5.09196374E-09,-1.7172308E-10,-2.38026114E-08,-5.71310572E-08,1,0,4,1521.73779,-4.14491844,-38.671093,1,0,0,0,0,0,0,0,0,0,0,0,0,0,Grip,2.984381E-08,0.002022904
576,11.5200739,10.5200739,-1.25961435E-07,0.722122669,101.976051,-1.18578525E-08,0.0003305245,5.09753466,1.96551664E-08,-3.27694579E-05,-0.4524231,18.3837,18.3835621,-4.69988E-09,-8.92584756E-11,1.90199927E-08,-5.28255342E-08,1,0,4,1519.05469,-4.12703133,-38.50421,1,0,0,0,0,0,0,0,0,0,0,0,0,0,Grip,1.29822638E-07,0.00201959047
577,11.5400743,10.5400743,-1.262363E-07,0.7221292,102.07782,-1.18595223E-08,0.0003298989,5.08849669,-8.348877E-11,-3.127934E-05,-0.451898575,18.3511238,18.3509865,-4.69887551E-09,-1.29544417E-10,-7.192876E-10,-5.290805E-08,1,0,4,1516.37451,-4.10916328,-38.3375053,1,0,0,0,0,0,0,0,0,0,0,0,0,0,Grip,6.74794052E-08,0.00201634481
578,11.5600748,10.5600748,-1.26517634E-07,0.7221358,102.179413,-1.17549837E-08,0.0003292435,5.07946873,5.22693E-09,-3.27694579E-05,-0.4513979,18.3185883,18.31845,-4.580441E-09,-2.3550803E-10,4.589476E-09,-5.166617E-08,1,0,4,1513.69751,-4.0913167,-38.171,1,0,0,0,0,0,0,0,0,0,0,0,0,0,Grip,9.79355761E-08,0.00201307423
579,11.5800753,10.5800753,-1.26792855E-07,0.7221423,102.280823,-1.18819417E-08,0.000328603026,5.07045174,-6.3479E-09,-3.20244E-05,-0.450849533,18.286087,18.2859516,-4.68997863E-09,-2.75925532E-10,-6.987258E-09,-5.29958051E-08,1,0,4,1511.02356,-4.07349,-38.0046844,1,0,0,0,0,0,0,0,0,0,0,0,0,0,Grip,1.78044061E-07,0.00200981461
580,11.6000757,10.6000757,-1.27069484E-07,0.7221488,102.38205,-1.18255912E-08,0.000327962538,5.06144476,2.817524E-09,-3.20244E-05,-0.450348854,18.2536259,18.25349,-4.6315547E-09,-1.2388629E-10,2.17755813E-09,-5.24287564E-08,1,0,4,1508.35254,-4.05568361,-37.8385544,1,0,0,0,0,0,0,0,0,0,0,0,0,0,Grip,2.085997E-07,0.00200658944
581,11.6200762,10.6200762,-1.2736281E-07,0.722155333,102.4831,-1.18568408E-08,0.0003274412,5.05244827,-1.56248348E-09,-2.60668457E-05,-0.449824333,18.2212,18.2210655,-4.67587968E-09,3.4658925E-11,-2.20167351E-09,-5.302476E-08,1,0,4,1505.68469,-4.037898,-37.67262,1,0,0,0,0,0,0,0,0,0,0,0,0,0,Grip,9.365803E-08,0.00200330932
582,11.6400766,10.6400766,-1.276572E-07,0.72216177,102.583969,-1.22107631E-08,0.000326756,5.04346228,-1.76961112E-08,-3.4259574E-05,-0.4492998,18.1888142,18.1886787,-5.03533526E-09,-4.330767E-11,-1.83351965E-08,-5.720274E-08,1,0,4,1503.0199,-4.02013254,-37.50687,1,0,0,0,0,0,0,0,0,0,0,0,0,0,Grip,-2.62021462E-08,0.0020001
583,11.6600771,10.6600771,-1.27962053E-07,0.7221682,102.684662,-1.23526771E-08,0.00032619,5.034487,-7.095702E-09,-2.83005647E-05,-0.4487753,18.1564636,18.15633,-5.19031174E-09,3.56093E-11,-7.73401E-09,-5.90684337E-08,1,0,4,1500.358,-4.00238657,-37.3413048,1,0,0,0,0,0,0,0,0,0,0,0,0,0,Grip,3.27405978E-08,0.00199683383
584,11.6800776,10.6800776,-1.28257682E-07,0.722174764,102.785172,-1.26184476E-08,0.000325698464,5.02552176,-1.32885258E-08,-2.457673E-05,-0.448250771,18.1241512,18.1240177,-5.47659829E-09,1.016651E-10,-1.39253915E-08,-6.243771E-08,1,0,4,1497.69934,-3.98466229,-37.17594,1,0,0,0,0,0,0,0,0,0,0,0,0,0,Grip,-2.692063E-08,0.00199360633
585,11.700078,10.700078,-1.28546219E-07,0.7221812,102.885506,-1.25243593E-08,0.000325057976,5.01656675,4.70441464E-09,-3.20244E-05,-0.4477501,18.091877,18.0917435,-5.40292078E-09,9.807387E-11,4.068949E-09,-6.170768E-08,1,0,4,1495.0437,-3.966958,-37.0107651,1,0,0,0,0,0,0,0,0,0,0,0,0,0,Grip,-7.685881E-08,0.001990352
586,11.7200785,10.7200785,-1.28836973E-07,0.722187638,102.985657,-1.2374354E-08,0.000324506836,5.00762272,7.500267E-09,-2.75569619E-05,-0.447201729,18.059639,18.0595055,-5.26203037E-09,-1.1278244E-11,6.86526347E-09,-6.02058847E-08,1,0,4,1492.39124,-3.949275,-36.845787,1,0,0,0,0,0,0,0,0,0,0,0,0,0,Grip,-7.414384E-08,0.001987141
587,11.7400789,10.7400789,-1.29171156E-07,0.7221941,103.085632,-1.2399652E-08,0.0003239855,4.9986887,-1.2648993E-09,-2.60668457E-05,-0.44670105,18.027441,18.0273075,-5.30384625E-09,8.702693E-11,-1.89884219E-09,-6.079278E-08,1,0,4,1489.74158,-3.93161035,-36.68098,1,0,0,0,0,0,0,0,0,0,0,0,0,0,Grip,8.526352E-09,0.00198393525
588,11.7600794,10.7600794,-1.29508038E-07,0.722200453,103.185425,-1.32923779E-08,0.000323479064,4.989765,-4.46362947E-08,-2.53217877E-05,-0.446176529,17.99528,17.9951458,-6.209307E-09,4.083656E-11,-4.526948E-08,-7.129846E-08,1,0,4,1487.09509,-3.91396713,-36.5163727,1,0,0,0,0,0,0,0,0,0,0,0,0,0,Grip,-6.579236E-08,0.00198077131
589,11.78008,10.78008,-1.29845191E-07,0.722207069,103.285042,-1.36133629E-08,0.000323062,4.98085165,-1.604925E-08,-2.08528945E-05,-0.44567585,17.9631538,17.9630222,-6.535575E-09,-3.7253034E-11,-1.668238E-08,-7.517914E-08,1,0,4,1484.45154,-3.89634347,-36.3519478,1,0,0,0,0,0,0,0,0,0,0,0,0,0,Grip,-3.087244E-08,0.00197754963
590,11.80008,10.80008,-1.30187814E-07,0.722213268,103.384483,-1.37361864E-08,0.000322242762,4.971948,-6.14117646E-09,-4.09621862E-05,-0.445175171,17.9310646,17.930933,-6.66371935E-09,-3.53378923E-11,-6.77424561E-09,-7.679045E-08,1,0,4,1481.81116,-3.878741,-36.18772,1,0,0,0,0,0,0,0,0,0,0,0,0,0,Grip,2.81632921E-08,0.001974305
591,11.8200808,10.8200808,-1.30511722E-07,0.7222198,103.483742,-1.390942E-08,0.00032188528,4.963055,-8.661694E-09,-1.78741175E-05,-0.44465065,17.8990135,17.89888,-6.85710377E-09,1.01358019E-10,-9.293341E-09,-7.91605359E-08,1,0,4,1479.17371,-3.86115813,-36.0236778,1,0,0,0,0,0,0,0,0,0,0,0,0,0,Grip,2.67154459E-08,0.001971102
592,11.8400812,10.8400812,-1.30846232E-07,0.7222262,103.582825,-1.3601289E-08,0.0003212448,4.954172,1.54065649E-08,-3.20244E-05,-0.444149971,17.8669987,17.8668652,-6.56530874E-09,7.27745642E-11,1.47759671E-08,-7.592786E-08,1,0,4,1476.53906,-3.84359384,-35.8598061,1,0,0,0,0,0,0,0,0,0,0,0,0,0,Grip,-7.662666E-08,0.00196790672
593,11.8600817,10.8600817,-1.31176733E-07,0.7222326,103.681732,-1.37584122E-08,0.000320663879,4.94529963,-7.85616E-09,-2.90456228E-05,-0.44362545,17.83502,17.8348866,-6.73501832E-09,3.11034323E-11,-8.48601E-09,-7.803029E-08,1,0,4,1473.90759,-3.82605076,-35.6961365,1,0,0,0,0,0,0,0,0,0,0,0,0,0,Grip,-5.501757E-08,0.001964688
594,11.8800821,10.8800821,-1.3150445E-07,0.7222389,103.780464,-1.37449305E-08,0.000320112769,4.93643761,6.74083E-10,-2.75555067E-05,-0.443100929,17.8030777,17.8029461,-6.73041445E-09,-7.712817E-12,4.46494126E-11,-7.811693E-08,1,0,4,1471.279,-3.808527,-35.5326424,1,0,0,0,0,0,0,0,0,0,0,0,0,0,Grip,-2.35141933E-08,0.00196147687
595,11.9000826,10.9000826,-1.31833986E-07,0.7222453,103.879013,-1.37117659E-08,0.0003196659,4.927586,1.65822911E-09,-2.234301E-05,-0.4425764,17.7711754,17.7710419,-6.71713041E-09,1.05281631E-10,1.03020126E-09,-7.81027936E-08,1,0,4,1468.65344,-3.791023,-35.3693352,1,0,0,0,0,0,0,0,0,0,0,0,0,0,Grip,5.83088955E-09,0.00195827335
596,11.920083,10.920083,-1.32172673E-07,0.7222516,103.977386,-1.37591325E-08,0.000319085,4.91874456,-2.36832776E-09,-2.90456228E-05,-0.442075729,17.73931,17.73918,-6.79524259E-09,2.206998E-10,-2.9940046E-09,-7.915306E-08,1,0,4,1466.031,-3.77354,-35.2062225,1,0,0,0,0,0,0,0,0,0,0,0,0,0,Grip,-7.959291E-08,0.00195507728
597,11.9400835,10.9400835,-1.32495146E-07,0.722258,104.075584,-1.39729579E-08,0.000318638136,4.909913,-1.069127E-08,-2.234301E-05,-0.44157505,17.70748,17.70735,-7.03595049E-09,1.70628123E-10,-1.1314941E-08,-8.210431E-08,1,0,4,1463.41174,-3.75607824,-35.04331,1,0,0,0,0,0,0,0,0,0,0,0,0,0,Grip,-1.66849048E-07,0.00195192383
598,11.960084,10.960084,-1.32827438E-07,0.7222643,104.173607,-1.37187026E-08,0.000318161474,4.90109158,1.27127642E-08,-2.38331268E-05,-0.441074371,17.6756859,17.6755562,-6.79014356E-09,-8.259715E-12,1.20894441E-08,-7.93785446E-08,1,0,4,1460.79529,-3.7386353,-34.88057,1,0,0,0,0,0,0,0,0,0,0,0,0,0,Grip,-1.28994856E-07,0.00194874732
599,11.9800844,10.9800844,-1.33149513E-07,0.722270548,104.271454,-1.3880145E-08,0.000317714643,4.89228058,-8.072121E-09,-2.23415555E-05,-0.44054985,17.6439285,17.6438,-6.963691E-09,2.15092319E-11,-8.694728E-09,-8.155397E-08,1,0,4,1458.18176,-3.72121167,-34.71801,1,0,0,0,0,0,0,0,0,0,0,0,0,0,Grip,6.244344E-09,0.00194554753
600,12.0000849,11.0000849,-1.33459238E-07,0.722276866,104.369125,-1.37350993E-08,0.000317401835,4.8834796,7.25228766E-09,-1.56403985E-05,-0.440049171,17.61221,17.6120815,-6.83072976E-09,1.610875E-11,6.630359E-09,-8.014098E-08,1,0,4,1455.57117,-3.70380783,-34.5556374,1,0,0,0,0,0,0,0,0,0,0,0,0,0,Grip,-1.62609783E-08,0.00194238871
601,12.0200853,11.0200853,-1.33724228E-07,0.7222831,104.466614,-1.34669769E-08,0.000316984777,4.874689,1.34061207E-08,-2.08528945E-05,-0.439524651,17.5805264,17.5803967,-6.57833077E-09,3.13381474E-11,1.27852307E-08,-7.73189E-08,1,0,4,1452.96362,-3.68642426,-34.39345,1,0,0,0,0,0,0,0,0,0,0,0,0,0,Grip,-1.2178214E-08,0.00193917344
602,12.0400858,11.0400858,-1.33998071E-07,0.722289443,104.563934,-1.24988491E-08,0.0003165677,4.865908,4.84063918E-08,-2.085435E-05,-0.4390478,17.54888,17.5487518,-5.61498226E-09,-6.489695E-11,4.77854876E-08,-6.61152058E-08,1,0,4,1450.35913,-3.669061,-34.2314568,1,0,0,0,0,0,0,0,0,0,0,0,0,0,Grip,-2.36916389E-08,0.00193599914
603,12.0600863,11.0600863,-1.342356E-07,0.7222957,104.661079,-1.24480373E-08,0.000315986777,4.85713768,2.54059E-09,-2.90456228E-05,-0.4385233,17.51727,17.51714,-5.587111E-09,1.0192909E-10,1.92137861E-09,-6.590582E-08,1,0,4,1447.75757,-3.65171719,-34.0696449,1,0,0,0,0,0,0,0,0,0,0,0,0,0,Grip,4.906209E-08,0.00193283916
604,12.0800867,11.0800867,-1.34456229E-07,0.72230196,104.758049,-1.16905783E-08,0.000315480342,4.848377,3.787295E-08,-2.53217877E-05,-0.4380226,17.4856949,17.4855671,-4.85607732E-09,1.374019E-10,3.72557167E-08,-5.73860177E-08,1,0,4,1445.15869,-3.63439131,-33.9079971,1,0,0,0,0,0,0,0,0,0,0,0,0,0,Grip,-7.705839E-08,0.0019296871
605,12.1000872,11.1000872,-1.34664717E-07,0.7223082,104.854843,-1.11479368E-08,0.000314884528,4.83962727,2.71320744E-08,-2.979068E-05,-0.4374981,17.4541569,17.45403,-4.33249747E-09,6.130655E-11,2.65161848E-08,-5.129125E-08,1,0,4,1442.563,-3.61708665,-33.74655,1,0,0,0,0,0,0,0,0,0,0,0,0,0,Grip,-1.03875827E-07,0.00192654319
606,12.1200876,11.1200876,-1.34856819E-07,0.7223146,104.951462,-1.075704E-08,0.000314288744,4.83088732,1.95448546E-08,-2.97892257E-05,-0.4369974,17.422657,17.4225311,-3.96418E-09,9.3288835E-11,1.89305975E-08,-4.701574E-08,1,0,4,1439.97021,-3.5998013,-33.58528,1,0,0,0,0,0,0,0,0,0,0,0,0,0,Grip,-4.634775E-08,0.00192344072
607,12.1400881,11.1400881,-1.35030092E-07,0.7223207,105.047905,-1.03101891E-08,0.0003134546,4.82215738,2.23425278E-08,-4.17072442E-05,-0.436496735,17.3911934,17.3910675,-3.52903484E-09,-2.44698567E-11,2.17289191E-08,-4.19306261E-08,1,0,4,1437.38049,-3.5825367,-33.4242058,1,0,0,0,0,0,0,0,0,0,0,0,0,0,Grip,-7.05263545E-08,0.001920248
608,12.1600885,11.1600885,-1.35216141E-07,0.722327,105.144173,-9.801455E-09,0.000312858785,4.813438,2.543672E-08,-2.979068E-05,-0.4359722,17.359766,17.3596382,-3.03556247E-09,2.5535676E-11,2.482412E-08,-3.61327146E-08,1,0,4,1434.7937,-3.5652914,-33.2633133,1,0,0,0,0,0,0,0,0,0,0,0,0,0,Grip,1.84992111E-08,0.00191709911
609,12.180089,11.180089,-1.35391886E-07,0.7223332,105.240265,-9.923426E-09,0.000312114047,4.804728,-6.098544E-09,-3.72368959E-05,-0.435495377,17.3283768,17.328249,-3.172762E-09,1.82470514E-11,-6.71020572E-09,-3.783428E-08,1,0,4,1432.21,-3.54806662,-33.1026077,1,0,0,0,0,0,0,0,0,0,0,0,0,0,Grip,-1.930497E-08,0.00191395846
610,12.2000895,11.2000895,-1.35581587E-07,0.7223394,105.336182,-9.724163E-09,0.00031136928,4.796028,9.963141E-09,-3.723835E-05,-0.4349947,17.29702,17.2968941,-2.98152969E-09,-4.64083E-11,9.351802E-09,-3.561838E-08,1,0,4,1429.62927,-3.53086185,-32.9420929,1,0,0,0,0,0,0,0,0,0,0,0,0,0,Grip,-1.37947707E-08,0.00191083038
611,12.22009,11.22009,-1.35789648E-07,0.722345531,105.431931,-9.952119E-09,0.0003106394,4.78733826,-1.1397816E-08,-3.6493293E-05,-0.434494019,17.2657013,17.2655735,-3.21040172E-09,-1.12887331E-10,-1.2009477E-08,-3.84221828E-08,1,0,4,1427.05139,-3.513676,-32.7817535,1,0,0,0,0,0,0,0,0,0,0,0,0,0,Grip,3.50846747E-08,0.00190774666
612,12.24009,11.24009,-1.36016581E-07,0.7223517,105.527504,-1.03816769E-08,0.0003100287,4.778659,-2.14778861E-08,-3.053574E-05,-0.4339695,17.234417,17.2342911,-3.64451846E-09,-6.929489E-11,-2.20895036E-08,-4.36969181E-08,1,0,4,1424.47632,-3.49650884,-32.62159,1,0,0,0,0,0,0,0,0,0,0,0,0,0,Grip,8.534282E-08,0.00190457189
613,12.2600908,11.2600908,-1.36228351E-07,0.722357869,105.6229,-1.08708251E-08,0.0003094925,4.769989,-2.44574139E-08,-2.68104486E-05,-0.433492661,17.20317,17.2030449,-4.14185264E-09,-4.5458512E-11,-2.50687258E-08,-4.97501E-08,1,0,4,1421.9043,-3.479362,-32.4616127,1,0,0,0,0,0,0,0,0,0,0,0,0,0,Grip,5.23869339E-08,0.00190143939
614,12.2800913,11.2800913,-1.36438956E-07,0.722363949,105.718132,-1.06688578E-08,0.000308866875,4.761329,1.00983666E-08,-3.1280797E-05,-0.432991982,17.17196,17.1718349,-3.951638E-09,-6.41741955E-12,9.487718E-09,-4.75516551E-08,1,0,4,1419.33533,-3.46223545,-32.3018265,1,0,0,0,0,0,0,0,0,0,0,0,0,0,Grip,3.43666322E-08,0.00189831981
615,12.3000917,11.3000917,-1.36646293E-07,0.7223701,105.813187,-1.05897122E-08,0.000308390241,4.75268,3.957279E-09,-2.38316716E-05,-0.432467461,17.1407852,17.14066,-3.884234E-09,-7.356809E-12,3.347328E-09,-4.68256118E-08,1,0,4,1416.76917,-3.445128,-32.1422157,1,0,0,0,0,0,0,0,0,0,0,0,0,0,Grip,4.851569E-09,0.00189521071
616,12.3200922,11.3200922,-1.36877063E-07,0.7223762,105.908066,-1.04959881E-08,0.0003078391,4.74404,4.686207E-09,-2.75569619E-05,-0.431990623,17.1096478,17.1095219,-3.805747E-09,4.381837E-11,4.077208E-09,-4.596298E-08,1,0,4,1414.20581,-3.42803884,-31.9827785,1,0,0,0,0,0,0,0,0,0,0,0,0,0,Grip,5.561747E-09,0.00189207611
617,12.3400927,11.3400927,-1.37105445E-07,0.7223823,106.002777,-1.09549863E-08,0.0003072731,4.73541,-2.29499086E-08,-2.83005647E-05,-0.431489944,17.0785427,17.0784187,-4.279937E-09,3.71022241E-11,-2.35579254E-08,-5.17840952E-08,1,0,4,1411.64575,-3.41097164,-31.8235455,1,0,0,0,0,0,0,0,0,0,0,0,0,0,Grip,-3.31266854E-08,0.00188892032
618,12.3600931,11.3600931,-1.37349872E-07,0.7223884,106.097313,-1.1009111E-08,0.0003068858,4.72679043,-2.70623524E-09,-1.93642336E-05,-0.430989265,17.0474758,17.0473518,-4.34566827E-09,7.879474E-12,-3.31359451E-09,-5.26752757E-08,1,0,4,1409.08838,-3.39392257,-31.6644821,1,0,0,0,0,0,0,0,0,0,0,0,0,0,Grip,-2.804928E-08,0.00188580947
619,12.3800936,11.3800936,-1.37576976E-07,0.722394466,106.191673,-1.13570682E-08,0.000306543225,4.71818066,-1.73978609E-08,-1.712906E-05,-0.4304886,17.0164452,17.0163212,-4.705233E-09,-5.60763675E-12,-1.80045632E-08,-5.71377576E-08,1,0,4,1406.53381,-3.376892,-31.5055923,1,0,0,0,0,0,0,0,0,0,0,0,0,0,Grip,-5.956882E-09,0.00188270712
620,12.400094,11.400094,-1.37801209E-07,0.722400546,106.285866,-1.107528E-08,0.00030615594,4.709581,1.40893963E-08,-1.93642336E-05,-0.4299879,16.98545,16.9853268,-4.43854331E-09,3.31028954E-11,1.3483672E-08,-5.399764E-08,1,0,4,1403.98254,-3.35988355,-31.3469067,1,0,0,0,0,0,0,0,0,0,0,0,0,0,Grip,4.2393733E-09,0.00187961815
621,12.4200945,11.4200945,-1.38013391E-07,0.7224066,106.379883,-1.094596E-08,0.000305798458,4.700991,6.46602771E-09,-1.78741175E-05,-0.429487228,16.95449,16.9543667,-4.32777769E-09,6.480712E-11,5.86159743E-09,-5.27463051E-08,1,0,4,1401.434,-3.342893,-31.1883888,1,0,0,0,0,0,0,0,0,0,0,0,0,0,Grip,-2.50257877E-08,0.00187657448
622,12.4400949,11.4400949,-1.382362E-07,0.7224127,106.473732,-1.06562466E-08,0.000305440975,4.692411,1.44856571E-08,-1.78741175E-05,-0.4290104,16.9235668,16.9234447,-4.046045E-09,-3.820479E-11,1.38815244E-08,-4.94027574E-08,1,0,4,1398.88818,-3.3259213,-31.0300465,1,0,0,0,0,0,0,0,0,0,0,0,0,0,Grip,-4.899418E-08,0.00187340425
623,12.4600954,11.4600954,-1.38502685E-07,0.7224189,106.567406,-1.08124336E-08,0.0003050835,4.68384075,-7.809353E-09,-1.78741175E-05,-0.4285097,16.89268,16.8925552,-4.21716972E-09,5.8781896E-11,-8.412515E-09,-5.15864329E-08,1,0,4,1396.34546,-3.30896974,-30.8718929,1,0,0,0,0,0,0,0,0,0,0,0,0,0,Grip,2.888282E-08,0.00187031389
624,12.4800959,11.4800959,-1.38755368E-07,0.722424746,106.660912,-1.17656658E-08,0.0003044579,4.67528057,-4.7661608E-08,-3.127934E-05,-0.428009033,16.8618259,16.8617039,-5.16442844E-09,-1.82947574E-10,-4.8265715E-08,-6.328941E-08,1,0,4,1393.80566,-3.29203773,-30.71392,1,0,0,0,0,0,0,0,0,0,0,0,0,0,Grip,-4.44391119E-08,0.00186720223
625,12.5000963,11.5000963,-1.389973E-07,0.722430944,106.75425,-1.17049277E-08,0.000304294052,4.6667304,3.036904E-09,-8.192728E-06,-0.427508354,16.8310089,16.8308868,-5.10483344E-09,-1.12619858E-10,2.43250464E-09,-6.26737E-08,1,0,4,1391.26868,-3.27512455,-30.5561256,1,0,0,0,0,0,0,0,0,0,0,0,0,0,Grip,1.38308366E-07,0.0018641362
626,12.5200968,11.5200968,-1.39240527E-07,0.722437,106.847412,-1.14700152E-08,0.0003038621,4.65819,1.17456267E-08,-2.15979526E-05,-0.427031517,16.8002281,16.800108,-4.878087E-09,-3.42058465E-11,1.11415437E-08,-5.99996639E-08,1,0,4,1388.73462,-3.25823069,-30.39851,1,0,0,0,0,0,0,0,0,0,0,0,0,0,Grip,8.514061E-08,0.00186111662
627,12.5400972,11.5400972,-1.3947998E-07,0.722443044,106.940407,-1.1446792E-08,0.000303355657,4.649659,1.16116006E-09,-2.53217877E-05,-0.426530838,16.7694836,16.7693615,-4.86304952E-09,-3.5838936E-11,5.57430047E-10,-5.99244458E-08,1,0,4,1386.20325,-3.241355,-30.2410641,1,0,0,0,0,0,0,0,0,0,0,0,0,0,Grip,2.58596184E-08,0.00185804092
628,12.5600977,11.5600977,-1.39735576E-07,0.722449064,107.033226,-1.13642944E-08,0.000302849221,4.641138,4.124878E-09,-2.53217877E-05,-0.426054,16.7387733,16.7386513,-4.79565276E-09,4.85538658E-11,3.52210416E-09,-5.92024527E-08,1,0,4,1383.675,-3.22450018,-30.0838127,1,0,0,0,0,0,0,0,0,0,0,0,0,0,Grip,2.70942344E-08,0.00185494416
629,12.5800982,11.5800982,-1.40004275E-07,0.722455,107.12587,-1.16878978E-08,0.000302417262,4.632627,-1.61801683E-08,-2.15979526E-05,-0.425553322,16.7080975,16.7079754,-5.14118748E-09,1.262437E-10,-1.6781323E-08,-6.3584686E-08,1,0,4,1381.14941,-3.20766258,-29.9267216,1,0,0,0,0,0,0,0,0,0,0,0,0,0,Grip,-3.6706723E-08,0.00185185857
630,12.6000986,11.6000986,-1.4027421E-07,0.722461045,107.218353,-1.20376953E-08,0.0003019853,4.62412548,-1.74898762E-08,-2.15979526E-05,-0.425076485,16.6774559,16.6773357,-5.51279022E-09,1.22170607E-10,-1.80894553E-08,-6.83059E-08,1,0,4,1378.62683,-3.19084549,-29.7698231,1,0,0,0,0,0,0,0,0,0,0,0,0,0,Grip,-9.544023E-08,0.00184881955
631,12.6200991,11.6200991,-1.40561056E-07,0.722467,107.310669,-1.21436141E-08,0.000301523542,4.615634,-5.29594146E-09,-2.30880687E-05,-0.4245758,16.64685,16.6467285,-5.6369367E-09,9.226952E-11,-5.89423577E-09,-6.997262E-08,1,0,4,1376.107,-3.174047,-29.6130962,1,0,0,0,0,0,0,0,0,0,0,0,0,0,Grip,-9.236098E-08,0.00184575922
632,12.6401,11.6401,-1.40857722E-07,0.722472966,107.402809,-1.25350805E-08,0.000301032,4.60715246,-1.957332E-08,-2.457673E-05,-0.424075127,16.6162815,16.6161613,-6.043103E-09,5.55098779E-11,-2.01706527E-08,-7.51525562E-08,1,0,4,1373.59021,-3.157268,-29.4565525,1,0,0,0,0,0,0,0,0,0,0,0,0,0,Grip,-6.975576E-08,0.00184267759
633,12.6601,11.6601,-1.41117013E-07,0.722479,107.494781,-1.28409914E-08,0.000300600048,4.5986805,-1.52955426E-08,-2.15979526E-05,-0.4235983,16.5857487,16.5856285,-6.37396E-09,1.42748535E-10,-1.58910041E-08,-7.94131552E-08,1,0,4,1371.076,-3.140507,-29.3001766,1,0,0,0,0,0,0,0,0,0,0,0,0,0,Grip,-4.19654675E-08,0.00183964055
634,12.6801,11.6801,-1.413696E-07,0.7224849,107.586586,-1.21115562E-08,0.000300004234,4.59021854,3.647176E-08,-2.979068E-05,-0.4230976,16.55525,16.55513,-5.66589353E-09,1.08881543E-10,3.58778749E-08,-7.07214838E-08,1,0,4,1368.56506,-3.12376714,-29.1439972,1,0,0,0,0,0,0,0,0,0,0,0,0,0,Grip,-1.07917892E-07,0.00183654937
635,12.7001009,11.7001009,-1.41608112E-07,0.722490847,107.678223,-1.18149845E-08,0.0002994978,4.581766,1.48285828E-08,-2.53217877E-05,-0.422620773,16.524786,16.5246658,-5.387166E-09,6.642847E-11,1.42359191E-08,-6.73664644E-08,1,0,4,1366.05664,-3.10704446,-28.987978,1,0,0,0,0,0,0,0,0,0,0,0,0,0,Grip,-8.231444E-08,0.00183350267
636,12.7201014,11.7201014,-1.41849142E-07,0.722496748,107.769691,-1.145128E-08,0.0002989467,4.57332325,1.81852311E-08,-2.75555067E-05,-0.422143936,16.4943581,16.4942379,-5.04462161E-09,1.08508834E-10,1.75940968E-08,-6.31994E-08,1,0,4,1363.55139,-3.09034276,-28.8321552,1,0,0,0,0,0,0,0,0,0,0,0,0,0,Grip,-5.021992E-08,0.00183047
637,12.7401018,11.7401018,-1.42083337E-07,0.7225027,107.860992,-1.14245262E-08,0.000298440253,4.56489038,1.33768552E-09,-2.53217877E-05,-0.421643257,16.4639626,16.4638424,-5.03891462E-09,1.04272285E-10,7.481054E-10,-6.32445136E-08,1,0,4,1361.04883,-3.0736587,-28.6764984,1,0,0,0,0,0,0,0,0,0,0,0,0,0,Grip,-8.203268E-08,0.00182745163
638,12.7601023,11.7601023,-1.42326442E-07,0.7225086,107.952126,-1.12682192E-08,0.000297844439,4.556467,7.815348E-09,-2.979068E-05,-0.42116642,16.4336052,16.4334869,-4.886572E-09,-7.584526E-11,7.225714E-09,-6.144581E-08,1,0,4,1358.54907,-3.05699372,-28.5210171,1,0,0,0,0,0,0,0,0,0,0,0,0,0,Grip,-7.882984E-08,0.00182437419
639,12.7801027,11.7801027,-1.42535413E-07,0.7225145,108.043083,-1.14330243E-08,0.000297338,4.54805326,-8.240253E-09,-2.53217877E-05,-0.420689583,16.40328,16.403162,-5.062201E-09,-2.15593324E-11,-8.829311E-09,-6.37720063E-08,1,0,4,1356.05237,-3.04034925,-28.3657284,1,0,0,0,0,0,0,0,0,0,0,0,0,0,Grip,5.73390153E-08,0.00182134635
640,12.8001032,11.8001032,-1.427419E-07,0.7225204,108.133873,-1.07276232E-08,0.00029684644,4.53964949,3.52700553E-08,-2.45781848E-05,-0.4201889,16.3729916,16.3728733,-4.374368E-09,5.93118E-11,3.4682234E-08,-5.52089148E-08,1,0,4,1353.55835,-3.02372241,-28.2106037,1,0,0,0,0,0,0,0,0,0,0,0,0,0,Grip,1.62988556E-08,0.0018182951
641,12.8201036,11.8201036,-1.42971786E-07,0.722526431,108.224495,-1.05180762E-08,0.000296310231,4.53125525,1.04773523E-08,-2.68104486E-05,-0.419712067,16.3427372,16.3426189,-4.178918E-09,3.68370022E-11,9.890418E-09,-5.28398445E-08,1,0,4,1351.06738,-3.007116,-28.0556717,1,0,0,0,0,0,0,0,0,0,0,0,0,0,Grip,-4.483972E-08,0.00181525806
642,12.8401041,11.8401041,-1.43186142E-07,0.722532153,108.314949,-1.09754206E-08,0.000295565464,4.52287054,-2.286722E-08,-3.723835E-05,-0.419235229,16.31252,16.3124,-4.646969E-09,-1.42175022E-11,-2.34535822E-08,-5.88669842E-08,1,0,4,1348.5791,-2.99052739,-27.9009018,1,0,0,0,0,0,0,0,0,0,0,0,0,0,Grip,-2.78487722E-08,0.00181223522
643,12.8601046,11.8601046,-1.43411029E-07,0.7225382,108.405235,-1.07282956E-08,0.0002951037,4.51449537,1.23562494E-08,-2.30880687E-05,-0.4187584,16.2823334,16.282217,-4.400448E-09,-1.17260091E-10,1.17695231E-08,-5.5847508E-08,1,0,4,1346.09351,-2.97395658,-27.7463017,1,0,0,0,0,0,0,0,0,0,0,0,0,0,Grip,1.07484315E-08,0.00180929876
644,12.880105,11.880105,-1.4363809E-07,0.722544,108.495361,-1.0908054E-08,0.00029441854,4.50612974,-8.98792152E-09,-3.425812E-05,-0.418281555,16.252182,16.2520657,-4.5842623E-09,-8.00850636E-11,-9.57469E-09,-5.82883644E-08,1,0,4,1343.61072,-2.95740485,-27.591877,1,0,0,0,0,0,0,0,0,0,0,0,0,0,Grip,8.86486262E-08,0.00180626928
645,12.9001055,11.9001055,-1.43877855E-07,0.7225498,108.58532,-1.0990477E-08,0.00029374825,4.497774,-4.121148E-09,-3.3514516E-05,-0.417780876,16.2220669,16.22195,-4.67079131E-09,-7.352625E-11,-4.707921E-09,-5.94989E-08,1,0,4,1341.13086,-2.94087243,-27.4376335,1,0,0,0,0,0,0,0,0,0,0,0,0,0,Grip,6.054431E-08,0.00180321839
646,12.9201059,11.9201059,-1.44114537E-07,0.722555637,108.67511,-1.12838858E-08,0.0002933312,4.489428,-1.46704426E-08,-2.08528945E-05,-0.417304039,16.1919861,16.19187,-4.975052E-09,-3.59350982E-12,-1.52566262E-08,-6.34925357E-08,1,0,4,1338.65381,-2.92435884,-27.2835655,1,0,0,0,0,0,0,0,0,0,0,0,0,0,Grip,5.558584E-08,0.00180021592
647,12.9401064,11.9401064,-1.44356108E-07,0.7225615,108.764732,-1.12732979E-08,0.000292914134,4.4810915,5.29398747E-10,-2.08528945E-05,-0.4168272,16.16194,16.1618233,-4.981969E-09,7.358387E-11,-5.55753256E-11,-6.36991E-08,1,0,4,1336.17969,-2.90786457,-27.1296787,1,0,0,0,0,0,0,0,0,0,0,0,0,0,Grip,2.71669331E-09,0.00179715571
648,12.9601068,11.9601068,-1.44646336E-07,0.7225673,108.854187,-1.13743113E-08,0.00029242257,4.47276449,-5.050671E-09,-2.45781848E-05,-0.416350365,16.13193,16.131813,-5.100366E-09,9.86459664E-11,-5.634441E-09,-6.533432E-08,1,0,4,1333.70837,-2.89138913,-26.9759655,1,0,0,0,0,0,0,0,0,0,0,0,0,0,Grip,-5.56294033E-08,0.00179418281
649,12.9801073,11.9801073,-1.44919568E-07,0.722573042,108.943474,-1.2460422E-08,0.000291856559,4.464447,-5.43055378E-08,-2.83005647E-05,-0.415873528,16.1019516,16.1018353,-6.203799E-09,7.672097E-11,-5.48881118E-08,-7.961705E-08,1,0,4,1331.23975,-2.87493181,-26.8224239,1,0,0,0,0,0,0,0,0,0,0,0,0,0,Grip,-7.457635E-08,0.00179118826
650,13.0001078,12.0001078,-1.45229322E-07,0.7225789,109.0326,-1.23077646E-08,0.000291528879,4.456139,7.632872E-09,-1.63840014E-05,-0.4153967,16.0720081,16.0718918,-6.065028E-09,6.067914E-11,7.051182E-09,-7.798123E-08,1,0,4,1328.77393,-2.85849285,-26.6690521,1,0,0,0,0,0,0,0,0,0,0,0,0,0,Grip,-5.80010528E-08,0.00178817241
651,13.0201082,12.0201082,-1.45537769E-07,0.7225846,109.121559,-1.30906415E-08,0.00029109692,4.44784069,-3.91438455E-08,-2.15979526E-05,-0.414919853,16.0421,16.0419846,-6.858437E-09,1.37567084E-11,-3.97249664E-08,-8.834702E-08,1,0,4,1326.311,-2.84207344,-26.5158634,1,0,0,0,0,0,0,0,0,0,0,0,0,0,Grip,-4.587343E-08,0.00178520777
652,13.0401087,12.0401087,-1.45844481E-07,0.7225904,109.21035,-1.32301574E-08,0.000290799,4.43955231,-6.97579772E-09,-1.489534E-05,-0.414419174,16.0122261,16.0121117,-7.00516223E-09,-2.60516764E-11,-7.556625E-09,-9.040553E-08,1,0,4,1323.85083,-2.82567215,-26.3628426,1,0,0,0,0,0,0,0,0,0,0,0,0,0,Grip,-1.0400071E-08,0.00178218563
653,13.0601091,12.0601091,-1.46121522E-07,0.722596169,109.298973,-1.323725E-08,0.000290441531,4.43127346,-3.54649643E-10,-1.78741175E-05,-0.413942337,15.9823875,15.9822731,-7.02610325E-09,3.2144544E-11,-9.34598E-10,-9.08451838E-08,1,0,4,1321.39343,-2.80928969,-26.21,1,0,0,0,0,0,0,0,0,0,0,0,0,0,Grip,1.96950669E-08,0.00177917583
654,13.08011,12.08011,-1.46430423E-07,0.7226019,109.387436,-1.25966828E-08,0.000290039345,4.423004,3.202838E-08,-2.01092917E-05,-0.4134655,15.9525843,15.9524689,-6.412471E-09,2.05150355E-10,3.145054E-08,-8.306613E-08,1,0,4,1318.939,-2.79292655,-26.0573349,1,0,0,0,0,0,0,0,0,0,0,0,0,0,Grip,-2.43012739E-08,0.00177621772
655,13.10011,12.10011,-1.464488E-07,0.7226077,109.475731,-1.31821052E-08,0.000289711665,4.41474438,-2.92711189E-08,-1.63840014E-05,-0.412988663,15.9228144,15.9227,-7.08732228E-09,7.448069E-10,-2.984103E-08,-9.1979814E-08,1,0,4,1316.4873,-2.77658224,-25.9048462,1,0,0,0,0,0,0,0,0,0,0,0,0,0,Grip,-1.55093659E-07,0.00177323818
656,13.1201105,12.1201105,-1.46407586E-07,0.7226134,109.563858,-6.819955E-09,0.000289294578,4.406494,3.18107539E-07,-2.085435E-05,-0.412511826,15.89308,15.8929644,-7.54741158E-10,1.0714462E-10,3.17539985E-07,-9.813427E-09,1,0,4,1314.03845,-2.76025629,-25.75253,1,0,0,0,0,0,0,0,0,0,0,0,0,0,Grip,-5.63073968E-07,0.00177023723
657,13.140111,12.140111,-1.463212E-07,0.7226192,109.651825,-4.271576E-09,0.00028887752,4.39825344,1.27418943E-07,-2.08528945E-05,-0.412035,15.8633785,15.8632631,1.77732629E-09,-3.93302162E-11,1.26852484E-07,2.31527615E-08,1,0,4,1311.59241,-2.74394941,-25.60039,1,0,0,0,0,0,0,0,0,0,0,0,0,0,Grip,-8.100133E-08,0.00176728843
658,13.1601114,12.1601114,-1.46217459E-07,0.722625,109.739616,-2.7296736E-09,0.000288475363,4.39002228,7.709512E-08,-2.01078365E-05,-0.411558151,15.8337116,15.8335972,3.29968386E-09,5.37995126E-12,7.65300854E-08,4.3064702E-08,1,0,4,1309.149,-2.72766018,-25.4484138,1,0,0,0,0,0,0,0,0,0,0,0,0,0,Grip,2.97336431E-08,0.00176431821
659,13.1801119,12.1801119,-1.46148949E-07,0.72263056,109.827255,-1.97722083E-09,0.000287864648,4.38180065,3.76226374E-08,-3.053574E-05,-0.4110813,15.80408,15.8039665,4.045738E-09,-1.16023649E-10,3.70577844E-08,5.29006456E-08,1,0,4,1306.70862,-2.711391,-25.296627,1,0,0,0,0,0,0,0,0,0,0,0,0,0,Grip,-4.067243E-09,0.00176132633
660,13.2001123,12.2001123,-1.46111162E-07,0.722636461,109.914726,-2.54787036E-09,0.000287581643,4.373588,-2.85324777E-08,-1.41502824E-05,-0.410628319,15.7744818,15.7743683,3.462135E-09,-3.03866E-11,-2.909656E-08,4.5354664E-08,1,0,4,1304.27087,-2.69513917,-25.145,1,0,0,0,0,0,0,0,0,0,0,0,0,0,Grip,8.771388E-08,0.001758387
661,13.2201128,12.2201128,-1.461117E-07,0.7226421,110.002037,-3.25995031E-09,0.00028688155,4.365385,-3.5604E-08,-3.50046321E-05,-0.410151482,15.7449169,15.7448034,2.743626E-09,-9.147604E-11,-3.61678865E-08,3.60095882E-08,1,0,4,1301.83594,-2.6789062,-24.9935513,1,0,0,0,0,0,0,0,0,0,0,0,0,0,Grip,2.29722676E-08,0.001755431
662,13.2401133,12.2401133,-1.46126823E-07,0.7226478,110.08918,-4.18234336E-09,0.000286315539,4.357191,-4.61196521E-08,-2.83005647E-05,-0.4096985,15.7153854,15.7152729,1.81150517E-09,-5.58475419E-11,-4.66830663E-08,2.38203839E-08,1,0,4,1299.40356,-2.6626904,-24.8422623,1,0,0,0,0,0,0,0,0,0,0,0,0,0,Grip,6.915589E-08,0.00175248808
663,13.2601137,12.2601137,-1.461532E-07,0.7226535,110.176163,-4.6174673E-09,0.000285719725,4.34900665,-2.17561968E-08,-2.979068E-05,-0.409221649,15.6858873,15.6857758,1.36663747E-09,-5.415641E-11,-2.2319103E-08,1.8004414E-08,1,0,4,1296.97412,-2.64649415,-24.6911545,1,0,0,0,0,0,0,0,0,0,0,0,0,0,Grip,4.222074E-08,0.00174952857
664,13.2801142,12.2801142,-1.461906E-07,0.7226591,110.262978,-4.896361E-09,0.000285049464,4.34083176,-1.394469E-08,-3.351306E-05,-0.4087448,15.6564236,15.656312,1.077987E-09,-5.088195E-11,-1.45070862E-08,1.42284069E-08,1,0,4,1294.54724,-2.630315,-24.5402088,1,0,0,0,0,0,0,0,0,0,0,0,0,0,Grip,4.09422434E-08,0.0017466197
665,13.3001146,12.3001146,-1.46276207E-07,0.722664833,110.349632,-5.146604E-09,0.000284498325,4.3326664,-1.25121469E-08,-2.75569619E-05,-0.408267975,15.6269941,15.6268826,8.309078E-10,-1.75748388E-10,-1.30752458E-08,1.0987864E-08,1,0,4,1292.12317,-2.61415458,-24.3894348,1,0,0,0,0,0,0,0,0,0,0,0,0,0,Grip,3.84667551E-08,0.0017435773
666,13.3201151,12.3201151,-1.46396573E-07,0.722670436,110.436119,-6.240823E-09,0.000283828034,4.32451057,-5.471095E-08,-3.3514516E-05,-0.407791138,15.597599,15.5974874,-2.60277577E-10,-1.67558148E-10,-5.52747359E-08,-3.448383E-09,1,0,4,1289.702,-2.59801364,-24.2388439,1,0,0,0,0,0,0,0,0,0,0,0,0,0,Grip,1.32865779E-07,0.00174066261
667,13.3401155,12.3401155,-1.46583261E-07,0.722676039,110.522446,-7.18767845E-09,0.00028323225,4.31636429,-4.73427768E-08,-2.97892257E-05,-0.4073143,15.5682373,15.5681257,-1.21062E-09,-6.617206E-11,-4.79066351E-08,-1.6069615E-08,1,0,4,1287.28357,-2.58189034,-24.0884171,1,0,0,0,0,0,0,0,0,0,0,0,0,0,Grip,1.26673953E-07,0.00173772674
668,13.360116,12.360116,-1.46786377E-07,0.722681642,110.608612,-8.82649E-09,0.000282696,4.30822659,-8.194057E-08,-2.68119038E-05,-0.406885147,15.5389109,15.5387993,-2.85298851E-09,-7.466897E-11,-8.250456E-08,-3.794173E-08,1,0,4,1284.868,-2.56578684,-23.9381752,1,0,0,0,0,0,0,0,0,0,0,0,0,0,Grip,5.00260775E-08,0.00173480669
669,13.3801165,12.3801165,-1.469921E-07,0.722687244,110.694611,-9.473908E-09,0.000282219378,4.30009842,-3.2370906E-08,-2.38316716E-05,-0.4064083,15.5096149,15.5095034,-3.51363072E-09,3.17570761E-11,-3.293405E-08,-4.68159E-08,1,0,4,1282.4552,-2.54970121,-23.7881,1,0,0,0,0,0,0,0,0,0,0,0,0,0,Grip,5.64497427E-08,0.00173187
670,13.4001169,12.4001169,-1.47191159E-07,0.722692847,110.780449,-9.638738E-09,0.000281787419,4.29198,-8.241496E-09,-2.15979526E-05,-0.405931473,15.4803543,15.4802427,-3.69484665E-09,6.32689942E-11,-8.803495E-09,-4.93235532E-08,1,0,4,1280.04492,-2.53363276,-23.6381855,1,0,0,0,0,0,0,0,0,0,0,0,0,0,Grip,-2.40083491E-08,0.00172891142
671,13.4201174,12.4201174,-1.47378174E-07,0.72269845,110.866127,-9.512723E-09,0.00028123628,4.2838707,6.30073771E-09,-2.75569619E-05,-0.405454636,15.4511271,15.4510174,-3.57877772E-09,-1.67830055E-11,5.739278E-09,-4.78645461E-08,1,0,4,1277.63745,-2.51758313,-23.4884453,1,0,0,0,0,0,0,0,0,0,0,0,0,0,Grip,-4.78313567E-08,0.00172596937
672,13.4401178,12.4401178,-1.4755E-07,0.722703934,110.951645,-9.21914545E-09,0.000280729844,4.275771,1.467888E-08,-2.53217877E-05,-0.4049778,15.4219341,15.4218245,-3.30151728E-09,5.26049378E-11,1.41185623E-08,-4.42399575E-08,1,0,4,1275.23279,-2.50155187,-23.3388786,1,0,0,0,0,0,0,0,0,0,0,0,0,0,Grip,1.2687952E-08,0.00172308111
673,13.4601183,12.4601183,-1.477041E-07,0.722709537,111.036995,-8.818039E-09,0.000280387263,4.26768064,2.00553352E-08,-1.712906E-05,-0.4045248,15.3927755,15.3926659,-2.910316E-09,-2.74831477E-11,1.949552E-08,-3.9071832E-08,1,0,4,1272.83081,-2.48553872,-23.18948,1,0,0,0,0,0,0,0,0,0,0,0,0,0,Grip,-3.97693327E-08,0.00172017131
674,13.4801188,12.4801188,-1.47838392E-07,0.7227151,111.122185,-8.342813E-09,0.000279985077,4.259599,2.3761304E-08,-2.01092917E-05,-0.4040718,15.36365,15.36354,-2.448179E-09,4.2363656E-12,2.32022934E-08,-3.292987E-08,1,0,4,1270.43176,-2.46954513,-23.0402622,1,0,0,0,0,0,0,0,0,0,0,0,0,0,Grip,2.0777259E-08,0.00171724008
675,13.5001192,12.5001192,-1.47951511E-07,0.7227206,111.207214,-7.800644E-09,0.0002796425,4.25152731,2.71084488E-08,-1.712906E-05,-0.403594971,15.3345566,15.3344469,-1.91591587E-09,-3.86792751E-11,2.65499747E-08,-2.58194515E-08,1,0,4,1268.0354,-2.45356941,-22.8912144,1,0,0,0,0,0,0,0,0,0,0,0,0,0,Grip,-3.20269233E-09,0.00171432993
676,13.52012,12.52012,-1.48105585E-07,0.722726166,111.292084,-7.21395432E-09,0.0002793446,4.24346447,2.93344691E-08,-1.489534E-05,-0.403141975,15.3054981,15.3053885,-1.35489087E-09,1.76264489E-10,2.8778E-08,-1.82936031E-08,1,0,4,1265.6416,-2.43761063,-22.742321,1,0,0,0,0,0,0,0,0,0,0,0,0,0,Grip,2.92415319E-08,0.00171143631
677,13.54012,12.54012,-1.48262771E-07,0.7227319,111.376793,-8.026627E-09,0.0002790169,4.235411,-4.06336547E-08,-1.63840014E-05,-0.402665138,15.2764721,15.2763615,-2.18676321E-09,9.348919E-11,-4.11886951E-08,-2.95815976E-08,1,0,4,1263.25061,-2.421671,-22.5936089,1,0,0,0,0,0,0,0,0,0,0,0,0,0,Grip,-1.33255952E-07,0.00170848542
678,13.5601206,12.5601206,-1.48442268E-07,0.7227372,111.461342,-8.212528E-09,0.00027846577,4.227367,-9.295054E-09,-2.75569619E-05,-0.402212143,15.2474794,15.24737,-2.388604E-09,6.577594E-11,-9.849009E-09,-3.23735E-08,1,0,4,1260.8623,-2.40574884,-22.4450588,1,0,0,0,0,0,0,0,0,0,0,0,0,0,Grip,-7.067782E-08,0.00170555082
679,13.580121,12.580121,-1.486083E-07,0.7227429,111.545731,-8.742108E-09,0.000278316817,4.21933174,-2.64789968E-08,-7.44767E-06,-0.401759148,15.21852,15.2184124,-2.92778957E-09,-2.21991835E-11,-2.70324687E-08,-3.97568165E-08,1,0,4,1258.47681,-2.38984537,-22.2966843,1,0,0,0,0,0,0,0,0,0,0,0,0,0,Grip,-4.972661E-08,0.00170270959
680,13.6001215,12.6001215,-1.48774618E-07,0.7227484,111.629959,-8.511932E-09,0.000277825282,4.211306,1.15088383E-08,-2.457673E-05,-0.4012823,15.1895943,15.1894855,-2.70721845E-09,-1.94215685E-11,1.09558851E-08,-3.683171E-08,1,0,4,1256.09387,-2.373959,-22.148468,1,0,0,0,0,0,0,0,0,0,0,0,0,0,Grip,1.67825824E-08,0.00169985183
681,13.620122,12.620122,-1.48912321E-07,0.7227539,111.714027,-8.4756735E-09,0.000277423125,4.20328951,1.81290538E-09,-2.01078365E-05,-0.400829315,15.1607018,15.160593,-2.67746E-09,-7.172399E-11,1.26014033E-09,-3.649632E-08,1,0,4,1253.71362,-2.35809088,-22.0004215,1,0,0,0,0,0,0,0,0,0,0,0,0,0,Grip,1.46827057E-08,0.00169693644
682,13.6401224,12.6401224,-1.49102576E-07,0.7227594,111.797935,-7.804983E-09,0.000277080515,4.195282,3.353451E-08,-1.71305146E-05,-0.40037632,15.1318417,15.1317339,-2.01638084E-09,1.86180043E-12,3.29822356E-08,-2.75376433E-08,1,0,4,1251.33618,-2.34224129,-21.8525486,1,0,0,0,0,0,0,0,0,0,0,0,0,0,Grip,5.422333E-08,0.00169403781
683,13.6601229,12.6601229,-1.49243633E-07,0.7227649,111.881683,-8.902413E-09,0.000276663457,4.187284,-5.48714851E-08,-2.08528945E-05,-0.399899483,15.1030149,15.1029081,-3.14840287E-09,2.60630961E-10,-5.54208555E-08,-4.307976E-08,1,0,4,1248.9613,-2.32640862,-21.704834,1,0,0,0,0,0,0,0,0,0,0,0,0,0,Grip,-1.4075211E-09,0.00169115863
684,13.6801233,12.6801233,-1.49259435E-07,0.7227704,111.965271,-7.91119348E-09,0.0002762613,4.179295,4.95609775E-08,-2.01078365E-05,-0.3994465,15.0742216,15.0741158,-2.200939E-09,3.12948778E-10,4.90153518E-08,-3.01731227E-08,1,0,4,1246.58923,-2.3105948,-21.5572948,1,0,0,0,0,0,0,0,0,0,0,0,0,0,Grip,-1.97037E-07,0.00168825767
685,13.7001238,12.7001238,-1.49202336E-07,0.7227758,112.0487,-4.832812E-09,0.0002759187,4.171315,1.53919075E-07,-1.71305146E-05,-0.3989935,15.0454617,15.0453558,8.308967E-10,3.41755985E-10,1.53377471E-07,1.14127241E-08,1,0,4,1244.21985,-2.294799,-21.4099236,1,0,0,0,0,0,0,0,0,0,0,0,0,0,Grip,-2.36589273E-07,0.00168537628
686,13.7201242,12.7201242,-1.490813E-07,0.7227813,112.131966,-2.629819E-09,0.0002755761,4.16334438,1.10149649E-07,-1.712906E-05,-0.3985405,15.0167341,15.0166283,2.97838243E-09,4.40096515E-10,1.0961292E-07,4.09876861E-08,1,0,4,1241.85327,-2.279022,-21.2627277,1,0,0,0,0,0,0,0,0,0,0,0,0,0,Grip,-2.58367521E-07,0.00168251432
687,13.7401247,12.7401247,-1.48863833E-07,0.7227868,112.215073,-7.405941E-10,0.0002752633,4.155383,9.446125E-08,-1.56403985E-05,-0.39806366,14.988039,14.9879332,4.815588E-09,3.67878145E-10,9.39290956E-08,6.639777E-08,1,0,4,1239.48914,-2.263261,-21.1156826,1,0,0,0,0,0,0,0,0,0,0,0,0,0,Grip,-3.32712943E-07,0.00167967239
688,13.7601252,12.7601252,-1.48617815E-07,0.722792268,112.298019,1.86950766E-09,0.000274861144,4.14743042,1.30505086E-07,-2.01078365E-05,-0.3976345,14.9593792,14.9592724,8.349575E-09,-1.13756959E-08,1.298839E-07,1.15345465E-07,1,0,4,1237.12781,-2.24751878,-20.968811,1,0,0,0,0,0,0,0,0,0,0,0,0,0,Grip,-2.78115863E-07,0.00167678914
689,13.7801256,12.7801256,-1.48353578E-07,0.722797632,112.3808,2.387962E-09,0.0002743398,4.13948727,2.592272E-08,-2.60668457E-05,-0.397157669,14.9307489,14.9306431,9.535509E-09,-8.327696E-09,2.52370285E-08,1.31981352E-07,1,0,4,1234.76929,-2.231795,-20.822113,1,0,0,0,0,0,0,0,0,0,0,0,0,0,Grip,8.60002547E-06,0.001673889
690,13.8001261,12.8001261,-1.48098692E-07,0.7228031,112.463432,2.78376544E-09,0.000273997226,4.131553,1.979017E-08,-1.712906E-05,-0.396704674,14.902154,14.9020472,1.033634E-08,-5.175008E-09,1.906504E-08,1.43340415E-07,1,0,4,1232.41333,-2.21608877,-20.6755753,1,0,0,0,0,0,0,0,0,0,0,0,0,0,Grip,6.295738E-06,0.00167102576
691,13.8201265,12.8201265,-1.47920943E-07,0.72280854,112.545906,2.633462E-09,0.000273580139,4.12362766,-7.515178E-09,-2.085435E-05,-0.39627552,14.8735914,14.8734846,1.04270583E-08,-3.16570969E-09,-8.264087E-09,1.44876353E-07,1,0,4,1230.06,-2.20040035,-20.5292072,1,0,0,0,0,0,0,0,0,0,0,0,0,0,Grip,3.912306E-06,0.001668185
692,13.840127,12.840127,-1.47807469E-07,0.722813964,112.62822,8.607422E-10,0.0002731184,4.11571169,-8.863599E-08,-2.30866135E-05,-0.395798683,14.8450594,14.8449545,8.803831E-09,-2.05006967E-09,-8.93998262E-08,1.22558077E-07,1,0,4,1227.70935,-2.184729,-20.3829975,1,0,0,0,0,0,0,0,0,0,0,0,0,0,Grip,2.39327642E-06,0.00166528579
693,13.8601274,12.8601274,-1.47715156E-07,0.7228193,112.710373,-8.361041E-10,0.0002725375,4.107805,-8.484231E-08,-2.90456228E-05,-0.3953457,14.8165617,14.8164568,7.196626E-09,-1.336527E-09,-8.56153761E-08,1.00377008E-07,1,0,4,1225.36121,-2.16907454,-20.2369442,1,0,0,0,0,0,0,0,0,0,0,0,0,0,Grip,1.54985264E-06,0.00166244572
694,13.8801279,12.8801279,-1.4771075E-07,0.7228248,112.792374,-1.51000135E-09,0.000272075733,4.099907,-3.36948638E-08,-2.30880687E-05,-0.3948927,14.7880964,14.7879925,6.583845E-09,-9.523409E-10,-3.44744144E-08,9.20069638E-08,1,0,4,1223.01575,-2.15343833,-20.0910625,1,0,0,0,0,0,0,0,0,0,0,0,0,0,Grip,1.01041439E-06,0.00165962346
695,13.9001284,12.9001284,-1.47780923E-07,0.7228303,112.874214,-3.61678731E-09,0.000271420344,4.092018,-1.05339296E-07,-3.27694579E-05,-0.3944397,14.7596645,14.75956,4.50998838E-09,-5.935238E-10,-1.06122627E-07,6.314704E-08,1,0,4,1220.6731,-2.13782072,-19.9453545,1,0,0,0,0,0,0,0,0,0,0,0,0,0,Grip,7.199697E-07,0.00165674253
696,13.9201288,12.9201288,-1.47880712E-07,0.722835541,112.955894,-5.61457059E-09,0.000270571327,4.084139,-9.98891636E-08,-4.24508471E-05,-0.39396286,14.7312651,14.73116,2.52639287E-09,-3.719822E-10,-1.00674427E-07,3.54417757E-08,1,0,4,1218.33313,-2.12222075,-19.79981,1,0,0,0,0,0,0,0,0,0,0,0,0,0,Grip,4.48703958E-07,0.00165392132
697,13.9401293,12.9401293,-1.48013228E-07,0.722841,113.037422,-6.54997123E-09,0.000270109565,4.076268,-4.67700332E-08,-2.30880687E-05,-0.3935337,14.7029,14.702795,1.58668367E-09,-1.386872E-10,-4.755554E-08,2.23019416E-08,1,0,4,1215.99585,-2.10663915,-19.654438,1,0,0,0,0,0,0,0,0,0,0,0,0,0,Grip,2.81218519E-07,0.00165103865
698,13.96013,12.96013,-1.48166038E-07,0.7228464,113.11879,-7.41969375E-09,0.0002694244,4.06840658,-4.348613E-08,-3.425812E-05,-0.3930807,14.6745653,14.67446,7.064975E-10,-6.178555E-11,-4.42712356E-08,9.949501E-09,1,0,4,1213.66138,-2.091076,-19.5092354,1,0,0,0,0,0,0,0,0,0,0,0,0,0,Grip,1.04847523E-07,0.00164821837
699,13.98013,12.98013,-1.48320524E-07,0.722851753,113.2,-7.995767E-09,0.0002687988,4.060554,-2.880365E-08,-3.1280797E-05,-0.392627716,14.6462631,14.6461582,1.10849108E-10,4.48599456E-11,-2.95874774E-08,1.56409052E-09,1,0,4,1211.32947,-2.07552981,-19.3641949,1,0,0,0,0,0,0,0,0,0,0,0,0,0,Grip,4.67098751E-08,0.00164537667
700,14.0001307,13.0001307,-1.48490471E-07,0.722857,113.281052,-8.093049E-09,0.0002681881,4.05271053,-4.864109E-09,-3.05342837E-05,-0.392174721,14.6179943,14.6178913,-2.92033064E-12,1.47006591E-11,-5.64695135E-09,-4.12858671E-11,1,0,4,1209.00024,-2.06000161,-19.21932,1,0,0,0,0,0,0,0,0,0,0,0,0,0,Grip,-3.391412E-08,0.00164251775
701,14.0201311,13.0201311,-1.486923E-07,0.722862363,113.361946,-8.461976E-09,0.000267741241,4.04487562,-1.84463556E-08,-2.234301E-05,-0.391745567,14.5897579,14.5896549,-3.88287624E-10,2.791113E-11,-1.92282616E-08,-5.500008E-09,1,0,4,1206.67358,-2.04449058,-19.0746059,1,0,0,0,0,0,0,0,0,0,0,0,0,0,Grip,-1.11136975E-08,0.00163975975
702,14.0401316,13.0401316,-1.48921117E-07,0.7228676,113.442688,-9.258813E-09,0.00026727948,4.03705,-3.98418649E-08,-2.30880687E-05,-0.391292572,14.561552,14.5614491,-1.19551213E-09,-4.06588756E-11,-4.062337E-08,-1.696699E-08,1,0,4,1204.34937,-2.02899575,-18.9300423,1,0,0,0,0,0,0,0,0,0,0,0,0,0,Grip,-2.11008135E-08,0.001636945
703,14.060132,13.060132,-1.49132532E-07,0.722873,113.52327,-1.00045483E-08,0.000267130526,4.02923346,-3.72867532E-08,-7.44767E-06,-0.390815735,14.5333786,14.5332756,-1.957682E-09,1.64824682E-11,-3.8067224E-08,-2.78377836E-08,1,0,4,1202.028,-2.01351953,-18.7856541,1,0,0,0,0,0,0,0,0,0,0,0,0,0,Grip,3.073811E-08,0.00163411081
704,14.0801325,13.0801325,-1.49225343E-07,0.7228782,113.6037,-9.686726E-09,0.000266787945,4.02142572,1.589111E-08,-1.712906E-05,-0.390386581,14.50524,14.5051384,-1.66832681E-09,1.04221527E-10,1.51127377E-08,-2.37692781E-08,1,0,4,1199.70911,-1.9980607,-18.6414261,1,0,0,0,0,0,0,0,0,0,0,0,0,0,Grip,-1.24607453E-08,0.00163129484
705,14.1001329,13.1001329,-1.4913914E-07,0.7228835,113.683968,-6.810366E-09,0.0002665198,4.013627,1.43818E-07,-1.34066795E-05,-0.3899336,14.4771318,14.4770308,1.15271481E-09,3.72279679E-10,1.43044375E-07,1.64550684E-08,1,0,4,1197.39307,-1.98262036,-18.4973717,1,0,0,0,0,0,0,0,0,0,0,0,0,0,Grip,-7.879147E-08,0.00162846234
706,14.1201334,13.1201334,-1.4898599E-07,0.7228888,113.764084,-2.13466156E-09,0.000266132556,4.00583744,2.33785215E-07,-1.93627784E-05,-0.3894806,14.4490566,14.4489555,5.803323E-09,1.21153408E-11,2.33013409E-07,8.30038545E-08,1,0,4,1195.07959,-1.9671973,-18.3534775,1,0,0,0,0,0,0,0,0,0,0,0,0,0,Grip,-2.8144342E-07,0.00162561028
707,14.1401339,13.1401339,-1.489573E-07,0.7228941,113.844048,8.695184E-11,0.000265760173,3.99805665,1.11080666E-07,-1.86191755E-05,-0.389039516,14.4210148,14.4209127,8.02682454E-09,-2.3121996E-10,1.10308051E-07,1.15029621E-07,1,0,4,1192.76868,-1.95179117,-18.2097435,1,0,0,0,0,0,0,0,0,0,0,0,0,0,Grip,-9.159197E-09,0.0016228602
708,14.1601343,13.1601343,-1.490038E-07,0.7228993,113.923851,-2.56740473E-09,0.0002654176,3.99028468,-1.3271783E-07,-1.712906E-05,-0.388598442,14.3930035,14.3929024,5.37420242E-09,-2.17675211E-10,-1.33491241E-07,7.71658151E-08,1,0,4,1190.46045,-1.936403,-18.0661755,1,0,0,0,0,0,0,0,0,0,0,0,0,0,Grip,1.74802281E-07,0.00162003119
709,14.1801348,13.1801348,-1.49194292E-07,0.722904563,114.0035,-4.632146E-09,0.000265104783,3.98252177,-1.03237056E-07,-1.56403985E-05,-0.388145447,14.3650246,14.3649235,3.32889227E-09,-3.836835E-10,-1.04012955E-07,4.78912767E-08,1,0,4,1188.15491,-1.92103279,-17.9227753,1,0,0,0,0,0,0,0,0,0,0,0,0,0,Grip,1.64562451E-07,0.00161724514
710,14.2001352,13.2001352,-1.494476E-07,0.722909868,114.083,-8.316939E-09,0.000264821778,3.97476768,-1.84239667E-07,-1.41502824E-05,-0.387704372,14.3370781,14.336977,-3.51597862E-10,-2.00963288E-10,-1.85016617E-07,-5.06814768E-09,1,0,4,1185.85193,-1.90567946,-17.7795315,1,0,0,0,0,0,0,0,0,0,0,0,0,0,Grip,2.90064719E-07,0.00161443965
711,14.2201357,13.2201357,-1.49711752E-07,0.722915053,114.162338,-1.02504245E-08,0.0002644196,3.96702242,-9.667427E-08,-2.01092917E-05,-0.3872633,14.3091631,14.309063,-2.295736E-09,-2.867256E-11,-9.74508E-08,-3.315676E-08,1,0,4,1183.55151,-1.89034331,-17.63645,1,0,0,0,0,0,0,0,0,0,0,0,0,0,Grip,1.51928248E-07,0.00161167735
712,14.2401361,13.2401361,-1.49976771E-07,0.7229203,114.241524,-1.07418048E-08,0.0002641366,3.95928621,-2.45690135E-08,-1.41502824E-05,-0.3868103,14.2812805,14.28118,-2.80958545E-09,1.15478946E-10,-2.53439527E-08,-4.06574436E-08,1,0,4,1181.25366,-1.87502444,-17.4935284,1,0,0,0,0,0,0,0,0,0,0,0,0,0,Grip,2.16764562E-08,0.00160879479
713,14.2601366,13.2601366,-1.50212628E-07,0.722925544,114.320557,-1.08306732E-08,0.0002638089,3.95155883,-4.44342341E-09,-1.63840014E-05,-0.386369228,14.25343,14.2533293,-2.92672375E-09,1.72345915E-10,-5.21622745E-09,-4.243537E-08,1,0,4,1178.95862,-1.85972416,-17.35078,1,0,0,0,0,0,0,0,0,0,0,0,0,0,Grip,-8.73020838E-08,0.00160605623
714,14.2801371,13.2801371,-1.50416042E-07,0.722930968,114.399437,-1.01470485E-08,0.000263421622,3.94384027,3.41812374E-08,-1.93642336E-05,-0.385928154,14.2256117,14.2255106,-2.27122321E-09,1.61024527E-10,3.34105579E-08,-3.2995537E-08,1,0,4,1176.666,-1.84444022,-17.2081852,1,0,0,0,0,0,0,0,0,0,0,0,0,0,Grip,-1.30293515E-07,0.00160327926
715,14.3001375,13.3001375,-1.50567217E-07,0.722936,114.478157,-9.294761E-09,0.000262691756,3.93613052,4.26143565E-08,-3.6493293E-05,-0.38548708,14.1978245,14.1977253,-1.43814827E-09,2.92890052E-11,4.18449275E-08,-2.09338378E-08,1,0,4,1174.376,-1.82917321,-17.0657463,1,0,0,0,0,0,0,0,0,0,0,0,0,0,Grip,-1.21734544E-07,0.00160050485
716,14.320138,13.320138,-1.50700856E-07,0.7229414,114.556725,-7.941423E-09,0.000262378948,3.92842937,6.766694E-08,-1.56403985E-05,-0.385057926,14.17007,14.16997,-1.098126E-10,1.08614964E-10,6.689931E-08,-1.60157732E-09,1,0,4,1172.08862,-1.81392407,-16.9234753,1,0,0,0,0,0,0,0,0,0,0,0,0,0,Grip,-2.2142487E-08,0.00159773277
717,14.3401384,13.3401384,-1.50815239E-07,0.7229465,114.635139,-7.359415E-09,0.000261693785,3.920737,2.910039E-08,-3.425812E-05,-0.384616852,14.1423454,14.1422462,4.47303083E-10,1.03758488E-10,2.83345738E-08,6.536553E-09,1,0,4,1169.80383,-1.79869223,-16.7813663,1,0,0,0,0,0,0,0,0,0,0,0,0,0,Grip,-8.211291E-08,0.00159494393
718,14.3601389,13.3601389,-1.50922148E-07,0.72295177,114.7134,-6.813936E-09,0.000261217123,3.91305351,2.727394E-08,-2.38331268E-05,-0.384175777,14.1146526,14.1145535,9.738272E-10,3.04935729E-11,2.65093583E-08,1.42587258E-08,1,0,4,1167.52161,-1.78347731,-16.6394157,1,0,0,0,0,0,0,0,0,0,0,0,0,0,Grip,-7.844142E-08,0.00159219909
719,14.3801394,13.3801394,-1.5103862E-07,0.7229569,114.791512,-6.55789734E-09,0.0002606362,3.90537882,1.28019373E-08,-2.90456228E-05,-0.3837347,14.0869923,14.0868931,1.21387966E-09,1.0285015E-12,1.20383037E-08,1.78084871E-08,1,0,4,1165.242,-1.76827967,-16.4976254,1,0,0,0,0,0,0,0,0,0,0,0,0,0,Grip,-2.305314E-08,0.00158939592
720,14.40014,13.40014,-1.51153017E-07,0.7229621,114.869461,-6.74720946E-09,0.000260248955,3.897713,-9.465606E-09,-1.93627784E-05,-0.383293629,14.0593634,14.0592651,1.00569642E-09,3.50332263E-11,-1.02280087E-08,1.4783307E-08,1,0,4,1162.96484,-1.753099,-16.3559933,1,0,0,0,0,0,0,0,0,0,0,0,0,0,Grip,-7.77547138E-10,0.00158661464
721,14.42014,13.42014,-1.51272886E-07,0.722967267,114.947266,-6.695349E-09,0.0002597574,3.890056,2.59301469E-09,-2.45781848E-05,-0.382852554,14.0317659,14.0316677,1.04453335E-09,-3.60815058E-11,1.83127147E-09,1.53844155E-08,1,0,4,1160.69031,-1.73793542,-16.21452,1,0,0,0,0,0,0,0,0,0,0,0,0,0,Grip,-2.64851181E-08,0.001583836
722,14.4401407,13.4401407,-1.51409992E-07,0.7229724,115.02491,-6.80986E-09,0.000259236083,3.88240767,-5.725531E-09,-2.606539E-05,-0.38241148,14.0042009,14.0041018,9.198886E-10,-6.495576E-11,-6.48689769E-09,1.35752742E-08,1,0,4,1158.41846,-1.72278976,-16.0732155,1,0,0,0,0,0,0,0,0,0,0,0,0,0,Grip,2.72776184E-08,0.001581124
723,14.4601412,13.4601412,-1.51517654E-07,0.7229775,115.1024,-7.23127558E-09,0.000258774322,3.87476826,-2.107079E-08,-2.30880687E-05,-0.3819704,13.9766674,13.9765682,4.73857842E-10,1.00975089E-10,-2.18303526E-08,7.0067534E-09,1,0,4,1156.149,-1.70766032,-15.93206,1,0,0,0,0,0,0,0,0,0,0,0,0,0,Grip,4.9106557E-08,0.00157833123
724,14.4801416,13.4801416,-1.51615239E-07,0.722982645,115.179741,-6.5271184E-09,0.000258357264,3.86713743,3.5207858E-08,-2.08528945E-05,-0.381541252,13.9491653,13.9490671,1.15926468E-09,2.80534745E-11,3.44495E-08,1.71754255E-08,1,0,4,1153.88232,-1.69254887,-15.7910748,1,0,0,0,0,0,0,0,0,0,0,0,0,0,Grip,-7.63371659E-08,0.00157558289
725,14.5001421,13.5001421,-1.51721849E-07,0.7229878,115.256927,-6.19591622E-09,0.0002579104,3.85951543,1.656011E-08,-2.234301E-05,-0.381100178,13.9216948,13.9215975,1.47465107E-09,-8.935416E-13,1.580269E-08,2.18912675E-08,1,0,4,1151.618,-1.67745352,-15.650239,1,0,0,0,0,0,0,0,0,0,0,0,0,0,Grip,-2.12084252E-08,0.00157283747
726,14.5201426,13.5201426,-1.518563E-07,0.7229929,115.333969,-6.368055E-09,0.000257448643,3.85190225,-8.606937E-09,-2.30880687E-05,-0.3806591,13.8942556,13.8941584,1.29246791E-09,-6.20972648E-11,-9.363982E-09,1.922467E-08,1,0,4,1149.35657,-1.66237712,-15.50958,1,0,0,0,0,0,0,0,0,0,0,0,0,0,Grip,6.755174E-10,0.00157009484
727,14.540143,13.540143,-1.52004873E-07,0.7229979,115.410858,-7.056994E-09,0.0002569571,3.844298,-3.44469555E-08,-2.457673E-05,-0.380218029,13.866848,13.8667507,5.877272E-10,1.29070756E-11,-3.52030547E-08,8.75937545E-09,1,0,4,1147.09753,-1.64731693,-15.369071,1,0,0,0,0,0,0,0,0,0,0,0,0,0,Grip,4.694553E-08,0.00156729319
728,14.5601435,13.5601435,-1.52166734E-07,0.72300303,115.487595,-7.454219E-09,0.000256614527,3.83670187,-1.98612238E-08,-1.712906E-05,-0.3798008,13.8394718,13.8393755,1.77587722E-10,-2.14876554E-11,-2.061671E-08,2.651974E-09,1,0,4,1144.84106,-1.63227379,-15.2287226,1,0,0,0,0,0,0,0,0,0,0,0,0,0,Grip,-9.757749E-09,0.00156459864
729,14.5801439,13.5801439,-1.52316858E-07,0.723008156,115.564178,-7.812241E-09,0.000256242143,3.82911468,-1.79011028E-08,-1.86191755E-05,-0.379359722,13.8121262,13.81203,-1.96217265E-10,5.64781338E-12,-1.86556424E-08,-2.93598057E-09,1,0,4,1142.58716,-1.6172477,-15.0885324,1,0,0,0,0,0,0,0,0,0,0,0,0,0,Grip,1.62446678E-08,0.00156186731
730,14.6001444,13.6001444,-1.52451719E-07,0.723013163,115.64061,-7.546294E-09,0.000255765481,3.8215363,1.32973188E-08,-2.38331268E-05,-0.378918648,13.7848129,13.7847166,5.68052272E-11,-3.69563928E-11,1.25434418E-08,8.51656856E-10,1,0,4,1140.33569,-1.60223794,-14.9484949,1,0,0,0,0,0,0,0,0,0,0,0,0,0,Grip,-4.269747E-09,0.00155911653
731,14.6201448,13.6201448,-1.52568191E-07,0.7230183,115.716888,-7.139979E-09,0.0002554527,3.81396651,2.03157722E-08,-1.56389433E-05,-0.3784895,13.75753,13.7574339,4.47343051E-10,-5.0675705E-12,1.95628171E-08,6.720137E-09,1,0,4,1138.087,-1.587247,-14.8086338,1,0,0,0,0,0,0,0,0,0,0,0,0,0,Grip,2.79390324E-08,0.00155645376
732,14.6401453,13.6401453,-1.52671262E-07,0.7230233,115.793015,-6.63697941E-09,0.000254961138,3.80640531,2.5149971E-08,-2.45781848E-05,-0.378060341,13.730279,13.7301826,9.289134E-10,6.754829E-11,2.43985028E-08,1.39821674E-08,1,0,4,1135.84082,-1.57227218,-14.6689215,1,0,0,0,0,0,0,0,0,0,0,0,0,0,Grip,3.831083E-09,0.00155366934
733,14.6601458,13.6601458,-1.527727E-07,0.723028541,115.868988,-6.24324725E-09,0.000254618557,3.798853,1.96866079E-08,-1.712906E-05,-0.377619267,13.7030592,13.7029638,1.29847466E-09,1.07632209E-10,1.89369249E-08,1.95837213E-08,1,0,4,1133.59717,-1.55731452,-14.52937,1,0,0,0,0,0,0,0,0,0,0,0,0,0,Grip,-5.10665075E-08,0.00155093032
734,14.6801462,13.6801462,-1.52885193E-07,0.7230334,115.944817,-6.147863E-09,0.000253948267,3.79130936,4.76920725E-09,-3.3514516E-05,-0.3771782,13.67587,13.6757746,1.36980338E-09,1.13906988E-10,4.0213024E-09,2.07006146E-08,1,0,4,1131.35608,-1.54237378,-14.3899765,1,0,0,0,0,0,0,0,0,0,0,0,0,0,Grip,-8.136995E-08,0.00154817454
735,14.7001467,13.7001467,-1.53021844E-07,0.723038554,116.020493,-6.39543263E-09,0.000253680162,3.78377414,-1.2378476E-08,-1.34052243E-05,-0.37676096,13.6487131,13.6486177,1.11238752E-09,-6.24929344E-11,-1.312606E-08,1.68439946E-08,1,0,4,1129.11755,-1.52745044,-14.2507458,1,0,0,0,0,0,0,0,0,0,0,0,0,0,Grip,-8.611368E-08,0.00154546439
736,14.7201471,13.7201471,-1.5315986E-07,0.723043561,116.096016,-7.01001523E-09,0.0002532184,3.7762475,-3.072913E-08,-2.30880687E-05,-0.3763318,13.6215868,13.6214914,4.85104845E-10,-3.07627882E-11,-3.1476084E-08,7.36019556E-09,1,0,4,1126.88159,-1.51254392,-14.1116714,1,0,0,0,0,0,0,0,0,0,0,0,0,0,Grip,4.7244658E-08,0.00154278032
737,14.7401476,13.7401476,-1.5328736E-07,0.723048568,116.171387,-7.08135328E-09,0.000252801343,3.76872921,-3.56690233E-09,-2.08528945E-05,-0.375914574,13.594491,13.5943956,4.01048972E-10,-3.69945463E-11,-4.31325065E-09,6.097006E-09,1,0,4,1124.64807,-1.49765372,-13.97275,1,0,0,0,0,0,0,0,0,0,0,0,0,0,Grip,2.32566677E-08,0.00154010241
738,14.760148,13.760148,-1.53400464E-07,0.7230536,116.246613,-6.814906E-09,0.000252458762,3.76121974,1.33223654E-08,-1.712906E-05,-0.3754735,13.5674248,13.56733,6.54762466E-10,-4.163376E-11,1.25766739E-08,9.973996E-09,1,0,4,1122.41687,-1.48277926,-13.8339748,1,0,0,0,0,0,0,0,0,0,0,0,0,0,Grip,2.79678769E-08,0.00153738761
739,14.7801485,13.7801485,-1.535036E-07,0.7230586,116.321686,-6.42374154E-09,0.000252131053,3.75371885,1.95582217E-08,-1.63854565E-05,-0.375044346,13.540391,13.5402966,1.03038733E-09,-5.33438961E-12,1.8813445E-08,1.57272524E-08,1,0,4,1120.18835,-1.46792233,-13.695363,1,0,0,0,0,0,0,0,0,0,0,0,0,0,Grip,3.147512E-08,0.00153467606
740,14.800149,13.800149,-1.53600965E-07,0.7230636,116.396614,-6.12886675E-09,0.000251848047,3.74622655,1.474374E-08,-1.41502824E-05,-0.3746152,13.5133877,13.5132933,1.31531586E-09,-7.963741E-11,1.399932E-08,2.01163939E-08,1,0,4,1117.9624,-1.45308268,-13.5569124,1,0,0,0,0,0,0,0,0,0,0,0,0,0,Grip,4.03279854E-09,0.00153190433
741,14.8201494,13.8201494,-1.53695666E-07,0.7230686,116.47139,-5.94963767E-09,0.000251565041,3.73874283,8.961454E-09,-1.41502824E-05,-0.374186039,13.4864149,13.4863205,1.47899071E-09,-4.21027059E-12,8.217953E-09,2.26649046E-08,1,0,4,1115.73889,-1.43825936,-13.4186144,1,0,0,0,0,0,0,0,0,0,0,0,0,0,Grip,6.020588E-08,0.0015292454
742,14.84015,13.84015,-1.53793721E-07,0.7230736,116.546013,-5.850637E-09,0.000251177757,3.73126769,4.95004038E-09,-1.93642336E-05,-0.3737569,13.4594736,13.45938,1.56246038E-09,-1.32204111E-12,4.20745927E-09,2.399201E-08,1,0,4,1113.518,-1.423453,-13.2804747,1,0,0,0,0,0,0,0,0,0,0,0,0,0,Grip,3.18296456E-09,0.00152652641
743,14.86015,13.86015,-1.53897687E-07,0.723078549,116.620491,-5.909893E-09,0.000250835175,3.72380114,-2.96280778E-09,-1.712906E-05,-0.373327732,13.4325638,13.4324694,1.48769708E-09,1.23088117E-12,-3.70446962E-09,2.28898021E-08,1,0,4,1111.29956,-1.40866375,-13.1424942,1,0,0,0,0,0,0,0,0,0,0,0,0,0,Grip,9.994631E-10,0.00152387726
744,14.8801508,13.8801508,-1.540108E-07,0.7230835,116.694817,-6.04596E-09,0.000250522367,3.716343,-6.803358E-09,-1.56403985E-05,-0.3729105,13.4056835,13.40559,1.333381E-09,4.18725436E-11,-7.543847E-09,2.05566568E-08,1,0,4,1109.08362,-1.39389086,-13.0046673,1,0,0,0,0,0,0,0,0,0,0,0,0,0,Grip,-9.3054614E-10,0.00152119121
745,14.9001513,13.9001513,-1.5413562E-07,0.7230885,116.769,-6.268497E-09,0.000250254263,3.70889354,-1.11268328E-08,-1.34052243E-05,-0.372469425,13.3788338,13.37874,1.1009349E-09,-6.609385E-11,-1.18669368E-08,1.7007137E-08,1,0,4,1106.87024,-1.37913489,-12.8669977,1,0,0,0,0,0,0,0,0,0,0,0,0,0,Grip,-3.165564E-08,0.00151844451
746,14.9201517,13.9201517,-1.5427436E-07,0.72309345,116.843025,-6.57118759E-09,0.000249881879,3.70145249,-1.5134539E-08,-1.86191755E-05,-0.3720522,13.3520164,13.351923,7.85549847E-10,-2.42150848E-11,-1.58740239E-08,1.21594947E-08,1,0,4,1104.6593,-1.36439538,-12.7294817,1,0,0,0,0,0,0,0,0,0,0,0,0,0,Grip,4.996695E-08,0.00151578872
747,14.9401522,13.9401522,-1.544316E-07,0.7230984,116.916908,-6.933772E-09,0.0002495393,3.69402,-1.812921E-08,-1.712906E-05,-0.371623039,13.3252287,13.3251362,4.18523438E-10,-1.29564415E-10,-1.886888E-08,6.49134169E-09,1,0,4,1102.45093,-1.34967291,-12.592124,1,0,0,0,0,0,0,0,0,0,0,0,0,0,Grip,1.83066042E-08,0.00151305157
748,14.9601526,13.9601526,-1.54608159E-07,0.7231033,116.990639,-7.42819E-09,0.0002491371,3.686596,-2.47209151E-08,-2.01092917E-05,-0.3712058,13.2984715,13.2983789,-6.395684E-11,-3.46783158E-10,-2.5462441E-08,-9.939747E-10,1,0,4,1100.24512,-1.33496749,-12.4549265,1,0,0,0,0,0,0,0,0,0,0,0,0,0,Grip,9.79506964E-08,0.0015104292
749,14.9801531,13.9801531,-1.54805633E-07,0.723108232,117.064224,-7.964883E-09,0.00024900306,3.67918038,-2.68346465E-08,-6.702612E-06,-0.370776653,13.2717447,13.2716532,-6.02660144E-10,-1.52976187E-10,-2.75766023E-08,-9.385021E-09,1,0,4,1098.04175,-1.32027841,-12.3178806,1,0,0,0,0,0,0,0,0,0,0,0,0,0,Grip,2.62168072E-07,0.00150772557
750,15.0001535,14.0001535,-1.55023812E-07,0.7231132,117.137657,-8.53395E-09,0.000248749857,3.6717732,-2.8453373E-08,-1.26601662E-05,-0.370359421,13.2450495,13.244957,-1.17930909E-09,-7.249952E-11,-2.91952222E-08,-1.84020266E-08,1,0,4,1095.84082,-1.30560553,-12.1809864,1,0,0,0,0,0,0,0,0,0,0,0,0,0,Grip,1.15649996E-07,0.00150504883
751,15.020154,14.020154,-1.552605E-07,0.723118067,117.210945,-9.105712E-09,0.000248466851,3.66437483,-2.85880652E-08,-1.41502824E-05,-0.369918346,13.2183828,13.2182913,-1.76142523E-09,-3.09875944E-11,-2.93294775E-08,-2.75409011E-08,1,0,4,1093.64246,-1.2909497,-12.0442505,1,0,0,0,0,0,0,0,0,0,0,0,0,0,Grip,5.48096359E-08,0.00150233461
752,15.0401545,14.0401545,-1.555064E-07,0.7231231,117.284088,-9.625014E-09,0.000248154043,3.65698481,-2.59650967E-08,-1.56403985E-05,-0.3695011,13.1917486,13.191658,-2.29654562E-09,4.301491E-11,-2.67055658E-08,-3.59803742E-08,1,0,4,1091.44641,-1.27630949,-11.9076614,1,0,0,0,0,0,0,0,0,0,0,0,0,0,Grip,2.342662E-08,0.00149971247
753,15.0601549,14.0601549,-1.55723384E-07,0.72312814,117.357071,-9.90399851E-09,0.000247736985,3.64960313,-1.39492418E-08,-2.08528945E-05,-0.369083881,13.1651449,13.1650543,-2.59404986E-09,6.139159E-11,-1.46884975E-08,-4.07236271E-08,1,0,4,1089.253,-1.261687,-11.7712374,1,0,0,0,0,0,0,0,0,0,0,0,0,0,Grip,-3.251927E-08,0.00149703212
754,15.0801554,14.0801554,-1.55918983E-07,0.723132849,117.429916,-9.189733E-09,0.000247022021,3.6422298,3.57132564E-08,-3.5748235E-05,-0.368666649,13.1385708,13.13848,-1.89553884E-09,1.99798234E-11,3.497494E-08,-2.981804E-08,1,0,4,1087.062,-1.24708009,-11.6349573,1,0,0,0,0,0,0,0,0,0,0,0,0,0,Grip,-4.6412044E-08,0.00149442349
755,15.1001558,14.1001558,-1.56094771E-07,0.723138,117.502617,-8.61712746E-09,0.0002466943,3.63486481,2.86302981E-08,-1.63854565E-05,-0.368249416,13.1120272,13.1119356,-1.33866118E-09,1.53573612E-11,2.78929146E-08,-2.11006643E-08,1,0,4,1084.87354,-1.2324903,-11.4988384,1,0,0,0,0,0,0,0,0,0,0,0,0,0,Grip,-1.51047459E-08,0.00149175664
756,15.1201563,14.1201563,-1.56249186E-07,0.723142862,117.575165,-8.08514855E-09,0.0002458453,3.6275084,2.65989453E-08,-4.24508471E-05,-0.367820263,13.0855131,13.0854216,-8.250902E-10,4.6676614E-11,2.58627928E-08,-1.3031868E-08,1,0,4,1082.6875,-1.21791661,-11.3628693,1,0,0,0,0,0,0,0,0,0,0,0,0,0,Grip,-1.16101644E-08,0.00148909655
757,15.1401567,14.1401567,-1.56377041E-07,0.723147631,117.647568,-7.50711E-09,0.000245100528,3.62016034,2.89019475E-08,-3.723835E-05,-0.36740303,13.05903,13.05894,-2.60027555E-10,-3.60844826E-11,2.81664523E-08,-4.115335E-09,1,0,4,1080.50391,-1.20335937,-11.2270536,1,0,0,0,0,0,0,0,0,0,0,0,0,0,Grip,-3.528752E-08,0.00148646417
758,15.1601572,14.1601572,-1.56503475E-07,0.7231525,117.719826,-6.79287737E-09,0.0002446239,3.61282063,3.571161E-08,-2.38316716E-05,-0.3669858,13.0325766,13.0324869,4.25098179E-10,1.942328E-10,3.49784166E-08,6.741499E-09,1,0,4,1078.32275,-1.18881834,-11.09139,1,0,0,0,0,0,0,0,0,0,0,0,0,0,Grip,2.72798673E-08,0.00148381491
759,15.1801577,14.1801577,-1.56636688E-07,0.7231574,117.791939,-6.70413947E-09,0.000244072755,3.60548925,4.4368953E-09,-2.75569619E-05,-0.366568565,13.0061541,13.0060635,4.875882E-10,1.60314678E-10,3.7057124E-09,7.748231E-09,1,0,4,1076.14417,-1.17429447,-10.9558859,1,0,0,0,0,0,0,0,0,0,0,0,0,0,Grip,-1.4684E-07,0.00148115144
760,15.2001581,14.2001581,-1.56773154E-07,0.7231622,117.8639,-6.86158064E-09,0.000243491842,3.59816647,-7.872059E-09,-2.90456228E-05,-0.3661394,12.9797611,12.9796705,3.12075255E-10,4.76974363E-11,-8.602033E-09,4.96925923E-09,1,0,4,1073.968,-1.15978682,-10.8205328,1,0,0,0,0,0,0,0,0,0,0,0,0,0,Grip,-1.211979E-07,0.00147849217
761,15.2201586,14.2201586,-1.56905983E-07,0.723167,117.935715,-6.94422431E-09,0.0002430301,3.590852,-4.13218348E-09,-2.30873411E-05,-0.365722179,12.9533987,12.95331,2.06065387E-10,1.18930032E-10,-4.860432E-09,3.28791883E-09,1,0,4,1071.79431,-1.14529538,-10.6853313,1,0,0,0,0,0,0,0,0,0,0,0,0,0,Grip,-3.60592622E-08,0.00147583988
762,15.240159,14.240159,-1.570245E-07,0.72317183,118.007385,-6.8388184E-09,0.000242627924,3.58354568,5.27029531E-09,-2.01085641E-05,-0.365316868,12.9270668,12.9269781,2.93540747E-10,3.71800021E-11,4.54319737E-09,4.693199E-09,1,0,4,1069.62317,-1.13082111,-10.5502892,1,0,0,0,0,0,0,0,0,0,0,0,0,0,Grip,-8.99111043E-08,0.00147326069
763,15.2601595,14.2601595,-1.57154133E-07,0.7231766,118.078911,-6.45258247E-09,0.000242225753,3.576248,1.93117966E-08,-2.01085641E-05,-0.3648877,12.9007645,12.9006748,6.645702E-10,9.836459E-12,1.85856219E-08,1.06469873E-08,1,0,4,1067.45459,-1.11636388,-10.4154072,1,0,0,0,0,0,0,0,0,0,0,0,0,0,Grip,-2.81080812E-08,0.00147055613
764,15.28016,14.28016,-1.57299624E-07,0.7231814,118.150291,-6.71883171E-09,0.00024185337,3.56895852,-1.33124622E-08,-1.86191755E-05,-0.364470482,12.8744926,12.874403,3.75177667E-10,1.270143E-10,-1.40369236E-08,6.0229457E-09,1,0,4,1065.28833,-1.10192227,-10.28067,1,0,0,0,0,0,0,0,0,0,0,0,0,0,Grip,-7.43636264E-09,0.00146797032
765,15.30016,14.30016,-1.574215E-07,0.723186255,118.221527,-7.12722636E-09,0.000241540576,3.56167746,-2.04197335E-08,-1.563967E-05,-0.364053249,12.84825,12.8481607,-4.83186824E-11,-2.48568353E-12,-2.11433022E-08,-7.77273634E-10,1,0,4,1063.12451,-1.08749676,-10.1460838,1,0,0,0,0,0,0,0,0,0,0,0,0,0,Grip,-9.602281E-08,0.001465301
766,15.3201609,14.3201609,-1.57525832E-07,0.723191,118.292618,-6.51651755E-09,0.000241153291,3.55440474,3.05354426E-08,-1.93642336E-05,-0.363636017,12.8220387,12.82195,5.52595747E-10,-7.97178643E-11,2.98122238E-08,8.907464E-09,1,0,4,1060.96313,-1.07308757,-10.0116491,1,0,0,0,0,0,0,0,0,0,0,0,0,0,Grip,1.87917659E-09,0.00146266
767,15.3401613,14.3401613,-1.57606024E-07,0.7231958,118.363564,-6.03117822E-09,0.000240780922,3.54714012,2.42669671E-08,-1.86184479E-05,-0.3632307,12.7958565,12.7957687,1.03073061E-09,-1.24140531E-10,2.354381E-08,1.66486966E-08,1,0,4,1058.80432,-1.05869544,-9.877375,1,0,0,0,0,0,0,0,0,0,0,0,0,0,Grip,6.02667E-08,0.00146005058
768,15.3601618,14.3601618,-1.57682862E-07,0.72320056,118.434364,-5.37059E-09,0.0002405128,3.539884,3.30294E-08,-1.34059519E-05,-0.362801552,12.7697039,12.7696161,1.67351155E-09,3.0758885E-11,3.230744E-08,2.708651E-08,1,0,4,1056.64783,-1.04431891,-9.743245,1,0,0,0,0,0,0,0,0,0,0,0,0,0,Grip,9.385024E-08,0.001457427
769,15.3801622,14.3801622,-1.57756929E-07,0.7232053,118.50502,-5.23932142E-09,0.000240259586,3.53263617,6.56343868E-09,-1.26608938E-05,-0.36239624,12.7435827,12.743494,1.79490689E-09,-8.11398448E-11,5.841816E-09,2.911095E-08,1,0,4,1054.49377,-1.02995849,-9.609265,1,0,0,0,0,0,0,0,0,0,0,0,0,0,Grip,-2.32537172E-08,0.00145483238
770,15.4001627,14.4001627,-1.5784714E-07,0.7232101,118.575531,-5.145137E-09,0.000239991467,3.52539635,4.709211E-09,-1.34059519E-05,-0.361990929,12.71749,12.7174015,1.88706251E-09,-1.82526022E-10,3.98712263E-09,3.066844E-08,1,0,4,1052.34216,-1.01561439,-9.475438,1,0,0,0,0,0,0,0,0,0,0,0,0,0,Grip,6.134172E-08,0.00145226961
771,15.4201632,14.4201632,-1.57956052E-07,0.7232148,118.6459,-5.55623725E-09,0.000239678673,3.51816487,-2.0555003E-08,-1.563967E-05,-0.3615737,12.6914263,12.6913385,1.46334633E-09,-2.69080817E-11,-2.12764455E-08,2.38311078E-08,1,0,4,1050.193,-1.00128663,-9.3417635,1,0,0,0,0,0,0,0,0,0,0,0,0,0,Grip,1.37989673E-07,0.00144964689
772,15.4401636,14.4401636,-1.580758E-07,0.7232196,118.716118,-6.039019E-09,0.000239440356,3.51094151,-2.413909E-08,-1.19158358E-05,-0.361168385,12.6653929,12.6653061,9.627183E-10,4.83171766E-11,-2.48593715E-08,1.571046E-08,1,0,4,1048.04626,-0.9869751,-9.20824051,1,0,0,0,0,0,0,0,0,0,0,0,0,0,Grip,2.034251E-08,0.00144703174
773,15.4601641,14.4601641,-1.58190133E-07,0.7232245,118.786194,-6.32023944E-09,0.000239187139,3.50372672,-1.4061019E-08,-1.26608938E-05,-0.360739231,12.639389,12.6393023,6.76737333E-10,-1.43917739E-10,-1.47814356E-08,1.10663176E-08,1,0,4,1045.902,-0.972679853,-9.074869,1,0,0,0,0,0,0,0,0,0,0,0,0,0,Grip,-3.65277835E-08,0.0014443564
774,15.4801645,14.4801645,-1.58313711E-07,0.723229051,118.856125,-6.179098E-09,0.000238546636,3.49652,7.057066E-09,-3.20251274E-05,-0.36033392,12.6134157,12.6133289,8.000245E-10,4.950415E-11,6.33781561E-09,1.310933E-08,1,0,4,1043.76,-0.9584001,-8.941643,1,0,0,0,0,0,0,0,0,0,0,0,0,0,Grip,1.08801807E-07,0.001441756
775,15.500165,14.500165,-1.58441068E-07,0.723233938,118.925911,-6.405934E-09,0.000238353,3.48932147,-1.13417942E-08,-9.682117E-06,-0.3599286,12.587472,12.5873852,5.65774538E-10,-1.00028291E-10,-1.20609531E-08,9.289998E-09,1,0,4,1041.62061,-0.9441374,-8.808576,1,0,0,0,0,0,0,0,0,0,0,0,0,0,Grip,-3.742514E-08,0.00143918814
776,15.5201654,14.5201654,-1.585583E-07,0.7232387,118.995552,-6.507183E-09,0.000237831671,3.48213124,-5.06243936E-09,-2.60661182E-05,-0.359511375,12.5615568,12.561471,4.51860771E-10,-3.1462763E-11,-5.780941E-09,7.43485851E-09,1,0,4,1039.48352,-0.929890156,-8.675652,1,0,0,0,0,0,0,0,0,0,0,0,0,0,Grip,7.562139E-08,0.0014366064
777,15.5401659,14.5401659,-1.58681388E-07,0.723243356,119.065048,-6.22918339E-09,0.000237265645,3.47494936,1.389997E-08,-2.83012923E-05,-0.359094143,12.5356722,12.5355864,7.2237194E-10,-9.952709E-11,1.31815927E-08,1.19103776E-08,1,0,4,1037.34888,-0.9156591,-8.54288,1,0,0,0,0,0,0,0,0,0,0,0,0,0,Grip,2.3785848E-08,0.00143398566
778,15.5601664,14.5601664,-1.58803061E-07,0.723248065,119.134407,-6.37761044E-09,0.000236878375,3.46777558,-7.42135242E-09,-1.9363506E-05,-0.358688831,12.5098171,12.5097313,5.741376E-10,-2.12795018E-10,-8.14042345E-09,9.485891E-09,1,0,4,1035.21667,-0.9014445,-8.41026,1,0,0,0,0,0,0,0,0,0,0,0,0,0,Grip,7.52424754E-08,0.00143141951
779,15.5801668,14.5801668,-1.58909444E-07,0.7232528,119.203621,-6.34132125E-09,0.0002364911,3.46061015,1.81445969E-09,-1.9363506E-05,-0.3582716,12.4839916,12.4839058,6.05314465E-10,-1.44764839E-10,1.09526566E-09,1.00217017E-08,1,0,4,1033.08679,-0.8872453,-8.277785,1,0,0,0,0,0,0,0,0,0,0,0,0,0,Grip,1.60873029E-07,0.00142879249
780,15.6001673,14.6001673,-1.590457E-07,0.7232574,119.27269,-5.92382765E-09,0.00023610382,3.45345283,2.087468E-08,-1.93642336E-05,-0.3578663,12.4581966,12.4581108,1.00478248E-09,6.264225E-11,2.015668E-08,1.66698477E-08,1,0,4,1030.95947,-0.8730632,-8.14547,1,0,0,0,0,0,0,0,0,0,0,0,0,0,Grip,1.09442212E-07,0.00142622
781,15.6201677,14.6201677,-1.59186186E-07,0.7232621,119.341614,-6.70511868E-09,0.000235835716,3.44630361,-3.90645525E-08,-1.34052243E-05,-0.357460976,12.43243,12.4323444,2.02951433E-10,9.33240638E-11,-3.97810958E-08,3.37405082E-09,1,0,4,1028.83459,-0.8588973,-8.013306,1,0,0,0,0,0,0,0,0,0,0,0,0,0,Grip,-4.73575419E-08,0.00142363354
782,15.6401682,14.6401682,-1.59335571E-07,0.7232667,119.4104,-6.81318E-09,0.0002355825,3.43916249,-5.403056E-09,-1.26608938E-05,-0.357055664,12.4066925,12.4066076,7.955947E-11,2.19187758E-11,-6.11868067E-09,1.325416E-09,1,0,4,1026.712,-0.8447469,-7.88128567,1,0,0,0,0,0,0,0,0,0,0,0,0,0,Grip,-7.055299E-08,0.00142108
783,15.6601686,14.6601686,-1.594776E-07,0.7232714,119.479042,-7.050975E-09,0.000235344167,3.43202949,-1.18897558E-08,-1.19165634E-05,-0.356650352,12.3809843,12.3808994,-1.73545622E-10,1.53023635E-11,-1.26044633E-08,-2.897181E-09,1,0,4,1024.59192,-0.8306128,-7.749418,1,0,0,0,0,0,0,0,0,0,0,0,0,0,Grip,-1.65705938E-08,0.0014185597
784,15.6801691,14.6801691,-1.59618025E-07,0.723276138,119.547539,-6.850326E-09,0.000235016472,3.42490458,1.00324415E-08,-1.6384729E-05,-0.356245041,12.3553057,12.3552208,4.176659E-12,1.28078909E-10,9.31944655E-09,6.987044E-11,1,0,4,1022.474,-0.816493332,-7.61768675,1,0,0,0,0,0,0,0,0,0,0,0,0,0,Grip,-1.15685861E-08,0.00141602545
785,15.70017,14.70017,-1.597466E-07,0.7232807,119.6159,-6.79654244E-09,0.0002346143,3.417788,2.68918221E-09,-2.01085641E-05,-0.3558278,12.3296566,12.3295708,3.513767E-11,1.21459065E-10,1.97791516E-09,5.890345E-10,1,0,4,1020.35858,-0.8023905,-7.48611069,1,0,0,0,0,0,0,0,0,0,0,0,0,0,Grip,-9.68276552E-08,0.0014133607
786,15.72017,14.72017,-1.59877885E-07,0.7232854,119.684105,-6.46752563E-09,0.0002343462,3.41067934,1.645084E-08,-1.34052243E-05,-0.355434418,12.3040361,12.3039522,3.49059448E-10,1.40161589E-11,1.57404525E-08,5.86369531E-09,1,0,4,1018.24554,-0.7883036,-7.3546834,1,0,0,0,0,0,0,0,0,0,0,0,0,0,Grip,-9.182305E-08,0.00141077314
787,15.7401705,14.7401705,-1.59973709E-07,0.72329,119.752174,-6.53757848E-09,0.00023404829,3.40357876,-3.50264262E-09,-1.489534E-05,-0.3550291,12.2784452,12.2783613,2.61379363E-10,3.14158734E-11,-4.211865E-09,4.3999564E-09,1,0,4,1016.135,-0.774233341,-7.223411,1,0,0,0,0,0,0,0,0,0,0,0,0,0,Grip,-1.05962155E-08,0.00140819675
788,15.7601709,14.7601709,-1.60054242E-07,0.7232946,119.820107,-5.5643623E-09,0.000233735482,3.396486,4.866081E-08,-1.56403985E-05,-0.354635715,12.252883,12.252799,1.21954535E-09,-3.77180275E-12,4.795246E-08,2.057221E-08,1,0,4,1014.02679,-0.7601786,-7.092284,1,0,0,0,0,0,0,0,0,0,0,0,0,0,Grip,-2.3750399E-08,0.00140572689
789,15.7801714,14.7801714,-1.60115377E-07,0.723299265,119.887894,-5.14028731E-09,0.000233378,3.38940167,2.120375E-08,-1.78741175E-05,-0.354218483,12.2273493,12.2272654,1.63867453E-09,-1.58375216E-10,2.04952713E-08,2.77001728E-08,1,0,4,1011.92072,-0.7461381,-6.96128941,1,0,0,0,0,0,0,0,0,0,0,0,0,0,Grip,2.85148283E-09,0.00140312547
790,15.8001719,14.8001719,-1.601664E-07,0.7233039,119.955544,-4.604048E-09,0.000232975828,3.38232517,2.68119749E-08,-2.01085641E-05,-0.3538251,12.2018461,12.2017612,2.16232277E-09,-4.54245218E-11,2.6104118E-08,3.66284E-08,1,0,4,1009.81714,-0.7321143,-6.83045053,1,0,0,0,0,0,0,0,0,0,0,0,0,0,Grip,1.19731666E-07,0.00140062789
791,15.8201723,14.8201723,-1.60195782E-07,0.723308563,120.023048,-4.30683977E-09,0.000232514081,3.375257,1.48604018E-08,-2.30873411E-05,-0.35340786,12.1763706,12.1762867,2.44440646E-09,-1.63088119E-11,1.41534775E-08,4.14934327E-08,1,0,4,1007.71588,-0.718105853,-6.699755,1,0,0,0,0,0,0,0,0,0,0,0,0,0,Grip,3.434094E-08,0.00139802066
792,15.8401728,14.8401728,-1.60213645E-07,0.7233131,120.090416,-3.6916632E-09,0.000231992744,3.36819673,3.075883E-08,-2.60668457E-05,-0.353014469,12.1509247,12.1508417,3.05199532E-09,-1.27397315E-10,3.00520036E-08,5.191575E-08,1,0,4,1005.61719,-0.7041146,-6.56922,1,0,0,0,0,0,0,0,0,0,0,0,0,0,Grip,1.2329461E-08,0.00139549223
793,15.8601732,14.8601732,-1.60267916E-07,0.723317742,120.157639,-3.35874528E-09,0.000231605474,3.36114478,1.66458953E-08,-1.9363506E-05,-0.352597237,12.1255083,12.1254244,3.37478667E-09,-6.63826355E-11,1.59394844E-08,5.752701E-08,1,0,4,1003.52094,-0.690139532,-6.438836,1,0,0,0,0,0,0,0,0,0,0,0,0,0,Grip,9.631237E-08,0.00139290479
794,15.8801737,14.8801737,-1.60335617E-07,0.723322451,120.224724,-4.32957048E-09,0.000231143727,3.3541007,-4.854126E-08,-2.30873411E-05,-0.352203846,12.1001205,12.1000376,2.39879228E-09,-1.43516074E-10,-4.92478236E-08,4.09759657E-08,1,0,4,1001.42682,-0.6761788,-6.308586,1,0,0,0,0,0,0,0,0,0,0,0,0,0,Grip,5.018527E-08,0.00139037368
795,15.9001741,14.9001741,-1.60384261E-07,0.723326862,120.291664,-4.6648565E-09,0.000230503225,3.34706473,-1.67643019E-08,-3.20251274E-05,-0.351798534,12.0747623,12.0746794,2.050761E-09,-4.471037E-11,-1.74701977E-08,3.51045628E-08,1,0,4,999.3353,-0.662235558,-6.17849874,1,0,0,0,0,0,0,0,0,0,0,0,0,0,Grip,1.08498149E-07,0.00138780614
796,15.9201746,14.9201746,-1.60410139E-07,0.7233316,120.358467,-4.111677E-09,0.000230190431,3.34003687,2.76589649E-08,-1.563967E-05,-0.351393223,12.0494328,12.0493507,2.591178E-09,-5.068217E-11,2.6953737E-08,4.44486545E-08,1,0,4,997.246033,-0.6483069,-6.04854774,1,0,0,0,0,0,0,0,0,0,0,0,0,0,Grip,3.380104E-08,0.001385273
797,15.9401751,14.9401751,-1.6042199E-07,0.7233361,120.425125,-3.47001849E-09,0.000229609519,3.33301687,3.20829372E-08,-2.90456228E-05,-0.350999832,12.0241327,12.02405,3.22006377E-09,-5.1005835E-11,3.13783559E-08,5.53527961E-08,1,0,4,995.1592,-0.6343945,-5.91874838,1,0,0,0,0,0,0,0,0,0,0,0,0,0,Grip,3.831572E-08,0.00138274836
798,15.9601755,14.9601755,-1.60438859E-07,0.723340631,120.491646,-3.06630921E-09,0.000229281824,3.326005,2.01854657E-08,-1.6384729E-05,-0.350594521,11.99886,11.9987793,3.608523E-09,-6.492696E-12,1.94818188E-08,6.216116E-08,1,0,4,993.0747,-0.620498061,-5.789098,1,0,0,0,0,0,0,0,0,0,0,0,0,0,Grip,3.856041E-08,0.00138021272
799,15.980176,14.980176,-1.60416093E-07,0.7233452,120.558029,-3.17988236E-09,0.0002290286,3.319001,-5.67865754E-09,-1.26608938E-05,-0.35020113,11.9736176,11.9735365,3.48339513E-09,-8.461926E-11,-6.381785E-09,6.01323151E-08,1,0,4,990.9926,-0.6066174,-5.65959454,1,0,0,0,0,0,0,0,0,0,0,0,0,0,Grip,4.908478E-09,0.001377712
800,16.0001755,15.0001755,-1.60405662E-07,0.72334975,120.624268,-2.04878736E-09,0.000228626435,3.3120048,5.655475E-08,-2.01085641E-05,-0.349807739,11.9484034,11.9483213,4.60169858E-09,-4.68386475E-11,5.58522757E-08,7.960488E-08,1,0,4,988.9128,-0.592751861,-5.53023243,1,0,0,0,0,0,0,0,0,0,0,0,0,0,Grip,6.397216E-08,0.00137517427
801,16.0201759,15.0201759,-1.60412753E-07,0.7233543,120.690369,-2.38007436E-09,0.000228328528,3.30501676,-1.656435E-08,-1.489534E-05,-0.349402428,11.9232168,11.9231358,4.25884839E-09,-5.933879E-11,-1.72662737E-08,7.382968E-08,1,0,4,986.835266,-0.578901768,-5.40101433,1,0,0,0,0,0,0,0,0,0,0,0,0,0,Grip,3.5410018E-08,0.00137269741
802,16.0401764,15.0401764,-1.604181E-07,0.72335875,120.756332,-2.820571E-09,0.000227971046,3.29803658,-2.20248388E-08,-1.78741175E-05,-0.349009037,11.89806,11.89798,3.806761E-09,-6.458631E-11,-2.27262333E-08,6.61321451E-08,1,0,4,984.7601,-0.5650671,-5.27194071,1,0,0,0,0,0,0,0,0,0,0,0,0,0,Grip,4.48601227E-08,0.00137015781
803,16.0601768,15.0601768,-1.604229E-07,0.7233633,120.822151,-2.72603873E-09,0.000227732729,3.2910645,4.726619E-09,-1.19158358E-05,-0.348603725,11.8729315,11.87285,3.88845756E-09,-4.485113E-11,4.0259116E-09,6.76945E-08,1,0,4,982.6873,-0.5512488,-5.14301872,1,0,0,0,0,0,0,0,0,0,0,0,0,0,Grip,4.88272462E-08,0.00136758084
804,16.0801773,15.0801773,-1.60467124E-07,0.7233678,120.887833,-2.68064881E-09,0.0002274944,3.28410029,2.2694957E-09,-1.19165634E-05,-0.348210335,11.8478317,11.8477516,3.91980937E-09,-4.474996E-12,1.56958246E-09,6.838501E-08,1,0,4,980.6169,-0.537445843,-5.01424074,1,0,0,0,0,0,0,0,0,0,0,0,0,0,Grip,3.39074546E-08,0.00136508839
805,16.1001778,15.1001778,-1.60514546E-07,0.72337234,120.953377,-3.74965925E-09,0.000227136916,3.277144,-5.3450524E-08,-1.78741175E-05,-0.347816944,11.8227606,11.82268,2.84042123E-09,-6.991252E-11,-5.4150032E-08,4.965919E-08,1,0,4,978.548767,-0.523658454,-4.88560772,1,0,0,0,0,0,0,0,0,0,0,0,0,0,Grip,3.38309669E-09,0.00136260793
806,16.1201782,15.1201782,-1.60557391E-07,0.7233768,121.018784,-3.78234333E-09,0.000226749646,3.27019548,-1.63420388E-09,-1.9363506E-05,-0.347423553,11.797718,11.797637,2.80097767E-09,-1.28032016E-10,-2.33368835E-09,4.90736376E-08,1,0,4,976.4829,-0.5098861,-4.757115,1,0,0,0,0,0,0,0,0,0,0,0,0,0,Grip,5.28538635E-08,0.00136004121
807,16.1401787,15.1401787,-1.60599456E-07,0.7233813,121.084045,-3.63591912E-09,0.000226436838,3.26325512,7.3212103E-09,-1.56403985E-05,-0.347018242,11.7727032,11.772624,2.94057356E-09,-1.26033253E-10,6.62178E-09,5.16289518E-08,1,0,4,974.4195,-0.49612996,-4.628773,1,0,0,0,0,0,0,0,0,0,0,0,0,0,Grip,9.67922E-08,0.00135758542
808,16.16018,15.1601791,-1.60650657E-07,0.7233858,121.14917,-3.60053676E-09,0.000226168733,3.25632262,1.76911819E-09,-1.34052243E-05,-0.346624851,11.7477179,11.7476387,2.96906366E-09,-1.19944235E-10,1.06972564E-09,5.22401429E-08,1,0,4,972.358337,-0.4823889,-4.50057268,1,0,0,0,0,0,0,0,0,0,0,0,0,0,Grip,9.528114E-08,0.00135506631
809,16.18018,15.18018,-1.60692252E-07,0.7233903,121.214157,-3.839878E-09,0.000225855925,3.24939775,-1.19670718E-08,-1.56403985E-05,-0.346243382,11.7227612,11.722681,2.71307954E-09,2.19857257E-11,-1.26654127E-08,4.78378759E-08,1,0,4,970.299561,-0.468663722,-4.37252,1,0,0,0,0,0,0,0,0,0,0,0,0,0,Grip,9.067784E-08,0.00135260914
810,16.20018,15.20018,-1.6072029E-07,0.723394752,121.279007,-3.53425045E-09,0.000225528231,3.242481,1.52813868E-08,-1.6384729E-05,-0.34583807,11.6978312,11.697752,3.003304E-09,-7.36156036E-13,1.45840158E-08,5.30681667E-08,1,0,4,968.2431,-0.454954028,-4.24461174,1,0,0,0,0,0,0,0,0,0,0,0,0,0,Grip,-1.66212075E-08,0.0013500416
811,16.22018,15.2201805,-1.60740115E-07,0.723399162,121.343719,-3.14267723E-09,0.000225215437,3.235572,1.957866E-08,-1.563967E-05,-0.345444679,11.6729317,11.6728516,3.38190542E-09,-3.814648E-11,1.88819769E-08,5.988562E-08,1,0,4,966.1889,-0.441259384,-4.116844,1,0,0,0,0,0,0,0,0,0,0,0,0,0,Grip,5.5653393E-10,0.00134755985
812,16.240181,15.240181,-1.60762369E-07,0.7234037,121.408295,-2.90433344E-09,0.000224962219,3.228671,1.191719E-08,-1.26608938E-05,-0.3450513,11.6480589,11.6479807,3.612085E-09,-1.08456563E-10,1.1220683E-08,6.409827E-08,1,0,4,964.1371,-0.4275806,-3.9892242,1,0,0,0,0,0,0,0,0,0,0,0,0,0,Grip,2.88387376E-08,0.00134504039
813,16.2601814,15.2601814,-1.60799772E-07,0.7234081,121.472733,-2.962243E-09,0.000224574935,3.221778,-2.89547275E-09,-1.93642336E-05,-0.3446579,11.6232157,11.6231365,3.549562E-09,-1.56081592E-10,-3.592182E-09,6.312354E-08,1,0,4,962.0876,-0.413917243,-3.86174846,1,0,0,0,0,0,0,0,0,0,0,0,0,0,Grip,8.199316E-08,0.00134253362
814,16.2801819,15.2801819,-1.60853915E-07,0.7234126,121.537033,-3.368472E-09,0.000224336618,3.21489239,-2.03114539E-08,-1.19158358E-05,-0.344276428,11.5984,11.598321,3.13624E-09,-1.13260158E-10,-2.10081232E-08,5.58926843E-08,1,0,4,960.0404,-0.400269359,-3.734417,1,0,0,0,0,0,0,0,0,0,0,0,0,0,Grip,1.17997679E-07,0.00134014012
815,16.3001823,15.3001823,-1.60866293E-07,0.723417163,121.6012,-3.802643E-09,0.000223949348,3.208015,-2.17085585E-08,-1.9363506E-05,-0.343871117,11.5736122,11.5735331,2.688913E-09,-4.63266855E-11,-2.24044943E-08,4.802335E-08,1,0,4,957.9953,-0.386635333,-3.607215,1,0,0,0,0,0,0,0,0,0,0,0,0,0,Grip,8.562468E-08,0.00133768562
816,16.3201828,15.3201828,-1.60843442E-07,0.723421454,121.665222,-2.5730873E-09,0.00022341311,3.20114517,6.147779E-08,-2.68119038E-05,-0.343489647,11.5488539,11.5487747,3.90649024E-09,-7.02895242E-11,6.078242E-08,6.99187055E-08,1,0,4,955.9527,-0.373018,-3.48016834,1,0,0,0,0,0,0,0,0,0,0,0,0,0,Grip,3.50229747E-08,0.00133521715
817,16.3401833,15.3401833,-1.60795381E-07,0.723426044,121.729111,-1.61002078E-09,0.0002231748,3.19428325,4.815333E-08,-1.19158358E-05,-0.343096256,11.5241222,11.524044,4.858742E-09,-9.1603E-11,4.74584141E-08,8.7149E-08,1,0,4,953.9125,-0.359416485,-3.35326958,1,0,0,0,0,0,0,0,0,0,0,0,0,0,Grip,5.313888E-08,0.00133273809
818,16.3601837,15.3601837,-1.6070473E-07,0.723430455,121.792862,-9.10068965E-10,0.000222593881,3.18742919,3.499759E-08,-2.90456228E-05,-0.342702866,11.4994192,11.499341,5.54901369E-09,-1.24812882E-10,3.43030138E-08,9.97441063E-08,1,0,4,951.874451,-0.345829666,-3.22650766,1,0,0,0,0,0,0,0,0,0,0,0,0,0,Grip,6.925187E-08,0.00133019732
819,16.3801842,15.3801842,-1.60630776E-07,0.723434865,121.856476,3.0667216E-10,0.000222072544,3.180583,6.083706E-08,-2.60668457E-05,-0.342309475,11.4747448,11.4746666,6.757232E-09,-1.20794735E-10,6.01426962E-08,1.21723389E-07,1,0,4,949.838745,-0.3322583,-3.09989023,1,0,0,0,0,0,0,0,0,0,0,0,0,0,Grip,9.435853E-08,0.001327744
820,16.4001846,15.4001846,-1.60643026E-07,0.7234393,121.919952,-1.93820474E-10,0.000221625683,3.17374468,-2.5024633E-08,-2.234301E-05,-0.341916084,11.450098,11.4500208,6.25883745E-09,-2.4691324E-10,-2.57199151E-08,1.12988332E-07,1,0,4,947.805359,-0.3187024,-2.97341681,1,0,0,0,0,0,0,0,0,0,0,0,0,0,Grip,9.1320814E-08,0.00132520183
821,16.4201851,15.4201851,-1.60712659E-07,0.7234436,121.983284,-2.59649369E-09,0.000221193724,3.16691422,-1.20133663E-07,-2.15979526E-05,-0.3415227,11.4254808,11.4254026,3.85339671E-09,-1.65866779E-10,-1.20829341E-07,6.97138844E-08,1,0,4,945.7743,-0.305161953,-2.84708786,1,0,0,0,0,0,0,0,0,0,0,0,0,0,Grip,1.866664E-07,0.00132277468
822,16.4401855,15.4401855,-1.60792879E-07,0.723448038,122.046486,-4.070532E-09,0.000220880931,3.1600914,-7.370191E-08,-1.563967E-05,-0.341141224,11.4008913,11.4008141,2.37059217E-09,-8.1778E-11,-7.439737E-08,4.298026E-08,1,0,4,943.7455,-0.291636556,-2.720899,1,0,0,0,0,0,0,0,0,0,0,0,0,0,Grip,1.25395275E-07,0.00132030959
823,16.460186,15.460186,-1.6086085E-07,0.7234524,122.10955,-4.267919E-09,0.000220493661,3.15327621,-9.86935E-09,-1.9363506E-05,-0.340759754,11.3763285,11.3762512,2.15969242E-09,-1.541381E-11,-1.05640714E-08,3.924115E-08,1,0,4,941.719055,-0.278127044,-2.59485865,1,0,0,0,0,0,0,0,0,0,0,0,0,0,Grip,6.182417E-08,0.00131786091
824,16.4801865,15.4801865,-1.60935656E-07,0.72345674,122.172478,-3.89245836E-09,0.000220106376,3.14646888,1.87730276E-08,-1.93642336E-05,-0.340366364,11.3517942,11.3517179,2.52165666E-09,-7.6891965E-12,1.80790671E-08,4.59170835E-08,1,0,4,939.694763,-0.264631748,-2.46895075,1,0,0,0,0,0,0,0,0,0,0,0,0,0,Grip,1.16528405E-08,0.00131540152
825,16.5001869,15.5001869,-1.61027074E-07,0.7234611,122.235268,-4.10411527E-09,0.000219778682,3.139669,-1.05828457E-08,-1.6384729E-05,-0.3399968,11.3272877,11.3272114,2.3023623E-09,-9.40416842E-11,-1.12767262E-08,4.20147259E-08,1,0,4,937.672668,-0.2511511,-2.3431797,1,0,0,0,0,0,0,0,0,0,0,0,0,0,Grip,5.81303228E-09,0.00131300709
826,16.5201874,15.5201874,-1.61142708E-07,0.723465443,122.297928,-4.565549E-09,0.000219391412,3.13287687,-2.30716779E-08,-1.9363506E-05,-0.339603424,11.3028078,11.3027315,1.82742044E-09,7.562093E-12,-2.37647928E-08,3.34200365E-08,1,0,4,935.6529,-0.237685964,-2.217553,1,0,0,0,0,0,0,0,0,0,0,0,0,0,Grip,7.109551E-08,0.00131055037
827,16.5401878,15.5401878,-1.61283907E-07,0.7234698,122.360451,-5.22612975E-09,0.000219004141,3.12609243,-3.30290462E-08,-1.9363506E-05,-0.339221954,11.2783566,11.27828,1.15568266E-09,-2.31068342E-11,-3.37216726E-08,2.11811E-08,1,0,4,933.6355,-0.224236652,-2.09207416,1,0,0,0,0,0,0,0,0,0,0,0,0,0,Grip,-5.71694247E-09,0.00130810717
828,16.5601883,15.5601883,-1.61420246E-07,0.723474145,122.422836,-5.92183325E-09,0.000218736022,3.11931562,-3.47851739E-08,-1.34059519E-05,-0.338840485,11.253932,11.2538557,4.46477522E-10,4.31812051E-12,-3.54770542E-08,8.200719E-09,1,0,4,931.620239,-0.210801587,-1.96672821,1,0,0,0,0,0,0,0,0,0,0,0,0,0,Grip,1.7468766E-08,0.00130567746
829,16.5801888,15.5801888,-1.61567527E-07,0.723478436,122.485085,-5.73538372E-09,0.000218408328,3.11254668,9.322476E-09,-1.6384729E-05,-0.3384471,11.2295361,11.2294607,6.14818E-10,8.648561E-11,8.631867E-09,1.13172867E-08,1,0,4,929.6074,-0.197382808,-1.84153426,1,0,0,0,0,0,0,0,0,0,0,0,0,0,Grip,-3.26449912E-09,0.00130321272
830,16.60019,15.6001892,-1.617342E-07,0.7234828,122.5472,-6.07023631E-09,0.00021815511,3.10578561,-1.674263E-08,-1.26608938E-05,-0.3380537,11.2051678,11.2050924,2.68867151E-10,-1.89244124E-11,-1.74327273E-08,4.95995645E-09,1,0,4,927.596741,-0.183978274,-1.7164731,1,0,0,0,0,0,0,0,0,0,0,0,0,0,Grip,-6.538312E-08,0.00130070944
831,16.62019,15.62019,-1.6189594E-07,0.723487139,122.609184,-6.6220105E-09,0.000217797628,3.0990324,-2.758871E-08,-1.78741175E-05,-0.3376603,11.1808281,11.1807528,-2.95173219E-10,-8.63731E-12,-2.82781674E-08,-5.45710632E-09,1,0,4,925.5884,-0.170589179,-1.59155607,1,0,0,0,0,0,0,0,0,0,0,0,0,0,Grip,1.43068553E-08,0.00129827182
832,16.64019,15.64019,-1.62037708E-07,0.72349143,122.671028,-6.447522E-09,0.000217335866,3.09228683,8.724421E-09,-2.30880687E-05,-0.337278843,11.1565161,11.1564407,-1.32958089E-10,-1.729051E-11,8.03558E-09,-2.46346588E-09,1,0,4,923.5824,-0.157215983,-1.46678734,1,0,0,0,0,0,0,0,0,0,0,0,0,0,Grip,6.529806E-09,0.001295848
833,16.66019,15.6601906,-1.622158E-07,0.7234957,122.732742,-5.89181459E-09,0.000217023073,3.08554888,2.7785374E-08,-1.563967E-05,-0.336897373,11.1322327,11.1321564,4.12803125E-10,-2.919924E-11,2.70969E-08,7.665174E-09,1,0,4,921.5787,-0.143857837,-1.342159,1,0,0,0,0,0,0,0,0,0,0,0,0,0,Grip,1.30716247E-08,0.00129338563
834,16.680191,15.680191,-1.62365751E-07,0.7235,122.794319,-7.01222325E-09,0.000216754954,3.07881856,-5.60204327E-08,-1.34059519E-05,-0.3365159,11.107976,11.1079006,-7.153087E-10,-9.294961E-11,-5.670879E-08,-1.33113121E-08,1,0,4,919.5773,-0.130515143,-1.217675,1,0,0,0,0,0,0,0,0,0,0,0,0,0,Grip,2.20746248E-08,0.00129094021
835,16.7001915,15.7001915,-1.62512777E-07,0.7235043,122.855759,-6.111245E-09,0.000216486849,3.07209587,4.504892E-08,-1.34052243E-05,-0.336134434,11.0837469,11.0836716,1.72210246E-10,8.682157E-12,4.43613182E-08,3.21170512E-09,1,0,4,917.578064,-0.11718709,-1.0933274,1,0,0,0,0,0,0,0,0,0,0,0,0,0,Grip,7.02699055E-08,0.0012885367
836,16.720192,15.720192,-1.62631864E-07,0.7235086,122.917068,-6.11135453E-09,0.000216188942,3.06538057,-5.48450174E-12,-1.489534E-05,-0.335764885,11.0595446,11.05947,1.50652379E-10,1.24032853E-10,-6.91488533E-10,2.81580781E-09,1,0,4,915.5811,-0.1038741,-0.969120443,1,0,0,0,0,0,0,0,0,0,0,0,0,0,Grip,-6.563711E-09,0.00128617533
837,16.7401924,15.7401924,-1.627334E-07,0.723513,122.978241,-5.290629E-09,0.000215891036,3.058673,4.10362873E-08,-1.489534E-05,-0.335383415,11.03537,11.0352955,9.557235E-10,2.96063556E-11,4.03512779E-08,1.79023747E-08,1,0,4,913.586243,-0.09057496,-0.8450426,1,0,0,0,0,0,0,0,0,0,0,0,0,0,Grip,-9.376883E-08,0.00128377881
838,16.7601929,15.7601929,-1.62821891E-07,0.7235172,123.039284,-4.85094365E-09,0.0002153846,3.051973,2.198426E-08,-2.53217877E-05,-0.334990025,11.0112219,11.0111475,1.38432821E-09,-4.7226556E-11,2.12997655E-08,2.5987811E-08,1,0,4,911.5936,-0.07729085,-0.721105039,1,0,0,0,0,0,0,0,0,0,0,0,0,0,Grip,-2.23824035E-08,0.00128131849
839,16.7801933,15.7801933,-1.62896939E-07,0.7235216,123.100189,-4.50703075E-09,0.000215116481,3.045281,1.71956458E-08,-1.34059519E-05,-0.334608555,10.9871025,10.9870291,1.71487446E-09,-1.31850156E-11,1.65118976E-08,3.22638556E-08,1,0,4,909.603333,-0.06402221,-0.597311854,1,0,0,0,0,0,0,0,0,0,0,0,0,0,Grip,3.57032768E-08,0.00127887237
840,16.8001938,15.8001938,-1.62953512E-07,0.7235258,123.160957,-4.13457757E-09,0.000214535568,3.03859639,1.8622659E-08,-2.90456228E-05,-0.3342271,10.9630108,10.9629374,2.07622719E-09,-5.61247056E-11,1.79394064E-08,3.91483219E-08,1,0,4,907.6153,-0.0507686362,-0.4736592,1,0,0,0,0,0,0,0,0,0,0,0,0,0,Grip,9.967872E-09,0.00127646863
841,16.8201942,15.8201942,-1.63015031E-07,0.723530054,123.221596,-3.61602415E-09,0.0002141334,3.03191924,2.59276725E-08,-2.01085641E-05,-0.333857536,10.9389467,10.9388733,2.582541E-09,-2.90419459E-11,2.524502E-08,4.8802363E-08,1,0,4,905.6295,-0.037530113,-0.350146949,1,0,0,0,0,0,0,0,0,0,0,0,0,0,Grip,4.24302762E-08,0.00127405417
842,16.8401947,15.8401947,-1.6305917E-07,0.7235343,123.282104,-3.799227E-09,0.000213746127,3.02524972,-9.160151E-09,-1.9363506E-05,-0.333476067,10.9149094,10.914835,2.38595588E-09,-2.13810324E-11,-9.842054E-09,4.51868836E-08,1,0,4,903.646,-0.0243066419,-0.226775125,1,0,0,0,0,0,0,0,0,0,0,0,0,0,Grip,2.195571E-08,0.00127165753
843,16.8601952,15.8601952,-1.63098434E-07,0.7235385,123.342476,-3.25064575E-09,0.00021344822,3.01858783,2.742907E-08,-1.489534E-05,-0.3330946,10.8908987,10.8908253,2.92902835E-09,-1.48204407E-10,2.674705E-08,5.55943842E-08,1,0,4,901.6646,-0.0110974126,-0.103536196,1,0,0,0,0,0,0,0,0,0,0,0,0,0,Grip,1.616406E-08,0.00126925018
844,16.8801956,15.8801956,-1.63150162E-07,0.7235427,123.402718,-3.15168469E-09,0.0002132099,3.01193285,4.948053E-09,-1.19158358E-05,-0.3327489,10.8669157,10.8668432,3.014562E-09,-9.37612054E-12,4.26671853E-09,5.73442769E-08,1,0,4,900,0,0,1,0,0,0,0,0,0,0,0,0,0,0,0,0,Grip,1.12042528E-07,0.0012672618
845,16.9001961,15.9001961,-1.63198024E-07,0.723547,123.462822,-3.510974E-09,0.000213046049,3.00528049,-1.79644637E-08,-8.192728E-06,-0.33261776,10.8429575,10.842885,2.64071986E-09,3.45021386E-12,-1.86454283E-08,5.03440845E-08,1,0,4,900,0,0,1,0,0,0,0,0,0,0,0,0,0,0,0,0,Grip,7.088347E-09,0.00126723445
846,16.9201965,15.9201965,-1.63229885E-07,0.723551154,123.5228,-3.34082539E-09,0.000212688567,2.99863076,8.50742854E-09,-1.78741175E-05,-0.332486629,10.81901,10.8189363,2.7929703E-09,5.25597448E-11,7.82720555E-09,5.33647473E-08,1,0,4,900,0,0,1,0,0,0,0,0,0,0,0,0,0,0,0,0,Grip,-2.60836153E-09,0.00126727251
847,16.940197,15.940197,-1.63239349E-07,0.723555446,123.582634,-2.860437E-09,0.000212375773,2.99198365,2.40194211E-08,-1.563967E-05,-0.3323555,10.7950706,10.7949972,3.26106586E-09,-4.75410371E-11,2.3339318E-08,6.244697E-08,1,0,4,900,0,0,1,0,0,0,0,0,0,0,0,0,0,0,0,0,Grip,-3.97351663E-08,0.00126723992
848,16.9601974,15.9601974,-1.63256459E-07,0.7235596,123.642342,-2.22585927E-09,0.000211869337,2.9853394,3.1728888E-08,-2.53217877E-05,-0.332212448,10.7711411,10.7710676,3.8889E-09,-1.29460179E-10,3.10483124E-08,7.463527E-08,1,0,4,900,0,0,1,0,0,0,0,0,0,0,0,0,0,0,0,0,Grip,3.59410244E-08,0.00126721559
849,16.9801979,15.9801979,-1.632603E-07,0.7235638,123.701912,-2.50634558E-09,0.0002113629,2.97869778,-1.4024315E-08,-2.53217877E-05,-0.332081318,10.7472219,10.7471485,3.59714813E-09,-6.416336E-11,-1.47048853E-08,6.918993E-08,1,0,4,900,0,0,1,0,0,0,0,0,0,0,0,0,0,0,0,0,Grip,9.787189E-08,0.00126730825
850,17.0001984,16.0001984,-1.63268567E-07,0.723567963,123.761353,-2.05137618E-09,0.000210796876,2.972059,2.274847E-08,-2.83012923E-05,-0.331938267,10.7233114,10.72324,4.041934E-09,-7.517947E-11,2.20678089E-08,7.791889E-08,1,0,4,900,0,0,1,0,0,0,0,0,0,0,0,0,0,0,0,0,Grip,4.8507502E-08,0.00126730092
851,17.0201988,16.0201988,-1.63260552E-07,0.7235722,123.820663,-2.212506E-09,0.000210141487,2.96542287,-8.056489E-09,-3.27694579E-05,-0.331807137,10.6994123,10.69934,3.87057053E-09,-8.496955E-11,-8.737262E-09,7.478238E-08,1,0,4,900,0,0,1,0,0,0,0,0,0,0,0,0,0,0,0,0,Grip,5.68356739E-08,0.0012672731
852,17.0402,16.0402,-1.63287623E-07,0.723576367,123.879837,-1.67935676E-09,0.000209396734,2.95878959,2.665746E-08,-3.72376235E-05,-0.3316641,10.6755219,10.6754513,4.404483E-09,-2.46196452E-10,2.597537E-08,8.528875E-08,1,0,4,900,0,0,1,0,0,0,0,0,0,0,0,0,0,0,0,0,Grip,6.423698E-08,0.00126725377
853,17.0602,16.0602,-1.63343856E-07,0.723580539,123.938881,-2.78568835E-09,0.000208517915,2.952159,-5.531658E-08,-4.39409632E-05,-0.331532955,10.6516418,10.6515713,3.29436678E-09,-1.66406486E-10,-5.59995073E-08,6.39356443E-08,1,0,4,900,0,0,1,0,0,0,0,0,0,0,0,0,0,0,0,0,Grip,1.8612451E-07,0.00126732327
854,17.0802,16.0802,-1.634219E-07,0.723584652,123.997795,-3.51595886E-09,0.00020751993,2.94553113,-3.65135264E-08,-4.98992449E-05,-0.3313899,10.6277723,10.6277008,2.555826E-09,-8.70600744E-11,-3.7196763E-08,4.97139752E-08,1,0,4,900,0,0,1,0,0,0,0,0,0,0,0,0,0,0,0,0,Grip,1.258033E-07,0.00126729184
855,17.1002,16.1002,-1.63494732E-07,0.7235888,124.056572,-4.074758E-09,0.000206477271,2.93890619,-2.793995E-08,-5.21329639E-05,-0.331246853,10.6039114,10.6038408,1.983223E-09,-2.10895017E-12,-2.86228765E-08,3.86630923E-08,1,0,4,900,0,0,1,0,0,0,0,0,0,0,0,0,0,0,0,0,Grip,6.581742E-08,0.00126718462
856,17.1202011,16.1202011,-1.63577042E-07,0.7235929,124.115219,-3.837595E-09,0.000205226068,2.93228388,1.18581367E-08,-6.256014E-05,-0.331115723,10.5800619,10.5799913,2.20659624E-09,5.433518E-12,1.11754987E-08,4.31149267E-08,1,0,4,900,0,0,1,0,0,0,0,0,0,0,0,0,0,0,0,0,Grip,1.59436631E-09,0.0012671923
857,17.1402016,16.1402016,-1.63676987E-07,0.723597,124.173729,-4.14744239E-09,0.00020413872,2.92566466,-1.54923629E-08,-5.436741E-05,-0.330960751,10.556222,10.5561514,1.88297244E-09,1.14685718E-11,-1.61746652E-08,3.687484E-08,1,0,4,900,0,0,1,0,0,0,0,0,0,0,0,0,0,0,0,0,Grip,-4.10773948E-09,0.00126720872
858,17.160202,16.160202,-1.637932E-07,0.723601043,124.232109,-4.638892E-09,0.000202962008,2.919048,-2.45724774E-08,-5.88355761E-05,-0.33082962,10.5323925,10.5323219,1.37776013E-09,1.481857E-11,-2.52544936E-08,2.70422618E-08,1,0,4,900,0,0,1,0,0,0,0,0,0,0,0,0,0,0,0,0,Grip,-8.67024E-09,0.00126725633
859,17.1802025,16.1802025,-1.63925975E-07,0.723605037,124.290359,-5.06935E-09,0.000201770381,2.91243434,-2.15228955E-08,-5.958136E-05,-0.330686569,10.5085726,10.508502,9.30302058E-10,7.474969E-11,-2.22042313E-08,1.83011544E-08,1,0,4,900,0,0,1,0,0,0,0,0,0,0,0,0,0,0,0,0,Grip,-1.12028387E-08,0.00126720173
860,17.2002029,16.2002029,-1.64032528E-07,0.7236091,124.348473,-5.5181073E-09,0.000200727722,2.90582323,-2.24378738E-08,-5.21329639E-05,-0.330555439,10.4847631,10.4846926,4.62409666E-10,9.28791349E-11,-2.31183126E-08,9.117344E-09,1,0,4,900,0,0,1,0,0,0,0,0,0,0,0,0,0,0,0,0,Grip,-5.65107641E-08,0.001267293
861,17.2202034,16.2202034,-1.64116784E-07,0.7236131,124.406456,-4.65900474E-09,0.000199625472,2.899215,4.295513E-08,-5.511247E-05,-0.3304124,10.4609632,10.4608936,1.30891475E-09,-2.20288562E-11,4.227487E-08,2.5866731E-08,1,0,4,900,0,0,1,0,0,0,0,0,0,0,0,0,0,0,0,0,Grip,-7.021662E-08,0.00126725214
862,17.2402039,16.2402039,-1.641871E-07,0.7236171,124.46431,-4.097388E-09,0.000198597714,2.8926096,2.80808266E-08,-5.13879058E-05,-0.330269337,10.4371738,10.4371042,1.85899918E-09,-4.19026619E-11,2.74006275E-08,3.682137E-08,1,0,4,900,0,0,1,0,0,0,0,0,0,0,0,0,0,0,0,0,Grip,1.66538143E-08,0.00126721989
863,17.2602043,16.2602043,-1.64240987E-07,0.723621,124.522026,-3.743729E-09,0.000197569942,2.88600683,1.76829662E-08,-5.13886334E-05,-0.3301382,10.413394,10.4133244,2.20002727E-09,-2.79565034E-11,1.70029253E-08,4.36758363E-08,1,0,4,900,0,0,1,0,0,0,0,0,0,0,0,0,0,0,0,0,Grip,3.167841E-08,0.00126724865
864,17.2802048,16.2802048,-1.64276074E-07,0.723624945,124.579613,-3.27971672E-09,0.000196661334,2.879407,2.320061E-08,-4.543035E-05,-0.329995155,10.3896246,10.389555,2.65353584E-09,-6.999101E-11,2.25205081E-08,5.27998125E-08,1,0,4,900,0,0,1,0,0,0,0,0,0,0,0,0,0,0,0,0,Grip,2.11351168E-08,0.00126725668
865,17.3002052,16.3002052,-1.64285424E-07,0.7236289,124.63707,-2.75682166E-09,0.0001958272,2.87280965,2.61447539E-08,-4.17065166E-05,-0.329864025,10.3658648,10.3657951,3.1573284E-09,7.119035E-11,2.54655514E-08,6.29685E-08,1,0,4,900,0,0,1,0,0,0,0,0,0,0,0,0,0,0,0,0,Grip,5.29132045E-08,0.00126727333
866,17.3202057,16.3202057,-1.64265316E-07,0.723632753,124.6944,-2.01378758E-09,0.000195067551,2.86621523,3.71517039E-08,-3.798268E-05,-0.329720974,10.3421144,10.3420448,3.88344468E-09,2.57889335E-11,3.647318E-08,7.76280658E-08,1,0,4,900,0,0,1,0,0,0,0,0,0,0,0,0,0,0,0,0,Grip,-5.38199032E-08,0.0012672689
867,17.3402061,16.3402061,-1.64242877E-07,0.7236366,124.751587,-1.18765253E-09,0.000194412161,2.85962367,4.13067518E-08,-3.27694579E-05,-0.329577923,10.3183746,10.318306,4.69057237E-09,7.029515E-11,4.06291427E-08,9.39782439E-08,1,0,4,900,0,0,1,0,0,0,0,0,0,0,0,0,0,0,0,0,Grip,-1.94964329E-08,0.00126724329
868,17.3602066,16.3602066,-1.64230073E-07,0.7236405,124.808647,-1.20318866E-09,0.000193861037,2.85303473,-7.768064E-10,-2.75562343E-05,-0.3294468,10.2946453,10.2945766,4.658218E-09,3.75445647E-11,-1.453769E-09,9.354553E-08,1,0,4,900,0,0,1,0,0,0,0,0,0,0,0,0,0,0,0,0,Grip,-5.31431326E-08,0.00126728311
869,17.3802071,16.3802071,-1.6422986E-07,0.7236444,124.865578,-1.46758983E-09,0.0001933546,2.84644866,-1.32200588E-08,-2.53217877E-05,-0.329303741,10.2709246,10.2708559,4.38233272E-09,-5.18451324E-11,-1.38969662E-08,8.820888E-08,1,0,4,900,0,0,1,0,0,0,0,0,0,0,0,0,0,0,0,0,Grip,-2.838369E-08,0.00126727147
870,17.4002075,16.4002075,-1.6424103E-07,0.72364825,124.922379,-1.79346471E-09,0.000192982217,2.83986545,-1.6293745E-08,-1.86191755E-05,-0.3291607,10.2472153,10.2471466,4.042838E-09,-1.17365111E-11,-1.697035E-08,8.156407E-08,1,0,4,900,0,0,1,0,0,0,0,0,0,0,0,0,0,0,0,0,Grip,3.919492E-08,0.00126726879
871,17.420208,16.420208,-1.64269736E-07,0.7236521,124.979042,-2.07065E-09,0.000192609834,2.83328533,-1.38592693E-08,-1.86191755E-05,-0.329005718,10.2235155,10.2234468,3.746771E-09,8.767104E-11,-1.45349341E-08,7.576647E-08,1,0,4,900,0,0,1,0,0,0,0,0,0,0,0,0,0,0,0,0,Grip,8.872802E-09,0.00126718753
872,17.4402084,16.4402084,-1.64321477E-07,0.723655939,125.035576,-2.54631738E-09,0.000192267253,2.82670784,-2.37833646E-08,-1.712906E-05,-0.3288746,10.1998272,10.1997595,3.248084E-09,1.68619549E-10,-2.44576537E-08,6.583496E-08,1,0,4,900,0,0,1,0,0,0,0,0,0,0,0,0,0,0,0,0,Grip,-6.62793E-08,0.00126716855
873,17.4602089,16.4602089,-1.64394152E-07,0.7236598,125.09198,-3.16530913E-09,0.000191969346,2.820133,-3.094959E-08,-1.489534E-05,-0.328743458,10.1761484,10.17608,2.60094324E-09,2.650161E-10,-3.1621898E-08,5.284105E-08,1,0,4,900,0,0,1,0,0,0,0,0,0,0,0,0,0,0,0,0,Grip,-1.27476369E-07,0.00126721559
874,17.48021,16.48021,-1.64481449E-07,0.7236637,125.148254,-3.69948516E-09,0.00019168634,2.813561,-2.67088023E-08,-1.41502824E-05,-0.3286004,10.1524782,10.1524105,2.04088746E-09,2.28124339E-10,-2.73793646E-08,4.15597441E-08,1,0,4,900,0,0,1,0,0,0,0,0,0,0,0,0,0,0,0,0,Grip,-2.00352162E-07,0.00126727193
875,17.50021,16.50021,-1.64580953E-07,0.7236675,125.204391,-4.05916722E-09,0.000191373532,2.80699182,-1.79841031E-08,-1.56403985E-05,-0.328457355,10.1288195,10.1287518,1.66592562E-09,4.32760841E-11,-1.8654152E-08,3.40035733E-08,1,0,4,900,0,0,1,0,0,0,0,0,0,0,0,0,0,0,0,0,Grip,-1.72462E-07,0.0012671916
876,17.52021,16.52021,-1.64691E-07,0.7236713,125.2604,-4.38598846E-09,0.00019107564,2.80042553,-1.63410618E-08,-1.48946128E-05,-0.3283143,10.10517,10.1051025,1.3280248E-09,-2.926817E-11,-1.701109E-08,2.7170163E-08,1,0,4,900,0,0,1,0,0,0,0,0,0,0,0,0,0,0,0,0,Grip,-3.271672E-08,0.00126717414
877,17.54021,16.54021,-1.64802628E-07,0.723675132,125.316277,-4.668055E-09,0.000190956474,2.79386163,-1.41033185E-08,-5.95828169E-06,-0.3281951,10.0815315,10.0814648,1.03485753E-09,-3.1195168E-11,-1.4773371E-08,2.122197E-08,1,0,4,900,0,0,1,0,0,0,0,0,0,0,0,0,0,0,0,0,Grip,2.2126736E-08,0.00126728136
878,17.5602112,16.5602112,-1.64913118E-07,0.723678946,125.372025,-4.675729E-09,0.000190926687,2.78730083,-3.83715282E-10,-1.48938852E-06,-0.328040123,10.0579014,10.0578346,1.00880237E-09,9.85371437E-11,-1.05286357E-09,2.0736346E-08,1,0,4,900,0,0,1,0,0,0,0,0,0,0,0,0,0,0,0,0,Grip,2.35835458E-08,0.00126719684
879,17.5802116,16.5802116,-1.650143E-07,0.723682761,125.427643,-4.63651562E-09,0.00019085221,2.78074241,1.960676E-09,-3.723835E-06,-0.3279209,10.0342827,10.0342159,1.02658992E-09,1.49190993E-10,1.2927206E-09,2.11517435E-08,1,0,4,900,0,0,1,0,0,0,0,0,0,0,0,0,0,0,0,0,Grip,-7.44940749E-08,0.001267292
880,17.6002121,16.6002121,-1.65072251E-07,0.7236866,125.483124,-4.34804459E-09,0.000190747945,2.774187,1.44235512E-08,-5.21322363E-06,-0.327765942,10.0106726,10.0106058,1.29474609E-09,1.09807469E-10,1.37567318E-08,2.67398388E-08,1,0,4,900,0,0,1,0,0,0,0,0,0,0,0,0,0,0,0,0,Grip,-1.12788385E-07,0.00126719428
881,17.6202126,16.6202126,-1.65093823E-07,0.7236904,125.538475,-3.02922154E-09,0.000190733044,2.76763463,6.594115E-08,-7.4505806E-07,-0.3276229,9.987073,9.987006,2.600537E-09,-2.64154913E-11,6.5274584E-08,5.38349276E-08,1,0,4,900,0,0,1,0,0,0,0,0,0,0,0,0,0,0,0,0,Grip,-8.301444E-08,0.00126718741
882,17.640213,16.640213,-1.65119957E-07,0.7236942,125.5937,-2.10372186E-09,0.000190747945,2.76108479,4.62749838E-08,7.4505806E-07,-0.32749176,9.963485,9.963417,3.52020479E-09,-1.44241966E-10,4.56077949E-08,7.30462659E-08,1,0,4,900,0,0,1,0,0,0,0,0,0,0,0,0,0,0,0,0,Grip,1.99701109E-08,0.00126713107
883,17.6602135,16.6602135,-1.65168515E-07,0.723698,125.648788,-2.403495E-09,0.00019079262,2.75453758,-1.49886556E-08,2.233719E-06,-0.32736063,9.939905,9.939839,3.20940052E-09,-4.15853948E-11,-1.56558517E-08,6.67551845E-08,1,0,4,900,0,0,1,0,0,0,0,0,0,0,0,0,0,0,0,0,Grip,1.09046923E-07,0.00126725994
884,17.6802139,16.6802139,-1.65213578E-07,0.723701835,125.703751,-3.04431635E-09,0.000190762832,2.74799323,-3.2041072E-08,-1.48938852E-06,-0.327217579,9.916335,9.916269,2.55240362E-09,4.30768581E-11,-3.270764E-08,5.32161479E-08,1,0,4,900,0,0,1,0,0,0,0,0,0,0,0,0,0,0,0,0,Grip,3.14385566E-08,0.00126722187
885,17.7002144,16.7002144,-1.65239811E-07,0.723705649,125.758583,-2.80003554E-09,0.000190733044,2.7414515,1.22140413E-08,-1.48938852E-06,-0.327086449,9.892776,9.89271,2.78155565E-09,1.68223161E-11,1.15479537E-08,5.813222E-08,1,0,4,900,0,0,1,0,0,0,0,0,0,0,0,0,0,0,0,0,Grip,-3.25661027E-08,0.00126722048
886,17.7202148,16.7202148,-1.65267892E-07,0.723709464,125.813278,-2.23175833E-09,0.000190688355,2.73491287,2.84138615E-08,-2.23444658E-06,-0.326931477,9.8692255,9.869159,3.3367682E-09,-1.350543E-11,2.77480581E-08,6.990242E-08,1,0,4,900,0,0,1,0,0,0,0,0,0,0,0,0,0,0,0,0,Grip,-1.27176705E-08,0.00126716914
887,17.7402153,16.7402153,-1.65308165E-07,0.7237133,125.867844,-2.38189868E-09,0.000190584091,2.72837687,-7.507017E-09,-5.21322363E-06,-0.326800346,9.845686,9.84562,3.17458282E-09,-2.71536E-11,-8.172705E-09,6.666409E-08,1,0,4,900,0,0,1,0,0,0,0,0,0,0,0,0,0,0,0,0,Grip,1.02101048E-08,0.00126718241
888,17.7602158,16.7602158,-1.6536093E-07,0.7237171,125.922279,-2.72903522E-09,0.0001905543,2.72184348,-1.73568271E-08,-1.48938852E-06,-0.326669216,9.822157,9.82209,2.81336865E-09,1.3168704E-11,-1.80221562E-08,5.92206426E-08,1,0,4,900,0,0,1,0,0,0,0,0,0,0,0,0,0,0,0,0,Grip,2.05281214E-08,0.00126720511
889,17.7802162,16.7802162,-1.65417632E-07,0.7237209,125.976585,-3.0491385E-09,0.000190509614,2.715313,-1.60051634E-08,-2.23444658E-06,-0.326526165,9.798636,9.798571,2.48121945E-09,-2.54064235E-11,-1.66703522E-08,5.23546042E-08,1,0,4,900,0,0,1,0,0,0,0,0,0,0,0,0,0,0,0,0,Grip,-9.9555395E-09,0.00126723712
890,17.8002167,16.8002167,-1.65473537E-07,0.7237247,126.030762,-3.106111E-09,0.000190464925,2.708785,-2.84862134E-09,-2.23444658E-06,-0.326395035,9.775126,9.775062,2.413199E-09,-4.484578E-11,-3.51381413E-09,5.104205E-08,1,0,4,900,0,0,1,0,0,0,0,0,0,0,0,0,0,0,0,0,Grip,1.92072562E-08,0.00126724679
891,17.8202171,16.8202171,-1.65523545E-07,0.723728538,126.084808,-3.06278469E-09,0.000190435137,2.70225978,2.16631157E-09,-1.48938852E-06,-0.3262639,9.751626,9.751561,2.44645637E-09,-6.578096E-11,1.50099522E-09,5.18704333E-08,1,0,4,900,0,0,1,0,0,0,0,0,0,0,0,0,0,0,0,0,Grip,3.39034081E-08,0.001267266
892,17.8402176,16.8402176,-1.65564771E-07,0.723732352,126.138725,-2.87563418E-09,0.000190345774,2.69573712,9.357526E-09,-4.46816557E-06,-0.326132774,9.728135,9.728069,2.619488E-09,6.38408944E-12,8.69257555E-09,5.56734747E-08,1,0,4,900,0,0,1,0,0,0,0,0,0,0,0,0,0,0,0,0,Grip,4.97304029E-08,0.00126723456
893,17.860218,16.860218,-1.65591757E-07,0.723736167,126.192513,-2.61584066E-09,0.00019024151,2.68921733,1.2989676E-08,-5.21322363E-06,-0.325989723,9.704654,9.704588,2.85916513E-09,1.13165706E-10,1.23258426E-08,6.091479E-08,1,0,4,900,0,0,1,0,0,0,0,0,0,0,0,0,0,0,0,0,Grip,-4.8263713E-09,0.00126727251
894,17.8802185,16.8802185,-1.65598138E-07,0.72374,126.24617,-2.18893348E-09,0.000190092556,2.68270016,2.134536E-08,-7.44767E-06,-0.3258586,9.681182,9.681118,3.26502914E-09,1.24607422E-10,2.06827337E-08,6.97307456E-08,1,0,4,900,0,0,1,0,0,0,0,0,0,0,0,0,0,0,0,0,Grip,-8.555327E-08,0.001267258
895,17.900219,16.900219,-1.655803E-07,0.723743737,126.29969,-1.58660518E-09,0.000189913815,2.67618585,3.01164143E-08,-8.937059E-06,-0.325715542,9.657721,9.657656,3.84839E-09,8.014042E-11,2.94547728E-08,8.23895547E-08,1,0,4,900,0,0,1,0,0,0,0,0,0,0,0,0,0,0,0,0,Grip,-9.420321E-08,0.00126725272
896,17.92022,16.92022,-1.65534246E-07,0.7237475,126.353081,-9.02074471E-10,0.000189884013,2.66967416,3.42265345E-08,-1.49011612E-06,-0.3255844,9.634269,9.634205,4.51897453E-09,-2.10874374E-11,3.3565243E-08,9.698195E-08,1,0,4,900,0,0,1,0,0,0,0,0,0,0,0,0,0,0,0,0,Grip,-6.058616E-08,0.00126725493
897,17.94022,16.94022,-1.65487577E-07,0.7237513,126.406342,-1.02041674E-10,0.0001899287,2.66316533,4.000164E-08,2.23444658E-06,-0.32544136,9.61082649,9.610763,5.30308952E-09,2.43601424E-11,3.93409678E-08,1.14088039E-07,1,0,4,900,0,0,1,0,0,0,0,0,0,0,0,0,0,0,0,0,Grip,1.59421027E-08,0.00126726669
898,17.96022,16.96022,-1.65456214E-07,0.7237551,126.459473,-2.14092952E-10,0.000189884013,2.65665913,-5.602564E-09,-2.23444658E-06,-0.32531023,9.587395,9.587331,5.171201E-09,1.05491317E-10,-6.26216323E-09,1.11523086E-07,1,0,4,900,0,0,1,0,0,0,0,0,0,0,0,0,0,0,0,0,Grip,-1.84162676E-08,0.00126725563
899,17.98022,16.98022,-1.65476635E-07,0.7237589,126.512474,-6.510401E-10,0.000189854225,2.65015578,-2.18473577E-08,-1.48938852E-06,-0.325167179,9.563972,9.563909,4.71846162E-09,5.313535E-11,-2.2506347E-08,1.0200894E-07,1,0,4,900,0,0,1,0,0,0,0,0,0,0,0,0,0,0,0,0,Grip,-7.975143E-08,0.00126725412
900,18.0002213,17.0002213,-1.65508737E-07,0.723762631,126.565346,-2.22247087E-09,0.000189779748,2.6436553,-7.857154E-08,-3.723835E-06,-0.325024128,9.540561,9.540497,3.13519988E-09,-3.20333135E-11,-7.92304036E-08,6.794689E-08,1,0,4,900,0,0,1,0,0,0,0,0,0,0,0,0,0,0,0,0,Grip,-4.0170324E-08,0.00126719894
901,18.0202217,17.0202217,-1.65552478E-07,0.723766446,126.618088,-2.25131336E-09,0.000189794649,2.63715744,-1.4421242E-09,7.4505806E-07,-0.324893,9.51715851,9.517096,3.09550074E-09,-4.45680819E-11,-2.1010087E-09,6.72518041E-08,1,0,4,900,0,0,1,0,0,0,0,0,0,0,0,0,0,0,0,0,Grip,2.42171847E-08,0.00126721244
902,18.0402222,17.0402222,-1.65611027E-07,0.723770261,126.6707,-2.61614841E-09,0.000189764862,2.63066244,-1.8241753E-08,-1.48938852E-06,-0.324749947,9.493767,9.493703,2.72370726E-09,-1.14673132E-10,-1.89011136E-08,5.932044E-08,1,0,4,900,0,0,1,0,0,0,0,0,0,0,0,0,0,0,0,0,Grip,3.36934676E-08,0.00126723573
903,18.0602226,17.0602226,-1.65682891E-07,0.723774,126.723183,-3.01895842E-09,0.000189586121,2.62417,-2.01405E-08,-8.937059E-06,-0.324618816,9.470385,9.470321,2.30801556E-09,4.877337E-13,-2.07996322E-08,5.03913249E-08,1,0,4,900,0,0,1,0,0,0,0,0,0,0,0,0,0,0,0,0,Grip,8.66928858E-08,0.001267236
904,18.0802231,17.0802231,-1.6576422E-07,0.7237778,126.775536,-3.35896289E-09,0.000189556318,2.61768031,-1.70002235E-08,-1.49011612E-06,-0.3244877,9.447012,9.446948,1.95318517E-09,3.910348E-11,-1.76588824E-08,4.274997E-08,1,0,4,900,0,0,1,0,0,0,0,0,0,0,0,0,0,0,0,0,Grip,-3.687267E-10,0.00126721489
905,18.1002235,17.1002235,-1.65851219E-07,0.7237816,126.827759,-3.59031538E-09,0.000189541432,2.61119342,-1.15676251E-08,-7.44330464E-07,-0.324344635,9.423649,9.423585,1.70800551E-09,2.080804E-11,-1.2225911E-08,3.74765143E-08,1,0,4,900,0,0,1,0,0,0,0,0,0,0,0,0,0,0,0,0,Grip,-2.956223E-08,0.0012672015
906,18.120224,17.120224,-1.65907977E-07,0.7237854,126.879852,-3.725465E-09,0.000189437167,2.60470915,-6.75747236E-09,-5.21322363E-06,-0.3242135,9.400296,9.400233,1.55418034E-09,9.62760149E-11,-7.41480655E-09,3.41862219E-08,1,0,4,900,0,0,1,0,0,0,0,0,0,0,0,0,0,0,0,0,Grip,-1.57308779E-08,0.00126719766
907,18.1402245,17.1402245,-1.65970761E-07,0.723789155,126.931816,-2.68939782E-09,0.000189288214,2.5982275,5.180335E-08,-7.44767E-06,-0.324082375,9.376953,9.37689,2.583256E-09,-1.1341484E-10,5.11455163E-08,5.69638239E-08,1,0,4,900,0,0,1,0,0,0,0,0,0,0,0,0,0,0,0,0,Grip,-7.27846654E-08,0.00126723468
908,18.1602249,17.1602249,-1.66035989E-07,0.7237929,126.98365,-3.13467541E-09,0.000189183949,2.59174871,-2.226388E-08,-5.21322363E-06,-0.323939323,9.353619,9.353556,2.13091744E-09,-1.16046409E-10,-2.2922185E-08,4.71066848E-08,1,0,4,900,0,0,1,0,0,0,0,0,0,0,0,0,0,0,0,0,Grip,8.574162E-08,0.0012672192
909,18.1802254,17.1802254,-1.66092491E-07,0.7237967,127.035355,-3.11069126E-09,0.000189154147,2.58527279,1.1992074E-09,-1.49011612E-06,-0.323796272,9.330296,9.330233,2.1496942E-09,-1.56807914E-10,5.401963E-10,4.76408033E-08,1,0,4,900,0,0,1,0,0,0,0,0,0,0,0,0,0,0,0,0,Grip,8.773108E-08,0.0012672114
910,18.2002258,17.2002258,-1.66131841E-07,0.72380054,127.086929,-2.827846E-09,0.0001890052,2.57879949,1.41422651E-08,-7.44767E-06,-0.323665142,9.306982,9.306919,2.41763942E-09,2.41734532E-11,1.34837368E-08,5.37134071E-08,1,0,4,900,0,0,1,0,0,0,0,0,0,0,0,0,0,0,0,0,Grip,1.1854678E-07,0.0012672114
911,18.2202263,17.2202263,-1.66148411E-07,0.7238043,127.138374,-2.311411E-09,0.000188781778,2.57232881,2.58217447E-08,-1.11707777E-05,-0.323534,9.283678,9.283616,2.923977E-09,-7.55588161E-11,2.51630947E-08,6.51262653E-08,1,0,4,900,0,0,1,0,0,0,0,0,0,0,0,0,0,0,0,0,Grip,-1.827513E-08,0.00126722129
912,18.2402267,17.2402267,-1.66102652E-07,0.72380805,127.18969,-1.66935077E-09,0.000188617923,2.56586075,3.21030171E-08,-8.192728E-06,-0.323402882,9.260384,9.260322,3.552056E-09,-2.68168109E-11,3.144473E-08,7.931501E-08,1,0,4,900,0,0,1,0,0,0,0,0,0,0,0,0,0,0,0,0,Grip,5.71224632E-08,0.00126724108
913,18.2602272,17.2602272,-1.6606441E-07,0.723811865,127.240875,2.78987666E-10,0.00018852856,2.55939531,9.741692E-08,-4.46816557E-06,-0.323271751,9.237099,9.237037,5.489297E-09,-5.78914382E-11,9.675864E-08,1.22881914E-07,1,0,4,900,0,0,1,0,0,0,0,0,0,0,0,0,0,0,0,0,Grip,2.02735091E-08,0.001267239
914,18.2802277,17.2802277,-1.660497E-07,0.7238156,127.291931,-4.2394338E-10,0.000188349819,2.55293274,-3.51465523E-08,-8.937059E-06,-0.3231287,9.213823,9.213761,4.77049955E-09,4.049735E-11,-3.58042023E-08,1.07061432E-07,1,0,4,900,0,0,1,0,0,0,0,0,0,0,0,0,0,0,0,0,Grip,4.3765926E-08,0.001267247
915,18.3002281,17.3002281,-1.66054718E-07,0.7238194,127.342857,-1.00555786E-09,0.000188185964,2.54647279,-2.90807254E-08,-8.192728E-06,-0.32299757,9.19055748,9.19049549,4.17400425E-09,2.591068E-11,-2.97378886E-08,9.391228E-08,1,0,4,900,0,0,1,0,0,0,0,0,0,0,0,0,0,0,0,0,Grip,-3.06159933E-08,0.00126723119
916,18.3202286,17.3202286,-1.66074443E-07,0.7238232,127.393654,-1.4998307E-09,0.000188037011,2.5400157,-2.47136427E-08,-7.44767E-06,-0.322854519,9.167302,9.16724,3.66676622E-09,-8.915638E-12,-2.53705377E-08,8.27094837E-08,1,0,4,900,0,0,1,0,0,0,0,0,0,0,0,0,0,0,0,0,Grip,-1.95884731E-08,0.00126725889
917,18.340229,17.340229,-1.66109288E-07,0.7238269,127.444328,-1.85317428E-09,0.000187813581,2.53356147,-1.766718E-08,-1.11715053E-05,-0.322711468,9.144056,9.143995,3.298578E-09,3.26095956E-11,-1.83235649E-08,7.45939843E-08,1,0,4,900,0,0,1,0,0,0,0,0,0,0,0,0,0,0,0,0,Grip,6.740222E-09,0.00126719719
918,18.36023,17.36023,-1.6615563E-07,0.7238307,127.494873,-2.2576685E-09,0.000187768892,2.52710962,-2.022471E-08,-2.23444658E-06,-0.322592258,9.120821,9.12076,2.88490676E-09,-7.738243E-11,-2.08813571E-08,6.540577E-08,1,0,4,900,0,0,1,0,0,0,0,0,0,0,0,0,0,0,0,0,Grip,-2.4652854E-08,0.001267237
919,18.38023,17.38023,-1.66210128E-07,0.7238344,127.545288,-2.53840859E-09,0.000187605052,2.5206604,-1.40370053E-08,-8.192001E-06,-0.322461128,9.097594,9.097533,2.58744581E-09,7.32848157E-11,-1.46929251E-08,5.881191E-08,1,0,4,900,0,0,1,0,0,0,0,0,0,0,0,0,0,0,0,0,Grip,5.850111E-08,0.00126722688
920,18.40023,17.40023,-1.66270553E-07,0.7238382,127.595573,-2.72819434E-09,0.000187500787,2.514214,-9.489288E-09,-5.21322363E-06,-0.322318077,9.074377,9.074316,2.388474E-09,-7.485142E-11,-1.01454187E-08,5.442853E-08,1,0,4,900,0,0,1,0,0,0,0,0,0,0,0,0,0,0,0,0,Grip,-5.540332E-08,0.00126722874
921,18.42023,17.42023,-1.66331731E-07,0.7238419,127.645729,-2.88177415E-09,0.000187292258,2.5077703,-7.678991E-09,-1.04264473E-05,-0.322186947,9.05117,9.051109,2.22753171E-09,-1.12758192E-10,-8.335594E-09,5.08914E-08,1,0,4,900,0,0,1,0,0,0,0,0,0,0,0,0,0,0,0,0,Grip,5.658767E-08,0.00126723677
922,18.4402313,17.4402313,-1.6638873E-07,0.7238457,127.695755,-2.86774249E-09,0.000187202881,2.50132942,7.01583236E-10,-4.468893E-06,-0.3220439,9.027973,9.027912,2.2322757E-09,-7.684381E-11,4.47773867E-11,5.11311029E-08,1,0,4,900,0,0,1,0,0,0,0,0,0,0,0,0,0,0,0,0,Grip,8.524519E-08,0.00126722245
923,18.4602318,17.4602318,-1.66435584E-07,0.7238494,127.745651,-2.72740075E-09,0.000186994352,2.49489117,7.017087E-09,-1.04264473E-05,-0.321912766,9.004786,9.004725,2.36142639E-09,-4.29879222E-11,6.360298E-09,5.42289236E-08,1,0,4,900,0,0,1,0,0,0,0,0,0,0,0,0,0,0,0,0,Grip,5.80939172E-08,0.00126724865
924,18.4802322,17.4802322,-1.66468581E-07,0.7238531,127.795418,-2.41501463E-09,0.0001868454,2.48845553,1.56193067E-08,-7.44767E-06,-0.321781635,8.981608,8.981548,2.65889466E-09,2.76742657E-11,1.49630157E-08,6.121803E-08,1,0,4,900,0,0,1,0,0,0,0,0,0,0,0,0,0,0,0,0,Grip,3.24988676E-08,0.00126722
925,18.5002327,17.5002327,-1.66481371E-07,0.723856866,127.845055,-2.0152684E-09,0.0001868305,2.48202252,1.99873131E-08,-7.4505806E-07,-0.3216505,8.95844,8.95838,3.04373771E-09,2.10457572E-11,1.93315177E-08,7.0260235E-08,1,0,4,900,0,0,1,0,0,0,0,0,0,0,0,0,0,0,0,0,Grip,-2.09217443E-08,0.00126726669
926,18.5202332,17.5202332,-1.6643628E-07,0.7238606,127.894569,-1.4217546E-09,0.000186785823,2.47559237,2.967569E-08,-2.233719E-06,-0.321507454,8.935281,8.935221,3.620503E-09,3.37683527E-11,2.90206543E-08,8.37910861E-08,1,0,4,900,0,0,1,0,0,0,0,0,0,0,0,0,0,0,0,0,Grip,-1.5910592E-08,0.00126725831
927,18.5402336,17.5402336,-1.6640584E-07,0.7238643,127.943954,4.20469382E-10,0.000186696445,2.46916485,9.21112E-08,-4.468893E-06,-0.321376324,8.912132,8.912072,5.45799E-09,-1.81039461E-10,9.145534E-08,1.26645759E-07,1,0,4,900,0,0,1,0,0,0,0,0,0,0,0,0,0,0,0,0,Grip,-2.55288732E-08,0.00126722548
928,18.5602341,17.5602341,-1.66375372E-07,0.723868,127.9932,-5.80102244E-10,0.000186651756,2.46273971,-5.00285822E-08,-2.23444658E-06,-0.3212571,8.888993,8.888934,4.447988E-09,-9.741184E-11,-5.068468E-08,1.034792E-07,1,0,4,900,0,0,1,0,0,0,0,0,0,0,0,0,0,0,0,0,Grip,1.36865822E-07,0.00126726821
929,18.5802345,17.5802345,-1.66352834E-07,0.723871768,128.042328,-2.70918232E-10,0.000186636869,2.45631742,1.54592E-08,-7.44330464E-07,-0.321114063,8.865863,8.865804,4.751361E-09,-1.636985E-10,1.48024375E-08,1.10825944E-07,1,0,4,900,0,0,1,0,0,0,0,0,0,0,0,0,0,0,0,0,Grip,7.364335E-08,0.0012672249
930,18.600235,17.600235,-1.663808E-07,0.7238755,128.091324,-6.131263E-10,0.00018659218,2.449898,-1.71104055E-08,-2.23444658E-06,-0.320971,8.842743,8.842683,4.396896E-09,-9.317969E-12,-1.776699E-08,1.02826739E-07,1,0,4,900,0,0,1,0,0,0,0,0,0,0,0,0,0,0,0,0,Grip,1.23756067E-07,0.00126722245
931,18.6202354,17.6202354,-1.66448814E-07,0.7238792,128.1402,-2.234844E-09,0.000186428326,2.44348121,-8.108589E-08,-8.192728E-06,-0.320839882,8.819633,8.819573,2.769289E-09,-1.35394515E-10,-8.174315E-08,6.49332463E-08,1,0,4,900,0,0,1,0,0,0,0,0,0,0,0,0,0,0,0,0,Grip,7.04438463E-09,0.00126723049
932,18.6402359,17.6402359,-1.665082E-07,0.7238829,128.188934,-3.15205129E-09,0.00018620491,2.437067,-4.586036E-08,-1.11707777E-05,-0.320708752,8.796532,8.796473,1.83249527E-09,1.30264452E-10,-4.6516508E-08,4.30807425E-08,1,0,4,900,0,0,1,0,0,0,0,0,0,0,0,0,0,0,0,0,Grip,1.0235825E-07,0.00126724876
933,18.6602364,17.6602364,-1.66559033E-07,0.723886669,128.237549,-2.57295785E-09,0.000186041056,2.43065548,2.89546733E-08,-8.192728E-06,-0.320577621,8.773441,8.773382,2.39751152E-09,1.94204774E-11,2.82989223E-08,5.65125653E-08,1,0,4,900,0,0,1,0,0,0,0,0,0,0,0,0,0,0,0,0,Grip,-9.847992E-08,0.00126727752
934,18.6802368,17.6802368,-1.66609183E-07,0.7238904,128.286041,-2.446806E-09,0.00018575805,2.42424655,6.307588E-09,-1.41502824E-05,-0.3204465,8.75036,8.7503,2.51140864E-09,-1.69318014E-11,5.65199176E-09,5.935377E-08,1,0,4,900,0,0,1,0,0,0,0,0,0,0,0,0,0,0,0,0,Grip,-1.46818806E-08,0.00126725016
935,18.7002373,17.7002373,-1.666581E-07,0.7238941,128.3344,-2.45685161E-09,0.000185504832,2.41784048,-5.02276E-10,-1.26608938E-05,-0.32030344,8.727287,8.727228,2.490002E-09,-3.615961E-11,-1.15781018E-09,5.90037565E-08,1,0,4,900,0,0,1,0,0,0,0,0,0,0,0,0,0,0,0,0,Grip,1.28004416E-08,0.00126726448
936,18.7202377,17.7202377,-1.66703074E-07,0.7238978,128.382629,-2.40789833E-09,0.000185221827,2.411437,2.44766429E-09,-1.41502824E-05,-0.3201723,8.704226,8.704166,2.52668064E-09,-1.88671422E-11,1.79228821E-09,6.003189E-08,1,0,4,900,0,0,1,0,0,0,0,0,0,0,0,0,0,0,0,0,Grip,2.73366645E-08,0.00126725365
937,18.7402382,17.7402382,-1.66740563E-07,0.7239015,128.430725,-2.28009789E-09,0.0001849388,2.40503621,6.390022E-09,-1.415101E-05,-0.32004118,8.681173,8.681114,2.63772248E-09,7.166342E-11,5.7354006E-09,6.283693E-08,1,0,4,900,0,0,1,0,0,0,0,0,0,0,0,0,0,0,0,0,Grip,1.42635592E-08,0.00126721966
938,18.7602386,17.7602386,-1.66770235E-07,0.7239052,128.4787,-2.046125E-09,0.000184730277,2.39863825,1.16986421E-08,-1.04264473E-05,-0.319898129,8.65813,8.65807152,2.85766033E-09,1.37205117E-11,1.10444391E-08,6.825797E-08,1,0,4,900,0,0,1,0,0,0,0,0,0,0,0,0,0,0,0,0,Grip,-5.41775442E-08,0.001267196
939,18.78024,17.78024,-1.66790912E-07,0.7239089,128.52655,-1.835893E-09,0.000184611112,2.39224315,1.05116031E-08,-5.95828169E-06,-0.319755077,8.6350975,8.635039,3.0565388E-09,-4.468062E-11,9.85746151E-09,7.320353E-08,1,0,4,900,0,0,1,0,0,0,0,0,0,0,0,0,0,0,0,0,Grip,-1.03727062E-08,0.00126718066
940,18.80024,17.80024,-1.66798046E-07,0.7239126,128.574265,-1.5784255E-09,0.000184402583,2.38585067,1.28733753E-08,-1.04264473E-05,-0.319623947,8.612075,8.612017,3.30085559E-09,-1.16196774E-11,1.221951E-08,7.92666839E-08,1,0,4,900,0,0,1,0,0,0,0,0,0,0,0,0,0,0,0,0,Grip,3.3778548E-08,0.00126720755
941,18.82024,17.82024,-1.66753821E-07,0.7239163,128.621857,-1.168025E-09,0.000184283417,2.37946057,2.05200248E-08,-5.95828169E-06,-0.319504738,8.589062,8.589004,3.698968E-09,-5.29613818E-11,1.98662935E-08,8.906547E-08,1,0,4,900,0,0,1,0,0,0,0,0,0,0,0,0,0,0,0,0,Grip,8.784476E-09,0.00126720907
942,18.84024,17.84024,-1.6666317E-07,0.72392,128.669312,5.30914035E-10,0.000184134464,2.37307334,8.49469544E-08,-7.44767E-06,-0.3193617,8.566058,8.565999,5.387364E-09,-9.639646E-11,8.429317E-08,1.300686E-07,1,0,4,900,0,0,1,0,0,0,0,0,0,0,0,0,0,0,0,0,Grip,4.00388025E-08,0.00126722548
943,18.86024,17.86024,-1.66567375E-07,0.7239237,128.716644,1.66131175E-09,0.000184015313,2.36668873,5.651989E-08,-5.957554E-06,-0.319230556,8.543064,8.543006,6.50895338E-09,-1.23746E-10,5.58657973E-08,1.5757135E-07,1,0,4,900,0,0,1,0,0,0,0,0,0,0,0,0,0,0,0,0,Grip,7.287572E-08,0.0012672164
944,18.8802414,17.8802414,-1.66458037E-07,0.7239273,128.763855,1.52058133E-09,0.000183896147,2.36030674,-7.03652159E-09,-5.95828169E-06,-0.319099426,8.52008,8.520021,6.35495567E-09,-3.858689E-11,-7.690328E-09,1.54259268E-07,1,0,4,900,0,0,1,0,0,0,0,0,0,0,0,0,0,0,0,0,Grip,9.35519751E-08,0.00126721582
945,18.9002419,17.9002419,-1.66351043E-07,0.723930955,128.810928,2.09054818E-09,0.000183881246,2.35392737,2.84983432E-08,-7.4505806E-07,-0.3189683,8.497104,8.497046,6.91603841E-09,-1.24077512E-10,2.78442336E-08,1.68333855E-07,1,0,4,900,0,0,1,0,0,0,0,0,0,0,0,0,0,0,0,0,Grip,2.91716891E-08,0.001267228
946,18.9202423,17.9202423,-1.6625826E-07,0.72393465,128.85788,1.86139248E-09,0.000183866359,2.34755087,-1.14577849E-08,-7.44330464E-07,-0.318825245,8.474138,8.474081,6.67620137E-09,-8.097912E-11,-1.2111931E-08,1.62937667E-07,1,0,4,900,0,0,1,0,0,0,0,0,0,0,0,0,0,0,0,0,Grip,9.38026E-08,0.00126721663
947,18.9402428,17.9402428,-1.66210782E-07,0.723938346,128.904709,1.472963E-09,0.000183851458,2.341177,-1.9421476E-08,-7.4505806E-07,-0.3186941,8.451183,8.451125,6.27969E-09,-1.16395678E-10,-2.00760333E-08,1.53677746E-07,1,0,4,900,0,0,1,0,0,0,0,0,0,0,0,0,0,0,0,0,Grip,6.122021E-08,0.0012672462
948,18.9602432,17.9602432,-1.66194184E-07,0.723942041,128.9514,1.74478331E-11,0.000183836572,2.33480549,-7.277576E-08,-7.44330464E-07,-0.3185749,8.428237,8.42818,4.81343E-09,-5.887419E-11,-7.34304E-08,1.181166E-07,1,0,4,900,0,0,1,0,0,0,0,0,0,0,0,0,0,0,0,0,Grip,8.799513E-08,0.00126721966
949,18.9802437,17.9802437,-1.66190759E-07,0.7239457,128.997971,-5.7793903E-10,0.0001837621,2.32843685,-2.97693425E-08,-3.723835E-06,-0.318431854,8.405299,8.405243,4.20293977E-09,3.51902361E-11,-3.04234078E-08,1.03417882E-07,1,0,4,900,0,0,1,0,0,0,0,0,0,0,0,0,0,0,0,0,Grip,4.45088872E-08,0.0012672405
950,19.0002441,18.0002441,-1.6654586E-07,0.7239493,129.044418,-8.28429048E-10,0.000183776981,2.32207084,-1.25245014E-08,7.44330464E-07,-0.318300724,8.382373,8.382316,3.96954E-09,-4.662606E-10,-1.31824072E-08,9.79425963E-08,1,0,4,900,0,0,1,0,0,0,0,0,0,0,0,0,0,0,0,0,Grip,-2.66038178E-08,0.00126723549
951,19.0202446,18.0202446,-1.67044576E-07,0.723953,129.090729,-1.364118E-08,0.000183836572,2.31570745,-6.40637552E-07,2.97950464E-06,-0.3181696,8.359455,8.359398,-8.865278E-09,3.14440335E-10,-6.412939E-07,-2.19338844E-07,1,0,4,900,0,0,1,0,0,0,0,0,0,0,0,0,0,0,0,0,Grip,3.52493E-07,0.0012672391
952,19.0402451,18.0402451,-1.674896E-07,0.7239567,129.136917,-1.45120831E-08,0.000183851458,2.30934668,-4.35451675E-08,7.44330464E-07,-0.318038464,8.336547,8.33649,-9.760718E-09,3.30642486E-10,-4.41997052E-08,-2.421583E-07,1,0,4,900,0,0,1,0,0,0,0,0,0,0,0,0,0,0,0,0,Grip,-2.3771689E-07,0.00126722082
953,19.0602455,18.0602455,-1.67822122E-07,0.72396034,129.182983,-1.23848523E-08,0.000183836572,2.30298853,1.06361547E-07,-7.44330464E-07,-0.317907333,8.313648,8.313591,-7.661322E-09,3.658985E-10,1.05709319E-07,-1.90598158E-07,1,0,4,900,0,0,1,0,0,0,0,0,0,0,0,0,0,0,0,0,Grip,-2.49965723E-07,0.00126724865
954,19.080246,18.080246,-1.68087212E-07,0.723964,129.228912,-9.141188E-09,0.00018382167,2.296633,1.621832E-07,-7.4505806E-07,-0.3177762,8.290758,8.290702,-4.43589432E-09,1.57566668E-10,1.61531972E-07,-1.10661425E-07,1,0,4,900,0,0,1,0,0,0,0,0,0,0,0,0,0,0,0,0,Grip,-2.76619261E-07,0.0012672171
955,19.1002464,18.1002464,-1.68256E-07,0.7239677,129.274719,-7.899193E-09,0.000183881246,2.29028034,6.209975E-08,2.978777E-06,-0.317633152,8.267879,8.267823,-3.20953752E-09,6.29660837E-11,6.144918E-08,-8.02898157E-08,1,0,4,900,0,0,1,0,0,0,0,0,0,0,0,0,0,0,0,0,Grip,-1.191204E-07,0.00126719638
956,19.1202469,18.1202469,-1.683577E-07,0.723971367,129.3204,-4.89272356E-09,0.000183851458,2.2839303,1.50323487E-07,-1.48938852E-06,-0.317502022,8.245009,8.244953,-2.16968665E-10,2.1687846E-11,1.496733E-07,-5.44278E-09,1,0,4,900,0,0,1,0,0,0,0,0,0,0,0,0,0,0,0,0,Grip,-4.760236E-08,0.00126721978
957,19.1402473,18.1402473,-1.684182E-07,0.723975,129.365952,-3.54050855E-09,0.000183732292,2.27758265,6.761075E-08,-5.95828169E-06,-0.3173828,8.222149,8.222093,1.11965748E-09,5.126154E-11,6.696117E-08,2.81655073E-08,1,0,4,900,0,0,1,0,0,0,0,0,0,0,0,0,0,0,0,0,Grip,-1.63960117E-08,0.00126725435
958,19.1602478,18.1602478,-1.68442867E-07,0.723978639,129.411377,-2.525306E-09,0.000183776981,2.27123761,5.07601321E-08,2.23444658E-06,-0.317251682,8.199297,8.199242,2.11929829E-09,4.27175066E-11,5.011118E-08,5.34608624E-08,1,0,4,900,0,0,1,0,0,0,0,0,0,0,0,0,0,0,0,0,Grip,-3.8753722E-08,0.00126726693
959,19.1802483,18.1802483,-1.68431839E-07,0.723982334,129.45668,-1.57738733E-09,0.00018382167,2.26489544,4.73959325E-08,2.23444658E-06,-0.317108631,8.1764555,8.176399,3.049992E-09,7.07643943E-11,4.67478642E-08,7.71537358E-08,1,0,4,900,0,0,1,0,0,0,0,0,0,0,0,0,0,0,0,0,Grip,-3.22944338E-08,0.0012672192
960,19.2002487,18.2002487,-1.68412839E-07,0.723986,129.501846,-5.97828342E-10,0.000183732292,2.25855565,4.897795E-08,-4.468893E-06,-0.316989422,8.153624,8.153568,4.012385E-09,7.64222158E-11,4.83307154E-08,1.01783684E-07,1,0,4,900,0,0,1,0,0,0,0,0,0,0,0,0,0,0,0,0,Grip,-5.349788E-08,0.00126721594
961,19.22025,18.22025,-1.68403048E-07,0.723989666,129.54689,-6.37135344E-10,0.000183583354,2.25221872,-1.96535E-09,-7.44694262E-06,-0.316846371,8.1308,8.130745,3.956808E-09,6.17566762E-11,-2.61182587E-09,1.00656251E-07,1,0,4,900,0,0,1,0,0,0,0,0,0,0,0,0,0,0,0,0,Grip,-5.77751926E-08,0.0012672263
962,19.24025,18.24025,-1.6840562E-07,0.7239933,129.591812,-9.356118E-10,0.000183508877,2.24588418,-1.4923824E-08,-3.723835E-06,-0.316727161,8.107987,8.107932,3.64377839E-09,2.75241115E-11,-1.55698281E-08,9.29546E-08,1,0,4,900,0,0,1,0,0,0,0,0,0,0,0,0,0,0,0,0,Grip,-4.66880472E-08,0.00126720953
963,19.26025,18.26025,-1.68421366E-07,0.723997,129.6366,-1.25958055E-09,0.000183493976,2.2395525,-1.61984381E-08,-7.4505806E-07,-0.3165841,8.085183,8.085128,3.30194849E-09,1.05265067E-10,-1.68434511E-08,8.447249E-08,1,0,4,900,0,0,1,0,0,0,0,0,0,0,0,0,0,0,0,0,Grip,-2.0808228E-08,0.00126720616
964,19.28025,18.28025,-1.68448153E-07,0.7240007,129.681259,-1.60095714E-09,0.000183464188,2.23322344,-1.706883E-08,-1.48938852E-06,-0.31645298,8.062388,8.062334,2.942778E-09,1.06799507E-10,-1.77128818E-08,7.54973044E-08,1,0,4,900,0,0,1,0,0,0,0,0,0,0,0,0,0,0,0,0,Grip,-7.958039E-08,0.00126721186
965,19.300251,18.300251,-1.68481336E-07,0.7240043,129.7258,-1.864688E-09,0.000183255659,2.22689676,-1.31865407E-08,-1.04264473E-05,-0.316333771,8.039604,8.039549,2.66877853E-09,-6.07063844E-11,-1.38307215E-08,6.866233E-08,1,0,4,900,0,0,1,0,0,0,0,0,0,0,0,0,0,0,0,0,Grip,-8.074043E-08,0.001267229
966,19.3202515,18.3202515,-1.68516863E-07,0.724007964,129.770218,-1.9983426E-09,0.0001831365,2.220573,-6.682732E-09,-5.95828169E-06,-0.31619072,8.016829,8.016774,2.52400123E-09,-4.18625343E-11,-7.32687155E-09,6.512242E-08,1,0,4,900,0,0,1,0,0,0,0,0,0,0,0,0,0,0,0,0,Grip,4.58940264E-08,0.00126722327
967,19.3402519,18.3402519,-1.685483E-07,0.72401166,129.8145,-2.026243E-09,0.000183017328,2.21425176,-1.39501743E-09,-5.95828169E-06,-0.3160596,7.99406242,7.99400854,2.47754062E-09,1.2334353E-10,-2.03807926E-09,6.410616E-08,1,0,4,900,0,0,1,0,0,0,0,0,0,0,0,0,0,0,0,0,Grip,3.16480744E-08,0.00126726332
968,19.3602524,18.3602524,-1.6857021E-07,0.724015355,129.858658,-1.84563209E-09,0.0001827939,2.207933,9.030543E-09,-1.11715053E-05,-0.31594038,7.97130632,7.971252,2.64623656E-09,-2.93815527E-11,8.387588E-09,6.86671E-08,1,0,4,900,0,0,1,0,0,0,0,0,0,0,0,0,0,0,0,0,Grip,-9.32477064E-08,0.00126724166
969,19.3802528,18.3802528,-1.68577586E-07,0.724019,129.9027,-1.55832092E-09,0.000182615157,2.201617,1.43655594E-08,-8.937059E-06,-0.315797329,7.94855833,7.94850445,2.9208E-09,-1.52383887E-11,1.37228788E-08,7.60091652E-08,1,0,4,900,0,0,1,0,0,0,0,0,0,0,0,0,0,0,0,0,Grip,2.22124523E-08,0.00126727042
970,19.4002533,18.4002533,-1.68536928E-07,0.7240226,129.9466,-1.11543175E-09,0.000182436415,2.19530344,2.21444587E-08,-8.937059E-06,-0.31567812,7.925821,7.925767,3.35663985E-09,-1.66038766E-10,2.15011831E-08,8.76023947E-08,1,0,4,900,0,0,1,0,0,0,0,0,0,0,0,0,0,0,0,0,Grip,1.15202212E-08,0.00126723479
971,19.4202538,18.4202538,-1.68489763E-07,0.724026263,129.990372,5.111875E-10,0.000182287462,2.18899274,8.133097E-08,-7.44767E-06,-0.315535069,7.90309238,7.903038,4.971259E-09,-3.95924335E-11,8.06878546E-08,1.30115126E-07,1,0,4,900,0,0,1,0,0,0,0,0,0,0,0,0,0,0,0,0,Grip,1.255253E-07,0.00126721291
972,19.4402542,18.4402542,-1.68438291E-07,0.7240299,130.034027,1.4742714E-10,0.000182123622,2.18268466,-1.81880182E-08,-8.192001E-06,-0.315403938,7.88037348,7.88032055,4.59629446E-09,-6.40598755E-11,-1.88311056E-08,1.20648664E-07,1,0,4,900,0,0,1,0,0,0,0,0,0,0,0,0,0,0,0,0,Grip,2.993188E-08,0.001267237
973,19.4602547,18.4602547,-1.683651E-07,0.724033535,130.07756,4.80054E-10,0.000182049145,2.176379,1.66313434E-08,-3.723835E-06,-0.315284729,7.85766459,7.857611,4.916065E-09,-3.440089E-11,1.59884941E-08,1.29416222E-07,1,0,4,900,0,0,1,0,0,0,0,0,0,0,0,0,0,0,0,0,Grip,4.84292642E-08,0.00126723584
974,19.4802551,18.4802551,-1.68264222E-07,0.7240372,130.120956,1.19318233E-09,0.000181959767,2.17007613,3.56564165E-08,-4.468893E-06,-0.315141678,7.83496428,7.834911,5.617942E-09,-7.849408E-11,3.501362E-08,1.48322783E-07,1,0,4,900,0,0,1,0,0,0,0,0,0,0,0,0,0,0,0,0,Grip,2.600707E-08,0.00126721128
975,19.5002556,18.5002556,-1.6816135E-07,0.7240408,130.16423,1.98215422E-09,0.0001818704,2.16377568,3.94485937E-08,-4.46816557E-06,-0.315022469,7.812274,7.81222057,6.391616E-09,2.229041E-11,3.88063945E-08,1.69240366E-07,1,0,4,900,0,0,1,0,0,0,0,0,0,0,0,0,0,0,0,0,Grip,5.93415237E-08,0.00126723328
976,19.520256,18.520256,-1.680753E-07,0.724044442,130.207382,1.78570381E-09,0.000181795927,2.157478,-9.822521E-09,-3.723835E-06,-0.314879417,7.78959227,7.789539,6.175086E-09,1.40521275E-10,-1.04633768E-08,1.6398424E-07,1,0,4,900,0,0,1,0,0,0,0,0,0,0,0,0,0,0,0,0,Grip,-1.685155E-08,0.001267232
977,19.5402565,18.5402565,-1.68041538E-07,0.7240481,130.250412,1.2815714E-09,0.000181646974,2.151183,-2.520662E-08,-7.44767E-06,-0.3147602,7.766921,7.76686764,5.661393E-09,-7.98982547E-11,-2.584771E-08,1.50782654E-07,1,0,4,900,0,0,1,0,0,0,0,0,0,0,0,0,0,0,0,0,Grip,-1.06234083E-07,0.00126724015
978,19.560257,18.560257,-1.68050519E-07,0.7240517,130.2933,-4.63160121E-10,0.0001815576,2.14489031,-8.723658E-08,-4.468893E-06,-0.314629078,7.7442584,7.744206,3.911857E-09,-1.86788765E-10,-8.78785755E-08,1.04492052E-07,1,0,4,900,0,0,1,0,0,0,0,0,0,0,0,0,0,0,0,0,Grip,6.040308E-08,0.00126722455
979,19.5802574,18.5802574,-1.68083943E-07,0.72405535,130.336075,-1.35023626E-09,0.000181408643,2.13860059,-4.43538077E-08,-7.44767E-06,-0.314486027,7.721605,7.72155237,3.01351655E-09,-3.31946935E-11,-4.4995744E-08,8.073265E-08,1,0,4,900,0,0,1,0,0,0,0,0,0,0,0,0,0,0,0,0,Grip,1.412123E-07,0.00126722082
980,19.6002579,18.6002579,-1.68130569E-07,0.724059,130.378723,-1.893728E-09,0.000181200114,2.13231325,-2.71745915E-08,-1.04264473E-05,-0.314366817,7.69896173,7.69890976,2.45874854E-09,-3.1712348E-11,-2.78165118E-08,6.606453E-08,1,0,4,900,0,0,1,0,0,0,0,0,0,0,0,0,0,0,0,0,Grip,2.50951881E-08,0.00126726436
981,19.6202583,18.6202583,-1.68186489E-07,0.7240626,130.421249,-2.16503215E-09,0.000181080948,2.12602878,-1.3565205E-08,-5.95828169E-06,-0.314223766,7.67632771,7.67627525,2.17378249E-09,2.63441109E-11,-1.42067105E-08,5.85803654E-08,1,0,4,900,0,0,1,0,0,0,0,0,0,0,0,0,0,0,0,0,Grip,2.39745344E-08,0.00126720848
982,19.6402588,18.6402588,-1.6824923E-07,0.724066257,130.463638,-2.39949483E-09,0.0001809618,2.11974669,-1.17231336E-08,-5.957554E-06,-0.314104557,7.653703,7.653651,1.924887E-09,4.59149073E-11,-1.23641559E-08,5.202671E-08,1,0,4,900,0,0,1,0,0,0,0,0,0,0,0,0,0,0,0,0,Grip,-1.9916147E-08,0.00126719975
983,19.66026,18.66026,-1.68313051E-07,0.724069834,130.5059,-2.55949328E-09,0.000180797942,2.11346722,-7.999923E-09,-8.192728E-06,-0.313973427,7.631088,7.63103628,1.75362858E-09,-2.98814341E-11,-8.64090755E-09,4.75386841E-08,1,0,4,900,0,0,1,0,0,0,0,0,0,0,0,0,0,0,0,0,Grip,-3.47116682E-08,0.00126724364
984,19.68026,18.68026,-1.68373489E-07,0.7240734,130.54805,-2.53861931E-09,0.000180678777,2.10719037,1.04369846E-09,-5.95828169E-06,-0.3138423,7.608482,7.60843039,1.75930581E-09,6.175043E-11,4.033374E-10,4.78346465E-08,1,0,4,900,0,0,1,0,0,0,0,0,0,0,0,0,0,0,0,0,Grip,2.25903634E-08,0.00126722292
985,19.70026,18.70026,-1.68389548E-07,0.724077046,130.590073,-2.414287E-09,0.00018066389,2.10091615,6.216616E-09,-7.44330464E-07,-0.313711166,7.585885,7.58583355,1.866891E-09,7.63929753E-11,5.577109E-09,5.091142E-08,1,0,4,900,0,0,1,0,0,0,0,0,0,0,0,0,0,0,0,0,Grip,-4.66833256E-08,0.00126725261
986,19.72026,18.72026,-1.68361851E-07,0.7240807,130.631958,-7.59552365E-10,0.000180589414,2.09464431,8.273673E-08,-3.723835E-06,-0.313591957,7.56329775,7.56324625,3.50492257E-09,7.024002E-11,8.20980546E-08,9.586786E-08,1,0,4,900,0,0,1,0,0,0,0,0,0,0,0,0,0,0,0,0,Grip,-5.77530876E-08,0.001267256
987,19.7402611,18.7402611,-1.68307864E-07,0.724084258,130.673721,2.183718E-10,0.000180500036,2.08837533,4.889621E-08,-4.468893E-06,-0.3134489,7.54071951,7.540668,4.4693E-09,-8.205908E-12,4.82579345E-08,1.22612775E-07,1,0,4,900,0,0,1,0,0,0,0,0,0,0,0,0,0,0,0,0,Grip,-5.31014557E-08,0.001267235
988,19.7602615,18.7602615,-1.68198412E-07,0.7240879,130.715363,8.2481616E-10,0.000180529838,2.08210874,3.032222E-08,1.49011612E-06,-0.3133297,7.518151,7.51809931,5.06140641E-09,-1.24771018E-11,2.96844149E-08,1.392748E-07,1,0,4,900,0,0,1,0,0,0,0,0,0,0,0,0,0,0,0,0,Grip,6.20366647E-09,0.00126722385
989,19.780262,18.780262,-1.68038753E-07,0.72409153,130.756882,2.73153078E-09,0.000180410672,2.075845,9.533573E-08,-5.95828169E-06,-0.313186646,7.495591,7.49554062,6.96228852E-09,-2.23392915E-10,9.46971639E-08,1.92159462E-07,1,0,4,900,0,0,1,0,0,0,0,0,0,0,0,0,0,0,0,0,Grip,9.432688E-09,0.00126718811
990,19.8002625,18.8002625,-1.67875484E-07,0.7240951,130.798279,3.86099E-09,0.000180261719,2.06958365,5.647297E-08,-7.44767E-06,-0.313067436,7.473042,7.472991,8.085829E-09,-2.118947E-10,5.58336062E-08,2.23844381E-07,1,0,4,900,0,0,1,0,0,0,0,0,0,0,0,0,0,0,0,0,Grip,1.68885038E-07,0.0012671618
991,19.8202629,18.8202629,-1.678295E-07,0.7240987,130.839539,3.54717655E-09,0.000180142553,2.063325,-1.56906825E-08,-5.95828169E-06,-0.3129363,7.450501,7.45045042,7.793704E-09,-8.21334167E-10,-1.63350045E-08,2.16411763E-07,1,0,4,900,0,0,1,0,0,0,0,0,0,0,0,0,0,0,0,0,Grip,1.60192386E-07,0.00126718928
992,19.8402634,18.8402634,-1.68104393E-07,0.7241023,130.880676,-8.65046257E-10,0.000180097864,2.05706859,-2.20611128E-07,-2.23444658E-06,-0.3128171,7.42796946,7.427919,3.38754713E-09,-3.20783344E-10,-2.21258063E-07,9.434983E-08,1,0,4,900,0,0,1,0,0,0,0,0,0,0,0,0,0,0,0,0,Grip,6.20928631E-07,0.00126722921
993,19.8602638,18.8602638,-1.68489819E-07,0.724105954,130.921692,-1.13498579E-08,0.000179934024,2.050815,-5.242406E-07,-8.192001E-06,-0.312674046,7.40544653,7.405396,-7.10824333E-09,3.824252E-11,-5.248875E-07,-1.98582143E-07,1,0,4,900,0,0,1,0,0,0,0,0,0,0,0,0,0,0,0,0,Grip,2.42512215E-07,0.00126724469
994,19.8802643,18.8802643,-1.688404E-07,0.72410953,130.962585,-1.09344951E-08,0.000179755283,2.044564,2.07681428E-08,-8.937059E-06,-0.312554836,7.382934,7.38288355,-6.70919942E-09,1.54240037E-10,2.01219912E-08,-1.88007149E-07,1,0,4,900,0,0,1,0,0,0,0,0,0,0,0,0,0,0,0,0,Grip,-2.89113444E-08,0.0012672306
995,19.9002647,18.9002647,-1.69106571E-07,0.7241131,131.003357,-9.841677E-09,0.000179636118,2.03831553,5.4640914E-08,-5.95828169E-06,-0.3124237,7.36043024,7.36038065,-5.63418467E-09,1.57386312E-10,5.39957874E-08,-1.58366745E-07,1,0,4,900,0,0,1,0,0,0,0,0,0,0,0,0,0,0,0,0,Grip,-1.16605463E-07,0.001267271
996,19.9202652,18.9202652,-1.69288569E-07,0.724116743,131.043991,-7.10743953E-09,0.00017960633,2.03206968,1.36711861E-07,-1.48938852E-06,-0.312292576,7.337936,7.337886,-2.91315372E-09,2.91974847E-11,1.36067058E-07,-8.21351449E-08,1,0,4,900,0,0,1,0,0,0,0,0,0,0,0,0,0,0,0,0,Grip,-1.18984048E-07,0.00126724434
997,19.9402657,18.9402657,-1.6936751E-07,0.7241203,131.0845,-5.1290554E-09,0.000179427589,2.02582645,9.891921E-08,-8.937059E-06,-0.312161446,7.31545067,7.315401,-9.502559E-10,5.12460768E-11,9.827507E-08,-2.68746323E-08,1,0,4,900,0,0,1,0,0,0,0,0,0,0,0,0,0,0,0,0,Grip,-2.20732979E-08,0.00126723014
998,19.9602661,18.9602661,-1.693521E-07,0.7241239,131.1249,-2.02409112E-09,0.000179308423,2.01958561,1.55248216E-07,-5.95828169E-06,-0.312042236,7.292975,7.29292536,2.142246E-09,-4.05468575E-11,1.54604265E-07,6.07730755E-08,1,0,4,900,0,0,1,0,0,0,0,0,0,0,0,0,0,0,0,0,Grip,-3.87420336E-08,0.00126726832
999,19.9802666,18.9802666,-1.69286025E-07,0.7241275,131.165161,2.289889E-10,0.000179189257,2.01334739,1.12654E-07,-5.95828169E-06,-0.3119111,7.270508,7.270458,4.38510162E-09,-9.906165E-11,1.120099E-07,1.24785743E-07,1,0,4,900,0,0,1,0,0,0,0,0,0,0,0,0,0,0,0,0,Grip,3.06534247E-08,0.00126728148
1000,20.000267,19.000267,-1.691606E-07,0.724131048,131.2053,1.18144994E-09,0.00017915947,2.00711179,4.762305E-08,-1.48938852E-06,-0.311779976,7.24805,7.24800062,5.32429167E-09,-4.53216145E-11,4.69792738E-08,1.51982732E-07,1,0,4,900,0,0,1,0,0,0,0,0,0,0,0,0,0,0,0,0,Grip,7.48906E-08,0.00126726716
1001,20.0202675,19.0202675,-1.68954756E-07,0.7241346,131.245331,3.11340353E-09,0.0001790552,2.00087881,9.659769E-08,-5.21322363E-06,-0.311648846,7.225602,7.22555351,7.2459283E-09,-1.41550591E-10,9.595377E-08,2.0748044E-07,1,0,4,900,0,0,1,0,0,0,0,0,0,0,0,0,0,0,0,0,Grip,3.42631381E-08,0.0012672653
1002,20.0402679,19.0402679,-1.68658786E-07,0.7241382,131.285217,5.42259748E-09,0.000178980728,1.99464834,1.154597E-07,-3.723835E-06,-0.311523676,7.20316362,7.20311451,9.541022E-09,-7.09030959E-11,1.14816217E-07,2.74051644E-07,0,0,4,900,0,0,1,0,0,0,0,0,0,0,0,0,0,0,0,0,Grip,1.07012241E-07,0.001267276
1003,20.0602684,19.0602684,-1.68332718E-07,0.7241418,131.324982,7.964761E-09,0.000178816888,1.98842049,1.271082E-07,-8.192001E-06,-0.311392546,7.18073368,7.180685,1.20735528E-08,-1.71546749E-10,1.26464471E-07,3.478809E-07,0,0,4,900,0,0,1,0,0,0,0,0,0,0,0,0,0,0,0,0,Grip,0,0.00126723992
1004,20.0802689,19.0802689,-1.6814856E-07,0.724145353,131.364624,8.014236E-09,0.000178727511,1.98219514,2.47375453E-09,-4.468893E-06,-0.311267376,7.15831375,7.15826464,1.21208252E-08,-2.81860146E-10,1.82860616E-09,3.50339775E-07,0,0,4,900,0,0,1,0,0,0,0,0,0,0,0,0,0,0,0,0,Grip,0,0.00126725691
1005,20.10027,19.10027,-1.680173E-07,0.7241489,131.404144,2.405171E-09,0.000178623246,1.97597241,-2.80453264E-07,-5.21322363E-06,-0.311136246,7.1359024,7.135854,6.50504273E-09,-2.013492E-10,-2.81099119E-07,1.88613555E-07,0,0,4,900,0,0,1,0,0,0,0,0,0,0,0,0,0,0,0,0,Grip,0,0.00126726774
1006,20.12027,19.12027,-1.68013173E-07,0.7241525,131.443542,3.11074189E-09,0.000178578557,1.96975231,3.52785463E-08,-2.23444658E-06,-0.311005116,7.1135006,7.113452,7.21565829E-09,-4.2404405E-10,3.46301334E-08,2.09878451E-07,0,0,4,900,0,0,1,0,0,0,0,0,0,0,0,0,0,0,0,0,Grip,0,0.00126725039
1007,20.14027,19.14027,-1.68411191E-07,0.7241561,131.482819,-2.3164104E-09,0.00017850408,1.96353471,-2.713576E-07,-3.723835E-06,-0.310879946,7.09110832,7.09105968,1.81038584E-09,-6.96079472E-10,-2.72011249E-07,5.282458E-08,0,0,4,900,0,0,1,0,0,0,0,0,0,0,0,0,0,0,0,0,Grip,0,0.00126728683
1008,20.16027,19.16027,-1.68981984E-07,0.724159658,131.521957,-1.5800067E-08,0.000178399816,1.95731974,-6.74182843E-07,-5.21322363E-06,-0.310748816,7.06872463,7.068677,-1.16895693E-08,2.20671467E-10,-6.748357E-07,-3.421686E-07,0,0,4,900,0,0,1,0,0,0,0,0,0,0,0,0,0,0,0,0,Grip,0,0.00126723456
1009,20.1802711,19.1802711,-1.69534758E-07,0.724163234,131.560974,-1.60455791E-08,0.000178295551,1.95110726,-1.22756028E-08,-5.21322363E-06,-0.310623646,7.046351,7.046303,-1.19520882E-08,2.27075E-10,-1.29275213E-08,-3.50966729E-07,0,0,4,900,0,0,1,0,0,0,0,0,0,0,0,0,0,0,0,0,Grip,0,0.00126719486
1010,20.2002716,19.2002716,-1.69986876E-07,0.7241668,131.599869,-1.53268882E-08,0.000178176386,1.94489741,3.59345442E-08,-5.95828169E-06,-0.310492516,7.023986,7.0239377,-1.1249691E-08,1.62743458E-10,3.52834348E-08,-3.313959E-07,0,0,4,900,0,0,1,0,0,0,0,0,0,0,0,0,0,0,0,0,Grip,0,0.00126718986
1011,20.2202721,19.2202721,-1.703112E-07,0.7241703,131.638641,-1.174826E-08,0.000177952956,1.93869019,1.789314E-07,-1.11715053E-05,-0.3103614,7.00163031,7.001583,-7.688076E-09,1.51537144E-10,1.78281212E-07,-2.27202165E-07,0,0,4,900,0,0,1,0,0,0,0,0,0,0,0,0,0,0,0,0,Grip,0,0.00126719789
1012,20.2402725,19.2402725,-1.70475573E-07,0.7241739,131.677292,-8.498001E-09,0.000177923168,1.93248534,1.62512947E-07,-1.48938852E-06,-0.310242176,6.97928429,6.979237,-4.46132E-09,2.68611966E-10,1.61864691E-07,-1.32266635E-07,0,0,4,900,0,0,1,0,0,0,0,0,0,0,0,0,0,0,0,0,Grip,0,0.00126726087
1013,20.260273,19.260273,-1.70511385E-07,0.7241775,131.71582,-3.72853526E-09,0.0001778189,1.92628312,2.38473319E-07,-5.21322363E-06,-0.310111046,6.956947,6.95689964,2.890106E-10,1.39213807E-10,2.37826328E-07,8.596006E-09,0,0,4,900,0,0,1,0,0,0,0,0,0,0,0,0,0,0,0,0,Grip,0,0.0012672561
1014,20.2802734,19.2802734,-1.70457355E-07,0.724181,131.754227,-9.912818E-10,0.00017772954,1.9200834,1.36862681E-07,-4.46816557E-06,-0.309985876,6.934619,6.93457174,3.0135916E-09,-4.687803E-11,1.362159E-07,8.992228E-08,0,0,4,900,0,0,1,0,0,0,0,0,0,0,0,0,0,0,0,0,Grip,0,0.00126726425
1015,20.3002739,19.3002739,-1.7032076E-07,0.7241845,131.792511,1.24783328E-09,0.000177744427,1.91388619,1.11955757E-07,7.44330464E-07,-0.3098607,6.9123,6.912253,5.23930455E-09,-4.82465873E-11,1.11309312E-07,1.568413E-07,0,0,4,900,0,0,1,0,0,0,0,0,0,0,0,0,0,0,0,0,Grip,0,0.001267266
1016,20.3202744,19.3202744,-1.70097408E-07,0.7241881,131.830658,3.48065821E-09,0.00017766995,1.9076916,1.11641256E-07,-3.723835E-06,-0.309729576,6.88999033,6.889943,7.461555E-09,-1.44903173E-10,1.10994691E-07,2.240908E-07,0,0,4,900,0,0,1,0,0,0,0,0,0,0,0,0,0,0,0,0,Grip,0,0.001267261
1017,20.3402748,19.3402748,-1.69815877E-07,0.724191666,131.868683,5.9037113E-09,0.000177640162,1.90149951,1.21152652E-07,-1.48938852E-06,-0.3096044,6.86768961,6.867643,9.87401449E-09,-1.4997617E-10,1.20505959E-07,2.97509132E-07,0,0,4,900,0,0,1,0,0,0,0,0,0,0,0,0,0,0,0,0,Grip,0,0.00126726925
1018,20.3602753,19.3602753,-1.69465864E-07,0.7241952,131.906586,7.0785493E-09,0.000177550784,1.89531,5.87419E-08,-4.468893E-06,-0.309473276,6.845398,6.845351,1.10375176E-08,-1.550945E-10,5.80951962E-08,3.33652082E-07,0,0,4,900,0,0,1,0,0,0,0,0,0,0,0,0,0,0,0,0,Grip,0,0.00126727088
1019,20.3802757,19.3802757,-1.6902311E-07,0.7241987,131.944366,9.356211E-09,0.00017744652,1.88912308,1.13883083E-07,-5.21322363E-06,-0.3093481,6.823116,6.823069,1.33024054E-08,-1.42796525E-10,1.13236595E-07,4.03434029E-07,0,0,4,900,0,0,1,0,0,0,0,0,0,0,0,0,0,0,0,0,Grip,0,0.0012672859
1020,20.4002762,19.4002762,-1.68640838E-07,0.7242023,131.982025,1.20617552E-08,0.000177461421,1.88293862,1.35277219E-07,7.4505806E-07,-0.309222937,6.800843,6.80079651,1.60113558E-08,-5.099413E-10,1.346283E-07,4.871857E-07,0,0,4,900,0,0,1,0,0,0,0,0,0,0,0,0,0,0,0,0,Grip,0,0.00126725144
1021,20.4202766,19.4202766,-1.68507583E-07,0.724205852,132.019562,8.202246E-09,0.000177342255,1.87675679,-1.92975463E-07,-5.95828169E-06,-0.3090918,6.77857876,6.77853251,1.215173E-08,-3.25624472E-10,-1.93626221E-07,3.709647E-07,0,0,4,900,0,0,1,0,0,0,0,0,0,0,0,0,0,0,0,0,Grip,0,0.001267253
1022,20.4402771,19.4402771,-1.686687E-07,0.724209368,132.056976,1.00291164E-10,0.000177163514,1.87057757,-4.05097751E-07,-8.937059E-06,-0.308960676,6.75632429,6.756278,4.06565E-09,-6.83045231E-10,-4.05752985E-07,1.2452503E-07,0,0,4,900,0,0,1,0,0,0,0,0,0,0,0,0,0,0,0,0,Grip,0,0.00126722478
1023,20.4602776,19.4602776,-1.69243165E-07,0.7242129,132.094269,-7.665678E-09,0.000177089038,1.86440074,-3.88298474E-07,-3.723835E-06,-0.308841467,6.734079,6.734033,-3.672037E-09,-8.805734E-10,-3.88960274E-07,-1.12841818E-07,0,0,4,900,0,0,1,0,0,0,0,0,0,0,0,0,0,0,0,0,Grip,0,0.0012672533
1024,20.480278,19.480278,-1.69946233E-07,0.724216461,132.131439,-2.064411E-08,0.000177044349,1.85822654,-6.489216E-07,-2.23444658E-06,-0.308710337,6.71184254,6.71179676,-1.66626748E-08,1.29964386E-10,-6.495833E-07,-5.137458E-07,0,0,4,900,0,0,1,0,0,0,0,0,0,0,0,0,0,0,0,0,Grip,0,0.00126721128
1025,20.5002785,19.5002785,-1.70558422E-07,0.724220037,132.168488,-1.89059932E-08,0.00017689541,1.85205483,8.69058638E-08,-7.44694262E-06,-0.308585167,6.68961525,6.68956947,-1.49436854E-08,2.8629632E-10,8.62454641E-08,-4.62280951E-07,0,0,4,900,0,0,1,0,0,0,0,0,0,0,0,0,0,0,0,0,Grip,0,0.00126722618
1026,20.5202789,19.5202789,-1.71126786E-07,0.724223554,132.2054,-1.62386549E-08,0.000176716654,1.84588587,1.33366925E-07,-8.937786E-06,-0.308448076,6.667397,6.66735172,-1.22933574E-08,2.35386821E-10,1.3270747E-07,-3.815643E-07,0,0,4,900,0,0,1,0,0,0,0,0,0,0,0,0,0,0,0,0,Grip,0,0.00126719067
1027,20.54028,19.54028,-1.71629367E-07,0.7242271,132.242188,-1.60450515E-08,0.000176508125,1.83971918,9.680168E-09,-1.04264473E-05,-0.308334827,6.645189,6.64514351,-1.21201857E-08,2.95531016E-10,9.022193E-09,-3.77450249E-07,0,0,4,900,0,0,1,0,0,0,0,0,0,0,0,0,0,0,0,0,Grip,0,0.001267233
1028,20.56028,19.56028,-1.72049937E-07,0.7242306,132.278854,-1.3518199E-08,0.000176418762,1.8335551,1.26342627E-07,-4.46816557E-06,-0.3082037,6.6229887,6.6229434,-9.61167146E-09,2.22905291E-10,1.25685816E-07,-3.00335643E-07,0,0,4,900,0,0,1,0,0,0,0,0,0,0,0,0,0,0,0,0,Grip,0,0.00126722758
1029,20.58028,19.58028,-1.72400647E-07,0.7242341,132.3154,-1.16187673E-08,0.000176344285,1.82739353,9.497159E-08,-3.723835E-06,-0.308078527,6.600798,6.60075331,-7.731231E-09,2.24502278E-10,9.431604E-08,-2.42392048E-07,0,0,4,900,0,0,1,0,0,0,0,0,0,0,0,0,0,0,0,0,Grip,0,0.00126723573
1030,20.60028,19.60028,-1.727144E-07,0.7242376,132.351822,-9.846919E-09,0.000176240021,1.82123446,8.859242E-08,-5.21322363E-06,-0.307953358,6.57861662,6.57857132,-5.975611E-09,1.4914861E-10,8.793768E-08,-1.87982849E-07,0,0,4,900,0,0,1,0,0,0,0,0,0,0,0,0,0,0,0,0,Grip,0,0.001267237
1031,20.6202812,19.6202812,-1.72984642E-07,0.724241138,132.388123,-9.377589E-09,0.000176210218,1.815078,2.34664732E-08,-1.49011612E-06,-0.307822227,6.55644369,6.556399,-5.5252003E-09,2.05407066E-10,2.28130066E-08,-1.74403183E-07,0,0,4,900,0,0,1,0,0,0,0,0,0,0,0,0,0,0,0,0,Grip,0,0.0012672313
1032,20.6402817,19.6402817,-1.73218737E-07,0.7242447,132.4243,-7.862524E-09,0.000176135742,1.80892408,7.575327E-08,-3.723835E-06,-0.307697058,6.534281,6.534236,-4.02765865E-09,1.64964861E-10,7.51008358E-08,-1.275657E-07,0,0,4,900,0,0,1,0,0,0,0,0,0,0,0,0,0,0,0,0,Grip,0,0.00126723957
1033,20.6602821,19.6602821,-1.73432E-07,0.7242482,132.460358,-7.259366E-09,0.0001759719,1.80277252,3.01579E-08,-8.192001E-06,-0.307577848,6.51212645,6.512082,-3.43863515E-09,6.721657E-11,2.95059088E-08,-1.09281508E-07,0,0,4,900,0,0,1,0,0,0,0,0,0,0,0,0,0,0,0,0,Grip,0,0.00126724085
1034,20.6802826,19.6802826,-1.73626233E-07,0.724251747,132.496292,-6.76969769E-09,0.000175942114,1.79662359,2.44834162E-08,-1.48938852E-06,-0.307446718,6.4899807,6.48993635,-2.9650975E-09,1.18096866E-10,2.383224E-08,-9.455474E-08,0,0,4,900,0,0,1,0,0,0,0,0,0,0,0,0,0,0,0,0,Grip,0,0.00126721407
1035,20.7002831,19.7002831,-1.738001E-07,0.7242552,132.5321,-6.276938E-09,0.000175822948,1.79047716,2.463798E-08,-5.95828169E-06,-0.307321548,6.467845,6.46780062,-2.49110954E-09,1.86847343E-10,2.39880613E-08,-7.971231E-08,0,0,4,900,0,0,1,0,0,0,0,0,0,0,0,0,0,0,0,0,Grip,0,0.0012672462
1036,20.7202835,19.7202835,-1.739486E-07,0.7242588,132.5678,-5.72112668E-09,0.00017579316,1.78433323,2.779057E-08,-1.48938852E-06,-0.307196379,6.445718,6.44567347,-1.94871452E-09,3.03700849E-11,2.714099E-08,-6.257106E-08,0,0,4,900,0,0,1,0,0,0,0,0,0,0,0,0,0,0,0,0,Grip,0,0.00126722618
1037,20.740284,19.740284,-1.74068276E-07,0.724262238,132.603363,-4.996152E-09,0.000175614419,1.7781918,3.624874E-08,-8.937059E-06,-0.3070712,6.42359924,6.42355537,-1.23715349E-09,2.27853673E-11,3.5599502E-08,-3.98608151E-08,0,0,4,900,0,0,1,0,0,0,0,0,0,0,0,0,0,0,0,0,Grip,0,0.00126724434
1038,20.7602844,19.7602844,-1.74187733E-07,0.7242658,132.638809,-4.211205E-09,0.000175510155,1.772053,3.924734E-08,-5.21322363E-06,-0.306940079,6.40149,6.40144634,-4.62307526E-10,-6.203305E-11,3.85978822E-08,-1.49470463E-08,0,0,4,900,0,0,1,0,0,0,0,0,0,0,0,0,0,0,0,0,Grip,0,0.00126721
1039,20.7802849,19.7802849,-1.74327582E-07,0.7242693,132.674133,-4.688594E-09,0.000175301611,1.76591671,-2.386944E-08,-1.04271749E-05,-0.3068149,6.37939072,6.379347,-9.544081E-10,7.397728E-11,-2.45183269E-08,-3.096456E-08,0,0,4,900,0,0,1,0,0,0,0,0,0,0,0,0,0,0,0,0,Grip,0,0.00126723526
1040,20.8002853,19.8002853,-1.74484171E-07,0.724272847,132.709335,-5.278908E-09,0.000175271824,1.75978279,-2.95157019E-08,-1.48938852E-06,-0.3066957,6.3573,6.35725641,-1.5633439E-09,1.881303E-10,-3.016335E-08,-5.089749E-08,0,0,4,900,0,0,1,0,0,0,0,0,0,0,0,0,0,0,0,0,Grip,0,0.00126729952
1041,20.8202858,19.8202858,-1.74621817E-07,0.7242763,132.744415,-5.64577629E-09,0.000175093082,1.75365138,-1.83434157E-08,-8.937059E-06,-0.30657053,6.335218,6.33517456,-1.94683825E-09,1.18278554E-10,-1.89901517E-08,-6.360444E-08,0,0,4,900,0,0,1,0,0,0,0,0,0,0,0,0,0,0,0,0,Grip,0,0.00126724329
1042,20.8402863,19.8402863,-1.747133E-07,0.7242798,132.779373,-4.61890348E-09,0.0001750186,1.74752259,5.134364E-08,-3.723835E-06,-0.3064394,6.31314468,6.31310129,-9.398213E-10,1.976051E-10,5.06983966E-08,-3.08122381E-08,0,0,4,900,0,0,1,0,0,0,0,0,0,0,0,0,0,0,0,0,Grip,0,0.0012672256
1043,20.8602867,19.8602867,-1.74782443E-07,0.724283338,132.8142,-3.25559824E-09,0.000174839864,1.74139619,6.81652637E-08,-8.937059E-06,-0.3063202,6.291081,6.291038,4.06930933E-10,1.07029045E-10,6.75209151E-08,1.338825E-08,0,0,4,900,0,0,1,0,0,0,0,0,0,0,0,0,0,0,0,0,Grip,0,0.00126726856
1044,20.8802872,19.8802872,-1.748475E-07,0.7242868,132.848892,-3.13350523E-09,0.000174690911,1.73527229,6.10465E-09,-7.44767E-06,-0.306195021,6.26902628,6.26898336,5.18962651E-10,-7.992242E-11,5.4600644E-09,1.71344077E-08,0,0,4,900,0,0,1,0,0,0,0,0,0,0,0,0,0,0,0,0,Grip,0,0.00126728287
1045,20.9002876,19.9002876,-1.74912188E-07,0.724290252,132.883469,-3.03613357E-09,0.000174661123,1.72915113,4.86858331E-09,-1.48938852E-06,-0.30605793,6.24698,6.24693727,6.049701E-10,-4.18084838E-11,4.22401758E-09,2.00447854E-08,0,0,4,900,0,0,1,0,0,0,0,0,0,0,0,0,0,0,0,0,Grip,0,0.00126719649
1046,20.9202881,19.9202881,-1.74977188E-07,0.724293768,132.917923,-3.07433123E-09,0.000174586647,1.72303247,-1.90988336E-09,-3.723835E-06,-0.30593276,6.224944,6.224901,5.560419E-10,-6.059366E-11,-2.55456811E-09,1.84890432E-08,0,0,4,900,0,0,1,0,0,0,0,0,0,0,0,0,0,0,0,0,Grip,0,0.00126719289
1047,20.9402885,19.9402885,-1.750374E-07,0.7242973,132.952255,-3.060118E-09,0.000174556859,1.71691632,7.1066486E-10,-1.48938852E-06,-0.3058076,6.20291662,6.202874,5.59509772E-10,-6.29159849E-11,6.586221E-11,1.86706259E-08,0,0,4,900,0,0,1,0,0,0,0,0,0,0,0,0,0,0,0,0,Grip,0,0.001267229
1048,20.960289,19.960289,-1.75088431E-07,0.724300742,132.986465,-2.85414736E-09,0.0001744526,1.71080267,1.02985291E-08,-5.21322363E-06,-0.305682421,6.18089867,6.180856,7.53446638E-10,-2.8334439E-11,9.653837E-09,2.52320635E-08,0,0,4,900,0,0,1,0,0,0,0,0,0,0,0,0,0,0,0,0,Grip,0,0.00126721081
1049,20.98029,19.98029,-1.75125535E-07,0.7243042,133.020554,-2.57395283E-09,0.000174378118,1.70469153,1.40097267E-08,-3.723835E-06,-0.305557251,6.15888929,6.158847,1.02350506E-09,-8.849987E-11,1.33648035E-08,3.43988837E-08,0,0,4,900,0,0,1,0,0,0,0,0,0,0,0,0,0,0,0,0,Grip,0,0.00126723235
1050,21.00029,20.00029,-1.75145345E-07,0.7243077,133.05452,-2.13578843E-09,0.000174393,1.69858289,2.1908221E-08,7.44330464E-07,-0.305432081,6.13688946,6.1368475,1.45087964E-09,-7.43333242E-11,2.12631814E-08,4.8937828E-08,0,0,4,900,0,0,1,0,0,0,0,0,0,0,0,0,0,0,0,0,Grip,0,0.001267199
