tick,time,measurement_time,pos_x,pos_y,pos_z,vel_x,vel_y,vel_z,accel_x,accel_y,accel_z,speed_kph,forward_speed_kph,lateral_speed_mps,yaw_rate_rad_s,lateral_accel_mps2,slip_angle_deg,slip_angle_valid,airborne,grounded_wheels,engine_rpm,engine_torque,drivetrain_torque,gear,shifting,nitrous_active,nitrous_seconds,raw_steering,raw_throttle,raw_brake,raw_handbrake,raw_nitrous,final_steering,final_throttle,final_brake,final_handbrake,final_nitrous,handling,assist_yaw_torque,average_longitudinal_slip
52,1.0399996,0.0399996042,-0.000796806242,0.7253231,0.002812881,-0.06275558,-0.000131777837,-0.0010763983,-6.20022869,-0.002264815,-0.0123806065,0.2205168,-0.002923077,-0.06275654,-0.06242658,-6.20023775,-88.98255,0,0,4,6818.18164,-9.607271,-10.7560234,1,1,0,0,0,1,0,0,0,0,0.13,0.78,0,0,Grip,0,0.0386996232
53,1.05999959,0.0599995852,-0.000162517463,0.7253201,0.00278550759,0.04194166,-0.000155654852,-0.00143399544,5.23486233,-0.00119385077,-0.0178798568,0.225953788,-0.00365233,0.0419421867,0.0673958957,5.23486853,87.92724,0,0,4,6436.36328,27.5435524,30.8369675,1,1,0,0,0,1,0,0,0,0,0.26,0.559999943,0,0,Grip,0,0.04830727
54,1.07999957,0.0799995661,-0.0005756194,0.725316048,0.002819553,-0.0284848921,-0.000182257674,0.00184165128,-3.52132773,-0.00133014109,0.163782343,0.151079237,-0.005104737,-0.028482344,-0.08596001,-3.52110362,-86.02199,0,0,4,6054.545,71.15302,79.66087,1,1,0,0,0,1,0,0,0,0,0.39,0.339999944,0,0,Grip,0,0.0511993
55,1.09999955,0.09999955,-0.0004729088,0.725311,0.00296902657,0.01004764,-0.0001884094,0.007968219,1.92662668,-0.000307586015,0.3063284,0.102761805,0.00677051349,0.0100454474,0.08139844,1.92654121,51.2178764,0,0,4,5672.72656,122.515717,137.16507,1,1,0,0,0,1,0,0,0,0,0.52,0.119999945,0,0,Grip,0,0.0249506738
56,1.11999953,0.119999528,-0.000610795571,0.7253048,0.00328495353,-0.0107532451,-0.000177952956,0.016692955,-1.04004431,0.000522821967,0.4362368,0.0461703427,0.0286977217,-0.0107331555,-0.0739927739,-1.03951955,-32.563797,0,0,4,5290.908,182.299744,204.097534,1,1,0,0,0,1,0,0,0,0,0.65,0,0,0,Grip,0,0.0045939316
57,1.13999951,0.139999509,-0.000507529359,0.7252978,0.00382508337,0.009557895,-0.000150247884,0.0284011234,1.015557,0.00138525362,0.585408449,0.07148685,0.0601428747,0.009553121,0.06850656,1.01545835,18.5291538,0,0,4,4909.09,250.326279,280.2581,1,1,0,0,0,1,0,0,0,0,0.78,0,0,0,Grip,0,0.006056008
58,1.15999949,0.15999949,-0.000731869,0.725277543,0.005948141,-0.0153707732,-0.00010852643,0.11244908,-1.2464335,0.00208607269,4.202398,0.107879914,0.102251031,-0.0152580179,-0.0585664734,-1.24222,-7.719358,0,0,4,5290.908,266.9287,2490.38086,1,0,0,0,0,1,0,0,0,0,0.909999967,0,0,0,Grip,0,0.6123768
59,1.17999947,0.179999471,-0.0005995131,0.725261569,0.008479573,0.0105241872,9.163527E-05,0.132718921,1.29474807,0.0100080855,1.01349211,0.408581227,0.404871464,0.0105346823,0.0461798571,1.2948283,4.535034,0,0,4,4909.09,328.4696,3064.54248,1,0,0,0,0,1,0,0,0,0,1,0,0,0,Grip,0,0.005728726
60,1.19999945,0.199999452,-0.000711312,0.725237846,0.0126369409,-0.00771945436,0.000253724837,0.217809841,-0.912182033,0.008104478,4.254546,0.479288042,0.4777829,-0.00754817249,-0.03537024,-0.9088356,-1.98382652,0,0,4,4527.27148,359.918121,3357.94971,1,0,0,0,0,1,0,0,0,0,1,0,0,0,Grip,0,1.71238136
61,1.21999943,0.219999433,-0.0007283886,0.7252182,0.0178025067,0.000483214273,0.000538580643,0.268749774,0.410133421,0.0142427906,2.54699659,0.784608245,0.78413403,0.0005730009,0.0226120744,0.410984784,0.122115076,0,0,4,4145.453,385.678558,3598.28833,1,0,0,0,0,1,0,0,0,0,1,0,0,0,Grip,0,0.006529586
62,1.23999941,0.239999413,-0.0006792023,0.7251967,0.0246709213,0.00290907361,0.000819846755,0.356317937,0.121292964,0.0140633062,4.37840843,0.9675027,0.9674954,0.00312524918,-0.0136210425,0.123949528,0.5023881,0,0,4,3763.635,384.754852,3589.67041,1,0,0,0,0,1,0,0,0,0,1,0,0,0,Grip,0,1.93438447
63,1.25999939,0.2599994,-0.000799677859,0.7251842,0.03266387,-0.0065695066,0.00119879551,0.412067473,-0.473929018,0.0189474374,2.78747678,1.28279066,1.28273642,-0.006380851,0.007434716,-0.472652167,-0.886930048,0,0,4,3381.817,368.410767,3437.184,1,0,0,0,0,1,0,0,0,0,1,0,0,0,Grip,0,0.006051829
64,1.27999938,0.279999375,-0.000708625943,0.725173652,0.0424891561,0.00580100669,0.0015513649,0.5053313,0.6185257,0.01762847,4.66319036,1.48363769,1.4834547,0.00607796572,-0.00450272067,0.6210812,0.688968539,0,0,4,2999.99878,339.309753,3165.67847,1,0,0,0,0,1,0,0,0,0,1,0,0,0,Grip,0,1.043258
65,1.29999936,0.299999356,-0.0008130705,0.72518146,0.05296718,-0.005895759,0.00200572819,0.5348319,-0.5848383,0.0227181651,1.47503018,1.819321,1.81918585,-0.00563369133,0.00289862743,-0.5841152,-0.6033881,0,0,4,2618.18066,303.891571,2835.23535,1,0,0,0,0,1,0,0,0,0,1,0,0,0,Grip,0,0.00487984065
66,1.31999934,0.319999337,-0.0007599382,0.7251911,0.065277,0.00352249434,0.00230260449,0.627667964,0.470912665,0.014843815,4.641804,1.92552519,1.92541444,0.00385262864,-0.00179396791,0.4733537,0.351620257,0,0,4,2236.36255,267.8997,2499.4397,1,0,0,0,0,1,0,0,0,0,1,0,0,0,Grip,0,0.04339785
67,1.33999932,0.339999318,-0.000817960652,0.725209355,0.0791895762,-0.00321186986,0.00270869234,0.70762223,-0.336718231,0.020304393,3.99771333,2.25965548,2.25961113,-0.00285555632,0.00112078839,-0.334705174,-0.231176749,0,0,4,1854.54443,236.016769,2201.97974,1,0,0,0,0,1,0,0,0,0,1,0,0,0,Grip,0,0.03769908
68,1.3599993,0.3599993,-0.0008062185,0.725239336,0.09454283,0.0009666999,0.00314676017,0.778612256,0.208928481,0.0219033919,3.54950142,2.54748487,2.54746366,0.00136904616,-0.0006599368,0.210762322,0.100730278,0,0,4,1472.72632,211.870392,1976.69983,1,0,0,0,0,1,0,0,0,0,1,0,0,0,Grip,0,0.03361462
69,1.37999928,0.37999928,-0.0008325683,0.7252817,0.11124377,-0.001364074,0.00356297661,0.8445569,-0.1165387,0.020810822,3.29723358,2.803029,2.80302453,-0.000933419855,0.000341736537,-0.114857644,-0.06331622,0,0,4,1090.9082,198.396545,1850.99219,1,0,0,0,0,1,0,0,0,0,1,0,0,0,Grip,0,0.031420745
70,1.39999926,0.399999261,-0.000839294633,0.725335836,0.129277527,-0.000203818825,0.00392618123,0.9097656,0.05801276,0.0181602314,3.26043367,3.040436,3.040434,0.000263069931,-0.000164016252,0.0596856028,0.0165658072,0,0,4,900,196.560013,1833.85767,1,0,0,0,0,1,0,0,0,0,1,0,0,0,Grip,0,0.03116377
71,1.41999924,0.419999242,-0.000854497252,0.7253999,0.148640275,-0.000739636656,0.00422891136,0.974865139,-0.02679089,0.0151365064,3.254977,3.27518678,3.275186,-0.000240598863,6.46121E-05,-0.0251250658,-0.0141391438,0,0,4,900,196.560013,1833.85767,1,0,0,0,0,1,0,0,0,0,1,0,0,0,Grip,0,0.031225875
72,1.43999922,0.439999223,-0.0008660495,0.72547245,0.16932787,-0.000537709857,0.004469305,1.03986168,0.01009634,0.0120196724,3.24982715,3.50954843,3.50954676,-4.83979238E-06,-2.714326E-05,0.0117612453,-0.000266641844,0,0,4,900,196.560013,1833.85767,1,0,0,0,0,1,0,0,0,0,1,0,0,0,Grip,0,0.0313022919
73,1.4599992,0.4599992,-0.000878828,0.7255521,0.191335455,-0.0006279726,0.00464712363,1.10473228,-0.004513137,0.008890941,3.2435298,3.74353719,3.743534,-6.199913E-05,6.08978826E-06,-0.002851866,-0.00321520376,0,0,4,900,196.560013,1833.85767,1,0,0,0,0,1,0,0,0,0,1,0,0,0,Grip,0,0.0313880369
74,1.47999918,0.479999185,-0.0008912635,0.7256371,0.214658782,-0.000619689643,0.00476288935,1.16951263,0.0004141475,0.005788286,3.23901772,3.97707176,3.977067,-2.043799E-05,-4.09472068E-06,0.00207336736,-0.00100118865,0,0,4,900,196.560013,1833.85767,1,0,0,0,0,1,0,0,0,0,1,0,0,0,Grip,0,0.0314793065
75,1.49999917,0.499999166,-0.0009039571,0.725725949,0.239293978,-0.0006447953,0.004819268,1.23422706,-0.00125528313,0.00281892717,3.23572159,4.210281,4.210273,-1.23673235E-05,-9.04034664E-07,0.0004023175,-0.000574071251,0,0,4,900,196.560013,1833.85767,1,0,0,0,0,1,0,0,0,0,1,0,0,0,Grip,0,0.03157208
76,1.51999915,0.519999146,-0.000916855759,0.725817144,0.265237421,-0.000663733168,0.00482029561,1.29888511,-0.0009468931,5.13857231E-05,3.23290229,4.44325161,4.44324064,1.85589306E-06,-1.32900107E-06,0.00070937007,8.185962E-05,0,0,4,900,196.560013,1833.85767,1,0,0,0,0,1,0,0,0,0,1,0,0,0,Grip,0,0.0316632837
77,1.53999913,0.5399991,-0.0009300701,0.7259093,0.292485833,-0.0006867018,0.00477123074,1.363495,-0.00114843133,-0.00245324336,3.23049426,4.67601871,4.676004,1.20181357E-05,-9.568849E-07,0.000506690354,0.000504979049,0,0,4,900,196.560013,1833.85767,1,0,0,0,0,1,0,0,0,0,1,0,0,0,Grip,0,0.0317505226
78,1.55999911,0.5599991,-0.000943666266,0.726001143,0.32103616,-0.0007112037,0.00467831455,1.42806423,-0.00122509664,-0.00464580953,3.22846174,4.90861225,4.908593,2.06238474E-05,-7.302633E-07,0.000429068285,0.0008273968,0,0,4,900,196.560013,1833.85767,1,0,0,0,0,1,0,0,0,0,1,0,0,0,Grip,0,0.0318321362
79,1.57999909,0.5799991,-0.0009577106,0.726091743,0.350885659,-0.000737537455,0.004548458,1.49259865,-0.00131668639,-0.00649283174,3.22672129,5.1410594,5.141035,2.73794285E-05,-5.80553262E-07,0.0003366666,0.00105093338,0,0,4,900,196.560013,1833.85767,1,0,0,0,0,1,0,0,0,0,1,0,0,0,Grip,0,0.0319068059
80,1.59999907,0.59999907,-0.000972262234,0.7261802,0.382031947,-0.0007654681,0.004388737,1.5571034,-0.00139653275,-0.00798604451,3.22523713,5.37338066,5.373351,3.25185829E-05,-3.11586859E-07,0.000256125873,0.00119649211,0,0,4,900,196.560013,1833.85767,1,0,0,0,0,1,0,0,0,0,1,0,0,0,Grip,0,0.0319737643
81,1.619999,0.619999051,-0.0009873725,0.7262658,0.414472848,-0.000794813852,0.00420641946,1.62158215,-0.00146728707,-0.00911587849,3.22393775,5.60559464,5.60556,3.6226993E-05,-1.39682669E-07,0.0001847622,0.00127994316,0,0,4,900,196.560013,1833.85767,1,0,0,0,0,1,0,0,0,0,1,0,0,0,Grip,0,0.0320326462
82,1.639999,0.639999032,-0.00100308668,0.7263479,0.448206544,-0.0008254172,0.004008626,1.686038,-0.00153016881,-0.009889668,3.22279334,5.83771563,5.83767557,3.8665894E-05,-5.170311E-08,0.000121345074,0.00131389184,0,0,4,900,196.560013,1833.85767,1,0,0,0,0,1,0,0,0,0,1,0,0,0,Grip,0,0.0320832431
83,1.659999,0.659999,-0.00101944373,0.726426244,0.483231366,-0.0008571364,0.00380225317,1.75047326,-0.001585958,-0.0103186471,3.22176218,6.0697546,6.06970835,3.99762648E-05,8.56794E-08,6.50691654E-05,0.00130841963,0,0,4,900,196.560013,1833.85767,1,0,0,0,0,1,0,0,0,0,1,0,0,0,Grip,0,0.03212587
84,1.679999,0.679999,-0.00103647623,0.72650075,0.519546032,-0.000889774237,0.003593765,1.81488919,-0.00163189252,-0.01042441,3.22079659,6.301719,6.301667,4.03554877E-05,2.08042536E-07,1.867182E-05,0.0012739551,0,0,4,900,196.560013,1833.85767,1,0,0,0,0,1,0,0,0,0,1,0,0,0,Grip,0,0.0321607441
85,1.699999,0.699999,-0.00105421094,0.7265711,0.557149231,-0.000923207554,0.00338840485,1.879287,-0.00167166581,-0.0102680065,3.21989059,6.53361464,6.533557,3.99281271E-05,2.876821E-07,-2.1541211E-05,0.00121727493,0,0,4,900,196.560013,1833.85767,1,0,0,0,0,1,0,0,0,0,1,0,0,0,Grip,0,0.03218854
86,1.719999,0.719998956,-0.00107266952,0.7266376,0.59604,-0.000957290467,0.003191416,1.943667,-0.00170414569,-0.009849447,3.21900249,6.765445,6.76538134,3.88406334E-05,3.38153654E-07,-5.44580435E-05,0.00114490208,0,0,4,900,196.560013,1833.85767,1,0,0,0,0,1,0,0,0,0,1,0,0,0,Grip,0,0.0322098
87,1.73999894,0.739998937,-0.00109186838,0.7267004,0.6362175,-0.0009918939,0.00300644734,2.00802946,-0.00173017324,-0.009248429,3.21812034,6.99721146,6.997143,3.72222858E-05,3.79211116E-07,-8.092495E-05,0.00106203277,1,0,4,900,196.560013,1833.85767,1,0,0,0,0,1,0,0,0,0,1,0,0,0,Grip,0,0.0322253481
88,1.75999892,0.7599989,-0.00111181987,0.726759553,0.677680969,-0.0010268871,0.002836672,2.072374,-0.00174965826,-0.008488772,3.21723223,7.22891426,7.228841,3.52029456E-05,4.20484383E-07,-0.000100858175,0.000973232847,1,0,4,900,196.560013,1833.85767,1,0,0,0,0,1,0,0,0,0,1,0,0,0,Grip,-0.0002866836,0.0322358459
89,1.7799989,0.7799989,-0.00113253284,0.7268155,0.7204298,-0.00106217642,0.00268474082,2.13670063,-0.00176446629,-0.007596554,3.21632624,7.460554,7.46047449,3.28765E-05,4.42539772E-07,-0.000116128453,0.0008815534,1,0,4,900,196.560013,1833.85767,1,0,0,0,0,1,0,0,0,0,1,0,0,0,Grip,-0.000317886181,0.0322420076
90,1.79999888,0.7999989,-0.00115401193,0.7268686,0.7644634,-0.00109767716,0.00255202455,2.201008,-0.0017750368,-0.006635813,3.21537256,7.692129,7.69204473,3.03261913E-05,4.72227583E-07,-0.000127191088,0.000789411948,1,0,4,900,196.560013,1833.85767,1,0,0,0,0,1,0,0,0,0,1,0,0,0,Grip,-0.000334560056,0.03224461
91,1.81999886,0.81999886,-0.00117625925,0.7269193,0.809781253,-0.00113328535,0.00243943161,2.265296,-0.00178040937,-0.005629647,3.214395,7.923635,7.92354631,2.76564388E-05,4.74473183E-07,-0.000133071531,0.000699486758,1,0,4,900,196.560013,1833.85767,1,0,0,0,0,1,0,0,0,0,1,0,0,0,Grip,-0.000357004028,0.0322441943
92,1.83999884,0.839998841,-0.00119927479,0.7269678,0.856383,-0.001168941,0.00234709634,2.32956362,-0.00178278424,-0.004616764,3.21338177,8.155071,8.154978,2.49268487E-05,4.77679464E-07,-0.000135976181,0.000613058,1,0,4,900,196.560013,1833.85767,1,0,0,0,0,1,0,0,0,0,1,0,0,0,Grip,-0.0003587017,0.0322415158
93,1.85999882,0.8599988,-0.00122305588,0.727014661,0.9042682,-0.00120458694,0.00227469066,2.39381,-0.00178229529,-0.00362028368,3.2123208,8.386434,8.386336,2.21938826E-05,4.803264E-07,-0.0001360446,0.000531193742,1,0,4,900,196.560013,1833.85767,1,0,0,0,0,1,0,0,0,0,1,0,0,0,Grip,-0.000361125654,0.0322370753
94,1.8799988,0.8799988,-0.00124759844,0.7270603,0.9534365,-0.00124016812,0.00222145533,2.45803452,-0.001779059,-0.00266176648,3.211224,8.617721,8.617619,1.95128378E-05,4.7102057E-07,-0.000133385824,0.000454822963,1,0,4,900,196.560013,1833.85767,1,0,0,0,0,1,0,0,0,0,1,0,0,0,Grip,-0.000363126717,0.0322313979
95,1.89999878,0.8999988,-0.00127289735,0.727105,1.00388753,-0.001275646,0.00218587066,2.52223659,-0.00177389593,-0.00177923357,3.21010351,8.848929,8.848824,1.69218984E-05,4.56316656E-07,-0.000128814456,0.0003843914,1,0,4,900,196.560013,1833.85767,1,0,0,0,0,1,0,0,0,0,1,0,0,0,Grip,-0.000356091536,0.03222488
96,1.91999876,0.919998765,-0.001298946,0.727149,1.05562079,-0.00131098565,0.002166492,2.586415,-0.00176698086,-0.000968936365,3.20892334,9.080056,9.07994652,1.44566875E-05,4.16196116E-07,-0.000122521553,0.000320244348,1,0,4,900,196.560013,1833.85767,1,0,0,0,0,1,0,0,0,0,1,0,0,0,Grip,-0.0003449754,0.0322178677
97,1.93999875,0.939998746,-0.00132573734,0.727192938,1.10863614,-0.00134616811,0.002161666,2.65056944,-0.00175912282,-0.000241294038,3.20771933,9.311098,9.310986,1.21342018E-05,4.20221085E-07,-0.000115299954,0.000262291,1,0,4,900,196.560013,1833.85767,1,0,0,0,0,1,0,0,0,0,1,0,0,0,Grip,-0.000314644247,0.03221062
98,1.95999873,0.9599987,-0.00135326362,0.727236748,1.162933,-0.00138116651,0.0021690838,2.71469927,-0.00174992019,0.000370887574,3.20649147,9.542054,9.541938,9.981915E-06,3.99193254E-07,-0.000106746891,0.00021067058,1,0,4,900,196.560013,1833.85767,1,0,0,0,0,1,0,0,0,0,1,0,0,0,Grip,-0.00031768714,0.03220348
99,1.97999871,0.9799987,-0.00138151727,0.7272808,1.2185111,-0.00141596911,0.00218706229,2.77880383,-0.00174012966,0.0008989242,3.20522785,9.772922,9.772802,8.011237E-06,3.82548251E-07,-9.76248048E-05,0.000165178615,1,0,4,900,196.560013,1833.85767,1,0,0,0,0,1,0,0,0,0,1,0,0,0,Grip,-0.0003017901,0.0321965478
100,1.99999869,0.9999987,-0.0014104906,0.7273253,1.27537,-0.00145058625,0.00221365015,2.84288239,-0.00173085718,0.00132939313,3.20392847,10.0036974,10.0035763,6.21250365E-06,3.528877E-07,-8.903851E-05,0.0001252046,1,0,4,900,196.560013,1833.85767,1,0,0,0,0,1,0,0,0,0,1,0,0,0,Grip,-0.00028920648,0.0321900025
101,2.01999879,1.01999879,-0.00144017569,0.7273704,1.33350945,-0.00148500421,0.00224671769,2.906935,-0.00172089785,0.001653377,3.202629,10.2343807,10.2342558,4.600617E-06,3.004749E-07,-7.976349E-05,9.06762652E-05,1,0,4,900,196.560013,1833.85767,1,0,0,0,0,1,0,0,0,0,1,0,0,0,Grip,-0.000266783085,0.0321839452
102,2.03999877,1.03999877,-0.001470565,0.7274161,1.39292884,-0.00151922833,0.00228456641,2.97096086,-0.00171120628,0.00189243583,3.201294,10.46497,10.4648418,3.16870864E-06,2.7544408E-07,-7.07741638E-05,6.110807E-05,1,0,4,900,196.560013,1833.85767,1,0,0,0,0,1,0,0,0,0,1,0,0,0,Grip,-0.00022715902,0.0321783423
103,2.05999875,1.05999875,-0.00150165136,0.72746253,1.453628,-0.00155325991,0.00232558767,3.03496766,-0.00170157873,0.00205106335,3.20034027,10.6954632,10.6953316,1.922017E-06,2.16478412E-07,-6.16500256E-05,3.62841238E-05,1,0,4,920.194458,196.581329,1834.05664,1,0,0,0,0,1,0,0,0,0,1,0,0,0,Grip,-0.000208235724,0.0321768075
104,2.07999873,1.07999873,-0.00153342821,0.7275098,1.51560676,-0.00158712361,0.00236836658,3.098971,-0.00169318519,0.00213894527,3.20016146,10.9258871,10.9257536,8.43661837E-07,1.57098583E-07,-5.33600323E-05,1.55978487E-05,1,0,4,940.4688,196.645233,1834.65283,1,0,0,0,0,1,0,0,0,0,1,0,0,0,Grip,-0.000163657678,0.0321826935
105,2.09999871,1.09999871,-0.00156588946,0.7275579,1.57886553,-0.00162083248,0.00241172663,3.16298532,-0.00168544357,0.00216800254,3.20072174,11.1563,11.1561623,-7.75326043E-08,1.97211321E-07,-4.534622E-05,-1.40443387E-06,1,0,4,960.7489,196.75119,1835.64136,1,0,0,0,0,1,0,0,0,0,1,0,0,0,Grip,-0.000118766526,0.03219571
106,2.11999869,1.11999869,-0.00159902975,0.7276067,1.64340472,-0.00165438908,0.00245481846,3.22702646,-0.00167783,0.00215459149,3.202057,11.3867521,11.386611,-8.312054E-07,1.59227653E-07,-3.706137E-05,-1.47577512E-05,1,0,4,981.0403,196.898758,1837.01819,1,0,0,0,0,1,0,0,0,0,1,0,0,0,Grip,-0.000149091749,0.0322155878
107,2.13999867,1.13999867,-0.0016328441,0.7276565,1.7092253,-0.00168783474,0.00249718037,3.29110885,-0.00167228281,0.00211809529,3.20411921,11.6173,11.617156,-1.45088416E-06,1.14052668E-07,-3.04680561E-05,-2.525836E-05,1,0,4,1001.34851,197.087479,1838.77881,1,0,0,0,0,1,0,0,0,0,1,0,0,0,Grip,-0.0001203761,0.0322421379
108,2.15999866,1.15999866,-0.00166732876,0.727706969,1.77632833,-0.00172118261,0.00253833574,3.3552475,-0.00166739337,0.00205776887,3.20693254,11.8479967,11.84785,-1.94367021E-06,1.03185421E-07,-2.41469315E-05,-3.31904339E-05,1,0,4,1021.6792,197.317062,1840.92078,1,0,0,0,0,1,0,0,0,0,1,0,0,0,Grip,-8.62238157E-05,0.03227511
109,2.17999864,1.17999864,-0.00170248025,0.727758169,1.84471536,-0.00175444584,0.00257822522,3.4194572,-0.00166316167,0.00199447386,3.210485,12.0788956,12.0787458,-2.31550075E-06,9.8379715E-08,-1.81046671E-05,-3.879743E-05,1,0,4,1042.03748,197.587112,1843.44031,1,0,0,0,0,1,0,0,0,0,1,0,0,0,Grip,-7.80081755E-05,0.0323143676
110,2.19999862,1.19999862,-0.00173829612,0.727810144,1.91438782,-0.00178765529,0.00261692284,3.483752,-0.00166047248,0.00193488086,3.21474075,12.310051,12.3098974,-2.58907676E-06,7.826406E-08,-1.32434188E-05,-4.25807339E-05,1,0,4,1062.42859,197.8974,1846.33521,1,0,0,0,0,1,0,0,0,0,1,0,0,0,Grip,-7.43750643E-05,0.0323596969
111,2.2199986,1.2199986,-0.00177477393,0.727862835,1.98534775,-0.00182082772,0.00265480136,3.54814672,-0.00165862148,0.001893926,3.21973562,12.5415125,12.5413551,-2.7732458E-06,6.084019E-08,-8.840173E-06,-4.47818966E-05,1,0,4,1082.85791,198.247757,1849.604,1,0,0,0,0,1,0,0,0,0,1,0,0,0,Grip,-5.91676253E-05,0.0324108824
112,2.23999858,1.23999858,-0.0018119124,0.7279162,2.05759764,-0.00185397209,0.00269206916,3.6126554,-0.00165721867,0.00186339021,3.22543383,12.7733326,12.7731724,-2.87150033E-06,6.086241E-08,-4.52513859E-06,-4.554055E-05,1,0,4,1103.33032,198.637939,1853.24426,1,0,0,0,0,1,0,0,0,0,1,0,0,0,Grip,-4.59951843E-05,0.032467965
113,2.25999856,1.25999856,-0.00184971048,0.7279701,2.13113976,-0.00188711623,0.00272936677,3.67729259,-0.001657207,0.00186488032,3.23185921,13.0055647,13.0054,-2.89978925E-06,6.813551E-09,-1.22493225E-06,-4.51808519E-05,1,0,4,1123.8512,199.06781,1857.25488,1,0,0,0,0,1,0,0,0,0,1,0,0,0,Grip,-4.601198E-05,0.032530725
114,2.27999854,1.27999854,-0.00188816816,0.72802484,2.2059772,-0.001920282,0.00276726019,3.74207234,-0.00165828969,0.001894671,3.238988,13.2382584,13.23809,-2.87708826E-06,1.672663E-08,1.34114987E-06,-4.40511649E-05,1,0,4,1144.42529,199.537323,1861.63525,1,0,0,0,0,1,0,0,0,0,1,0,0,0,Grip,-5.15104466E-06,0.0325991623
115,2.29999852,1.29999852,-0.00192728557,0.7280803,2.2821126,-0.00195348216,0.00280612172,3.807009,-0.00166000682,0.0019430765,3.246832,13.4714651,13.4712934,-2.80735549E-06,8.04611044E-09,3.64018615E-06,-4.22503363E-05,1,0,4,1165.05786,200.046387,1866.38477,1,0,0,0,0,1,0,0,0,0,1,0,0,0,Grip,-1.26453324E-05,0.0326732472
116,2.3199985,1.3199985,-0.00196706364,0.728136241,2.35954976,-0.00198672968,0.0028465623,3.87211657,-0.00166237587,0.00202202937,3.2553792,13.7052374,13.705061,-2.69664451E-06,-7.599142E-09,5.648422E-06,-3.990177E-05,1,0,4,1185.75391,200.594986,1871.503,1,0,0,0,0,1,0,0,0,0,1,0,0,0,Grip,-6.08285927E-06,0.0327530131
117,2.33999848,1.33999848,-0.00200750353,0.728193343,2.438292,-0.002020047,0.0028892816,3.93740916,-0.00166586833,0.002135965,3.26462984,13.9396257,13.9394445,-2.55974E-06,-2.30141186E-08,6.89475928E-06,-3.72479553E-05,1,0,4,1206.51868,201.183151,1876.99048,1,0,0,0,0,1,0,0,0,0,1,0,0,0,Grip,5.744951E-06,0.03283824
118,2.35999846,1.35999846,-0.00204860629,0.728250861,2.518344,-0.00205344823,0.002934131,4.002901,-0.00167005928,0.00224247342,3.27459574,14.1746788,14.1744928,-2.40118243E-06,-5.473259E-08,7.81213748E-06,-3.43690554E-05,1,0,4,1227.35718,201.810928,1882.84753,1,0,0,0,0,1,0,0,0,0,1,0,0,0,Grip,1.73986737E-05,0.0329290554
119,2.37999845,1.37999845,-0.00209037471,0.728309631,2.599709,-0.002086942,0.002982317,4.06860638,-0.00167469261,0.00240929658,3.285265,14.410449,14.41026,-2.22679228E-06,-4.001249E-08,8.646384E-06,-3.135823E-05,1,0,4,1248.27429,202.478424,1889.07507,1,0,0,0,0,1,0,0,0,0,1,0,0,0,Grip,4.13778362E-05,0.03302538
120,2.39999843,1.39999843,-0.00213281,0.7283691,2.68239212,-0.00212054444,0.00303352671,4.134539,-0.00168011757,0.00256048515,3.29663754,14.6469879,14.6467953,-2.0454172E-06,-3.22894955E-08,9.048818E-06,-2.83447462E-05,1,0,4,1269.27527,203.1857,1895.67383,1,0,0,0,0,1,0,0,0,0,1,0,0,0,Grip,3.02494427E-05,0.0331274346
121,2.41999841,1.41999841,-0.002175915,0.7284295,2.76639819,-0.00215425831,0.00308859441,4.20071363,-0.00168569386,0.00275338534,3.30872536,14.884346,14.8841467,-1.85077079E-06,-2.96149061E-08,9.666983E-06,-2.52433838E-05,1,0,4,1290.36548,203.932983,1902.64575,1,0,0,0,0,1,0,0,0,0,1,0,0,0,Grip,2.44108578E-05,0.0332348943
122,2.43999839,1.43999839,-0.00221969234,0.7284912,2.85173249,-0.00218810141,0.00314795179,4.267144,-0.00169215491,0.002967869,3.32152843,15.1225758,15.1223717,-1.65379606E-06,-4.128446E-08,9.76746651E-06,-2.22056151E-05,1,0,4,1311.54968,204.720444,1909.99255,1,0,0,0,0,1,0,0,0,0,1,0,0,0,Grip,2.238887E-05,0.0333480164
123,2.45999837,1.45999837,-0.00226414553,0.728553951,2.93839979,-0.00222208258,0.00321133086,4.333845,-0.00169905834,0.00316895312,3.33504677,15.3617258,15.361516,-1.45263039E-06,-6.41275051E-08,9.794597E-06,-1.92043717E-05,1,0,4,1332.83337,205.548248,1917.71582,1,0,0,0,0,1,0,0,0,0,1,0,0,0,Grip,3.121105E-05,0.03346684
124,2.47999835,1.47999835,-0.002309278,0.728618145,3.02640629,-0.00225622323,0.003279223,4.40083075,-0.00170703279,0.00339461258,3.34928036,15.6018486,15.601634,-1.26729719E-06,-4.53080453E-08,9.115476E-06,-1.64991834E-05,1,0,4,1354.222,206.416733,1925.8186,1,0,0,0,0,1,0,0,0,0,1,0,0,0,Grip,4.84803932E-05,0.0335912667
125,2.49999833,1.49999833,-0.00235509314,0.7286835,3.115758,-0.00229052571,0.00335131586,4.46811533,-0.00171512365,0.00360463746,3.3642292,15.8429976,15.8427773,-1.09057873E-06,-4.22854E-08,8.686647E-06,-1.39846461E-05,1,0,4,1375.72058,207.32608,1934.30249,1,0,0,0,0,1,0,0,0,0,1,0,0,0,Grip,3.425288E-05,0.03372154
126,2.51999831,1.51999831,-0.00240159477,0.7287502,3.206461,-0.00232499815,0.003428339,4.535714,-0.001723622,0.00385115854,3.379941,16.0852222,16.0849972,-9.23872E-07,-2.89005264E-08,8.24013E-06,-1.16703841E-05,1,0,4,1397.33484,208.276657,1943.17114,1,0,0,0,0,1,0,0,0,0,1,0,0,0,Grip,3.196776E-05,0.0338573977
127,2.53999829,1.53999829,-0.00244878652,0.7288186,3.29852152,-0.00235965056,0.003510039,4.603641,-0.00173262088,0.004085002,3.39634418,16.328577,16.3283463,-7.67642632E-07,-4.22166124E-08,7.64869947E-06,-9.553815E-06,1,0,4,1419.06958,209.268768,1952.42737,1,0,0,0,0,1,0,0,0,0,1,0,0,0,Grip,2.18487967E-05,0.0339991152
128,2.55999827,1.55999827,-0.002496673,0.728888631,3.391947,-0.00239449716,0.00359666953,4.67191124,-0.00174232991,0.004331523,3.41351032,16.5731144,16.5728779,-6.298069E-07,-3.276273E-08,6.73768955E-06,-7.723822E-06,1,0,4,1440.93091,210.302826,1962.07483,1,0,0,0,0,1,0,0,0,0,1,0,0,0,Grip,3.191576E-05,0.0341466367
129,2.57999825,1.57999825,-0.002545258,0.7289603,3.4867444,-0.00242953422,0.003687992,4.74054,-0.00175185269,0.00456612324,3.4314394,16.8188877,16.8186455,-4.98956069E-07,-3.214091E-08,6.40369353E-06,-6.030511E-06,1,0,4,1462.924,211.37915,1972.1167,1,0,0,0,0,1,0,0,0,0,1,0,0,0,Grip,2.47686239E-05,0.03430002
130,2.59999824,1.59999824,-0.00259454641,0.729033947,3.58292127,-0.002464777,0.003784215,4.809542,-0.0017621438,0.004811154,3.45010757,17.06595,17.0657024,-3.820751E-07,-3.195975E-08,5.68049E-06,-4.55160762E-06,1,0,4,1485.05444,212.498184,1982.557,1,0,0,0,0,1,0,0,0,0,1,0,0,0,Grip,2.42985279E-05,0.0344593748
131,2.61999822,1.61999822,-0.00264454237,0.7291093,3.68048525,-0.00250023743,0.00388504076,4.878933,-0.001773017,0.005041284,3.46953869,17.3143578,17.3141022,-2.83820555E-07,-3.5375642E-08,4.765963E-06,-3.33302864E-06,1,0,4,1507.32849,213.66037,1993.3999,1,0,0,0,0,1,0,0,0,0,1,0,0,0,Grip,2.416157E-05,0.0346246958
132,2.6399982,1.6399982,-0.00269525056,0.7291868,3.77944422,-0.00253591663,0.003990871,4.94872761,-0.00178396,0.005291507,3.48973274,17.564167,17.5639019,-1.96974725E-07,-2.938679E-08,4.17274259E-06,-2.2805375E-06,1,0,4,1529.75146,214.8662,2004.65,1,0,0,0,0,1,0,0,0,0,1,0,0,0,Grip,2.67439846E-05,0.034796007
133,2.65999818,1.65999818,-0.00274667563,0.7292663,3.87980676,-0.00257182,0.004101408,5.018942,-0.00179517083,0.005526864,3.51071358,17.8154278,17.8151569,-1.1944212E-07,-2.596889E-08,3.714737E-06,-1.36353344E-06,1,0,4,1552.329,216.116089,2016.31116,1,0,0,0,0,1,0,0,0,0,1,0,0,0,Grip,2.22164126E-05,0.0349734351
134,2.67999816,1.67999816,-0.00279882248,0.7293482,3.98158169,-0.00260795536,0.004216891,5.089592,-0.00180676579,0.00577413,3.532505,18.0682,18.06792,-5.16884029E-08,-2.17998242E-08,3.28712827E-06,-5.81876463E-07,1,0,4,1575.06738,217.410614,2028.38879,1,0,0,0,0,1,0,0,0,0,1,0,0,0,Grip,1.963248E-05,0.0351568833
135,2.69999814,1.69999814,-0.00285169622,0.729432166,4.084778,-0.00264433562,0.004337006,5.160693,-0.00181901269,0.00600575,3.55505943,18.3225384,18.3222542,5.122274E-09,-3.54747023E-08,2.60040383E-06,5.68690055E-08,1,0,4,1597.97266,218.750244,2040.88721,1,0,0,0,0,1,0,0,0,0,1,0,0,0,Grip,1.64806661E-05,0.0353465676
136,2.71999812,1.71999812,-0.00290530152,0.7295184,4.189405,-0.00268096477,0.00446209544,5.232262,-0.00183145748,0.006254483,3.5784483,18.5785027,18.57821,5.122274E-08,-2.52655337E-08,2.14214629E-06,5.609116E-07,1,0,4,1621.05078,220.135574,2053.812,1,0,0,0,0,1,0,0,0,0,1,0,0,0,Grip,2.68188742E-05,0.03554242
137,2.739998,1.7399981,-0.002959644,0.7296075,4.295472,-0.00271784631,0.00459244335,5.30431461,-0.00184407691,0.00651739538,3.602624,18.8361511,18.83585,9.24337655E-08,-2.00936565E-08,1.91244067E-06,9.984417E-07,1,0,4,1644.30737,221.567108,2067.168,1,0,0,0,0,1,0,0,0,0,1,0,0,0,Grip,1.91007421E-05,0.0357444063
138,2.759998,1.75999808,-0.00301472866,0.7296989,4.40299,-0.00275499118,0.00472736452,5.376868,-0.00185724348,0.00674605835,3.627658,19.0955429,19.09523,1.25262886E-07,-1.86574383E-08,1.57435375E-06,1.334795E-06,1,0,4,1667.749,223.045441,2080.96045,1,0,0,0,0,1,0,0,0,0,1,0,0,0,Grip,1.51908034E-05,0.0359528735
139,2.779998,1.77999806,-0.00307056168,0.7297932,4.511968,-0.002792408,0.004867513,5.44993734,-0.00187084079,0.007007434,3.65347862,19.3567333,19.3564129,1.48080289E-07,1.71207528E-08,1.20677885E-06,1.55678083E-06,1,0,4,1691.38281,224.571228,2095.19556,1,0,0,0,0,1,0,0,0,0,1,0,0,0,Grip,1.41050232E-05,0.0361675769
140,2.799998,1.799998,-0.00312714861,0.729890049,4.62241745,-0.00283010327,0.005012607,5.52354145,-0.00188476406,0.0072547,3.68020535,19.6197834,19.6194553,1.671724E-07,1.18877965E-08,9.778881E-07,1.73407909E-06,1,0,4,1715.214,226.144974,2109.87842,1,0,0,0,0,1,0,0,0,0,1,0,0,0,Grip,-1.29432883E-05,0.0363887548
141,2.819998,1.819998,-0.0031844948,0.72999,4.73434925,-0.002868092,0.005163034,5.5976963,-0.00189943239,0.007521338,3.70774269,19.88476,19.8844185,1.75088644E-07,6.85882862E-09,4.1951327E-07,1.79213544E-06,1,0,4,1739.25,227.767426,2125.01538,1,0,0,0,0,1,0,0,0,0,1,0,0,0,Grip,-8.987174E-06,0.0366163254
142,2.839998,1.839998,-0.00324260676,0.7300928,4.847775,-0.002906376,0.005318436,5.67242,-0.0019142055,0.007770094,3.736186,20.1517181,20.1513672,1.792796E-07,4.2580246E-09,2.20809468E-07,1.81086011E-06,1,0,4,1763.497,229.439011,2140.61084,1,0,0,0,0,1,0,0,0,0,1,0,0,0,Grip,-5.1852744E-06,0.03685052
143,2.859998,1.859998,-0.00330149056,0.730198741,4.962706,-0.00294496282,0.00547948247,5.7477293,-0.00192933949,0.008052331,3.76546383,20.420723,20.42036,1.81142241E-07,-1.06474363E-09,8.879907E-08,1.80570214E-06,1,0,4,1787.96191,231.160568,2156.67261,1,0,0,0,0,1,0,0,0,0,1,0,0,0,Grip,-3.21906646E-06,0.0370910168
144,2.879998,1.879998,-0.003361152,0.730308056,5.07915449,-0.00298386742,0.00564608537,5.82364273,-0.00194523018,0.008330145,3.79567146,20.6918373,20.6914654,1.74855813E-07,7.021477E-09,-3.23242659E-07,1.72031594E-06,1,0,4,1812.65112,232.932571,2173.205,1,0,0,0,0,1,0,0,0,0,1,0,0,0,Grip,8.049462E-07,0.0373382829
145,2.899998,1.899998,-0.003421598,0.7304204,5.19713259,-0.003023091,0.00581805035,5.900178,-0.001961179,0.008598249,3.82676125,20.965126,20.96474,1.67405233E-07,4.406586E-09,-3.421426E-07,1.62565E-06,1,0,4,1837.5719,234.755661,2190.21387,1,0,0,0,0,1,0,0,0,0,1,0,0,0,Grip,-5.30823672E-06,0.03759212
146,2.919998,1.91999793,-0.003482835,0.730536342,5.31665325,-0.00306264171,0.005996212,5.977353,-0.00197753543,0.008908077,3.858757,21.240654,21.2402554,1.59954652E-07,1.37134695E-08,-3.04722136E-07,1.53324436E-06,1,0,4,1862.73083,236.630539,2207.706,1,0,0,0,0,1,0,0,0,0,1,0,0,0,Grip,-3.331379E-06,0.0378525145
147,2.939998,1.93999791,-0.00354486913,0.7306558,5.43773031,-0.00310252863,0.00618034648,6.05518627,-0.0019943458,0.009206729,3.89165878,21.5184841,21.518074,1.55065209E-07,1.47774148E-09,-2.55973475E-07,1.46727155E-06,1,0,4,1888.1355,238.557739,2225.68652,1,0,0,0,0,1,0,0,0,0,1,0,0,0,Grip,-1.03673829E-05,0.0381197035
148,2.959998,1.95999789,-0.00360770826,0.730778933,5.56037664,-0.00314276386,0.006370826,6.133697,-0.00201176153,0.009523984,3.925538,21.7986832,21.79826,1.49011612E-07,-2.56624749E-10,-3.11700319E-07,1.39194378E-06,1,0,4,1913.79272,240.537888,2244.16064,1,0,0,0,0,1,0,0,0,0,1,0,0,0,Grip,-1.11717247E-06,0.0383935124
149,2.97999787,1.97999787,-0.003671359,0.730906,5.68460655,-0.00318336114,0.006567711,6.212903,-0.00202986412,0.009844243,3.96029949,22.0813236,22.0808849,1.36671588E-07,7.83386955E-09,-6.027206E-07,1.26039834E-06,1,0,4,1939.70984,242.571564,2263.13452,1,0,0,0,0,1,0,0,0,0,1,0,0,0,Grip,1.94008308E-07,0.0386740975
150,2.99999785,1.99999785,-0.003735829,0.7310368,5.81043339,-0.00322432327,0.006770911,6.29282427,-0.0020481064,0.0101600075,3.99606228,22.3664665,22.3660126,1.24098733E-07,1.45749661E-08,-5.215096E-07,1.12991609E-06,1,0,4,1965.89429,244.6593,2282.61255,1,0,0,0,0,1,0,0,0,0,1,0,0,0,Grip,-5.92240531E-06,0.03896159
151,3.01999784,2.01999784,-0.00380112557,0.7311717,5.937873,-0.003265662,0.00698129134,6.37347937,-0.00206693076,0.0105190091,4.032755,22.6541824,22.6537132,1.1199154E-07,1.53239874E-08,-5.452496E-07,1.0067771E-06,1,0,4,1992.35327,246.801651,2302.6,1,0,0,0,0,1,0,0,0,0,1,0,0,0,Grip,-1.10186738E-05,0.0392556861
152,3.03999782,2.03999782,-0.00386725622,0.7313111,6.06694,-0.00330738747,0.00719874632,6.454888,-0.002086279,0.0108727487,4.070425,22.9445419,22.9440556,9.755604E-08,1.38116754E-08,-5.92939443E-07,8.6594514E-07,1,0,4,2019.09424,248.999054,2323.10132,1,0,0,0,0,1,0,0,0,0,1,0,0,0,Grip,-1.15849343E-05,0.0395566933
153,3.0599978,2.0599978,-0.00393422926,0.731454551,6.19764948,-0.00334950746,0.00742309773,6.537069,-0.00210599974,0.0112175709,4.109049,23.2376137,23.23711,8.754432E-08,1.61924718E-09,-5.22613163E-07,7.673088E-07,1,0,4,2046.125,251.252014,2344.12085,1,0,0,0,0,1,0,0,0,0,1,0,0,0,Grip,-1.04416258E-05,0.039864406
154,3.07999778,2.07999778,-0.00400205236,0.73160243,6.33001757,-0.003392033,0.007655165,6.62004232,-0.00212627929,0.0116033712,4.148674,23.5334663,23.5329437,7.706694E-08,-2.05542339E-09,-4.98462953E-07,6.67010852E-07,1,0,4,2073.45264,253.560867,2365.662,1,0,0,0,0,1,0,0,0,0,1,0,0,0,Grip,-1.22415088E-06,0.0401788875
155,3.09999776,2.09999776,-0.004070734,0.731755137,6.46406031,-0.00343497284,0.007895187,6.703828,-0.00214698957,0.0120010693,4.1892767,23.83217,23.83163,7.03148544E-08,-2.20594454E-09,-4.03199323E-07,6.00966246E-07,1,0,4,2101.085,255.925964,2387.72778,1,0,0,0,0,1,0,0,0,0,1,0,0,0,Grip,1.5539E-06,0.04050015
156,3.11999774,2.11999774,-0.00414028252,0.7319126,6.599795,-0.003478339,0.008143191,6.78844547,-0.00216830522,0.0124002341,4.23088074,24.1338,24.13324,6.28642738E-08,-2.26878849E-09,-4.004312E-07,5.305908E-07,1,0,4,2129.03,258.347565,2410.3208,1,0,0,0,0,1,0,0,0,0,1,0,0,0,Grip,1.667694E-06,0.04082814
157,3.13999772,2.13999772,-0.00421070727,0.7320752,6.73723745,-0.00352213974,0.008399404,6.87391472,-0.00219004,0.0128106214,4.2734623,24.4384232,24.4378452,5.750917E-08,-2.65549449E-09,-3.1586876E-07,4.79357368E-07,1,0,4,2157.29517,260.825836,2433.44238,1,0,0,0,0,1,0,0,0,0,1,0,0,0,Grip,1.715204E-06,0.0411627963
158,3.1599977,2.1599977,-0.00428201631,0.732242644,6.87640572,-0.0035663906,0.00866373349,6.96025562,-0.002212543,0.0132164918,4.317045,24.7461147,24.7455139,4.51691449E-08,1.11669074E-08,-4.885514E-07,3.71829174E-07,1,0,4,2185.888,263.36087,2457.09375,1,0,0,0,0,1,0,0,0,0,1,0,0,0,Grip,2.0075538E-06,0.0415040925
159,3.17999768,2.17999768,-0.00435421942,0.732415557,7.01731825,-0.0036111006,0.008937255,7.047488,-0.00223550014,0.0136760529,4.36162949,25.056942,25.0563183,3.11993062E-08,1.36863259E-08,-6.019347E-07,2.53651649E-07,1,0,4,2214.81616,265.952667,2481.27441,1,0,0,0,0,1,0,0,0,0,1,0,0,0,Grip,-8.442182E-06,0.04185178
160,3.19999766,2.19999766,-0.00442732545,0.732594,7.159992,-0.003656271,0.009219653,7.13563156,-0.00225851545,0.0141199213,4.40716743,25.3709812,25.3703346,2.00234354E-08,3.96943562E-08,-2.86941628E-07,1.60780587E-07,1,0,4,2244.08716,268.601044,2505.98315,1,0,0,0,0,1,0,0,0,0,1,0,0,0,Grip,-1.03468619E-05,0.0422059558
161,3.21999764,2.21999764,-0.0045013437,0.7327781,7.3044467,-0.003701915,0.009511092,7.2247057,-0.002282206,0.0145719387,4.45370674,25.6882973,25.6876278,1.23400241E-08,3.44960718E-08,-1.33872931E-07,9.786416E-08,1,0,4,2273.709,271.3058,2531.21777,1,0,0,0,0,1,0,0,0,0,1,0,0,0,Grip,-3.00089323E-05,0.042566523
162,3.23999763,2.23999763,-0.004576284,0.7329681,7.45070076,-0.003748046,0.009811915,7.31472969,-0.00230654841,0.0150411855,4.50119972,26.0089664,26.0082684,5.820766E-09,2.72147869E-08,-1.433485E-07,4.559425E-08,1,0,4,2303.68872,274.066467,2556.97437,1,0,0,0,0,1,0,0,0,0,1,0,0,0,Grip,-2.607903E-05,0.0429332145
163,3.25999761,2.25999761,-0.004652156,0.733163953,7.598774,-0.0037946715,0.0101221679,7.40572357,-0.002331275,0.015512621,4.549694,26.3330536,26.3323288,1.86264515E-09,1.97944363E-08,-2.36864039E-08,1.44109027E-08,1,0,4,2334.03369,276.882416,2583.24634,1,0,0,0,0,1,0,0,0,0,1,0,0,0,Grip,-2.05743781E-05,0.0433059558
164,3.27999759,2.27999759,-0.00472897058,0.7333662,7.748686,-0.00384180387,0.0104423994,7.497706,-0.00235661864,0.0160115771,4.599118,26.6606331,26.6598816,-1.16415322E-09,1.49741286E-08,-4.38242651E-08,-8.89632545E-09,1,0,4,2364.751,279.753,2610.02832,1,0,0,0,0,1,0,0,0,0,1,0,0,0,Grip,-1.4964593E-05,0.0436844863
165,3.29999757,2.29999757,-0.004806738,0.733574867,7.90045643,-0.003889451,0.0107725514,7.59069538,-0.002382358,0.0165076,4.649472,26.99177,26.99099,-2.561137E-09,1.25213884E-08,1.691082E-08,-1.93321679E-08,1,0,4,2395.84766,282.677155,2637.31,1,0,0,0,0,1,0,0,0,0,1,0,0,0,Grip,-1.13204405E-05,0.0440687165
166,3.31999755,2.31999755,-0.0048854677,0.733790159,8.054106,-0.003937623,0.0111128176,7.68471,-0.002408598,0.0170133077,4.700732,27.3265343,27.32572,-3.259629E-09,1.01500079E-08,4.15367225E-08,-2.430359E-08,1,0,4,2427.331,285.653778,2665.081,1,0,0,0,0,1,0,0,0,0,1,0,0,0,Grip,-9.466169E-06,0.04445828
167,3.33999753,2.33999753,-0.00496517075,0.7340123,8.209657,-0.003986328,0.0114632575,7.779767,-0.00243524555,0.0175219961,4.75285053,27.6649876,27.6641426,-2.32830644E-09,7.795523E-09,9.848455E-08,-1.71476149E-08,1,0,4,2459.20679,288.681366,2693.328,1,0,0,0,0,1,0,0,0,0,1,0,0,0,Grip,-7.673406E-06,0.0448529273
168,3.35999751,2.35999751,-0.00504585868,0.7342415,8.367127,-0.00403557532,0.0118239745,7.87588358,-0.00246237032,0.0180358533,4.805827,28.0071945,28.0063152,-1.39698386E-09,1.02133564E-08,1.17904655E-07,-1.01630171E-08,1,0,4,2491.48145,291.75827,2722.03467,1,0,0,0,0,1,0,0,0,0,1,0,0,0,Grip,-5.89341562E-06,0.0452525541
169,3.37999749,2.37999749,-0.00512754126,0.734478,8.526542,-0.004085373,0.0121952221,7.97307634,-0.002489891,0.0185623765,4.859638,28.3532162,28.3523,1.39698386E-09,2.86388224E-09,1.69636579E-07,1.00391393E-08,1,0,4,2524.16113,294.882446,2751.18237,1,0,0,0,0,1,0,0,0,0,1,0,0,0,Grip,-7.721297E-06,0.04565639
170,3.39999747,2.39999747,-0.005210231,0.7347219,8.687921,-0.00413573254,0.0125768073,8.07136,-0.00251797028,0.01907926,4.91416454,28.7031116,28.70216,1.39698386E-09,2.85558421E-09,2.906306E-08,9.91690552E-09,1,0,4,2557.25024,298.0516,2780.75,1,0,0,0,0,1,0,0,0,0,1,0,0,0,Grip,-2.16509488E-06,0.0460644029
171,3.41999745,2.41999745,-0.00529393926,0.7349735,8.851286,-0.004186658,0.0129688494,8.17075,-0.00254628249,0.019602105,4.9695015,29.0569324,29.0559425,3.7252903E-09,-2.05246087E-09,7.159125E-08,2.61234288E-08,1,0,4,2590.75513,301.263153,2810.713,1,0,0,0,0,1,0,0,0,0,1,0,0,0,Grip,-2.15882164E-06,0.0464761481
172,3.43999743,2.43999743,-0.00537867658,0.735232949,9.016662,-0.0042381594,0.0133713624,8.271257,-0.00257506035,0.020125648,5.025387,29.41474,29.4137058,3.7252903E-09,-9.09357E-09,-6.997129E-08,2.580602E-08,1,0,4,2624.679,304.514069,2841.04321,1,0,0,0,0,1,0,0,0,0,1,0,0,0,Grip,1.55166038E-06,0.04689101
173,3.45999742,2.45999742,-0.005464455,0.7355006,9.184068,-0.00429023942,0.0137842866,8.372897,-0.0026040012,0.02064621,5.08198738,29.7765675,29.7754917,4.19095159E-09,-9.034686E-09,-8.29698E-09,2.86793824E-08,1,0,4,2659.02661,307.800964,2871.709,1,0,0,0,0,1,0,0,0,0,1,0,0,0,Grip,6.874739E-06,0.047308445
174,3.4799974,2.4799974,-0.005551286,0.7357764,9.353529,-0.004342905,0.0142070726,8.475678,-0.002633268,0.0211393,5.139065,30.1424732,30.1413536,5.122274E-09,-6.490202E-09,-2.79434644E-08,3.462755E-08,1,0,4,2693.8,311.119873,2902.67383,1,0,0,0,0,1,0,0,0,0,1,0,0,0,Grip,6.83022245E-06,0.04772801
175,3.49999738,2.49999738,-0.005639182,0.736060858,9.525067,-0.00439615874,0.0146400016,8.579611,-0.00266269781,0.0216464512,5.196619,30.51249,30.511322,6.519258E-09,-1.66694913E-09,3.317345E-08,4.35376073E-08,1,0,4,2729.00244,314.466675,2933.89868,1,0,0,0,0,1,0,0,0,0,1,0,0,0,Grip,4.90659249E-06,0.0481490865
176,3.51999736,2.51999736,-0.00572815444,0.736353934,9.698707,-0.00445000641,0.0150823733,8.684701,-0.00269238371,0.0221185852,5.254507,30.8866463,30.8854351,6.519258E-09,7.93017E-10,8.908419E-09,4.301083E-08,1,0,4,2764.635,317.8366,2965.33936,1,0,0,0,0,1,0,0,0,0,1,0,0,0,Grip,1.26021348E-06,0.0485709831
177,3.53999734,2.53999734,-0.005818215,0.736655951,9.874471,-0.00450444967,0.0155339511,8.790955,-0.00272216275,0.0225788914,5.312681,31.2649746,31.26371,7.916242E-09,-4.18725676E-09,3.84182641E-08,5.15962419E-08,1,0,4,2800.69873,321.2244,2996.94653,1,0,0,0,0,1,0,0,0,0,1,0,0,0,Grip,-5.99520831E-07,0.04899294
178,3.55999732,2.55999732,-0.005909377,0.736966968,10.0523825,-0.004559493,0.0159941986,8.89837551,-0.00275217462,0.0230123755,5.371046,31.6474915,31.6461716,6.98491931E-09,-1.806759E-09,-6.716379E-08,4.49765629E-08,1,0,4,2837.19263,324.624268,3028.6665,1,0,0,0,0,1,0,0,0,0,1,0,0,0,Grip,3.165566E-06,0.0494142435
179,3.5799973,2.5799973,-0.006001651,0.7372872,10.2324648,-0.00461513456,0.0164627265,9.006965,-0.00278207,0.0234263949,5.42945862,32.0342064,32.0328331,6.519258E-09,-4.10774E-09,-3.220679E-08,4.147209E-08,1,0,4,2874.11523,328.0299,3060.44019,1,0,0,0,0,1,0,0,0,0,1,0,0,0,Grip,1.36590972E-06,0.04983394
180,3.59999728,2.59999728,-0.006095049,0.7376169,10.4147415,-0.004671374,0.0169387478,9.116721,-0.00281196553,0.023801066,5.48782349,32.42513,32.4237,6.98491931E-09,-4.108564E-09,-2.10439079E-08,4.38994938E-08,1,0,4,2911.464,331.434448,3092.20386,1,0,0,0,0,1,0,0,0,0,1,0,0,0,Grip,3.10545124E-06,0.05025118
181,3.61999726,2.61999726,-0.00618958334,0.737956047,10.5992365,-0.004728209,0.0174213964,9.227639,-0.00284176785,0.02413243,5.54590225,32.8202553,32.8187637,6.519258E-09,-3.96291977E-09,-6.33331751E-08,4.04804155E-08,1,0,4,2949.235,334.8304,3123.88745,1,0,0,0,0,1,0,0,0,0,1,0,0,0,Grip,3.10607447E-06,0.05066514
182,3.63999724,2.63999724,-0.00628526555,0.738305032,10.7859726,-0.004785635,0.01790984,9.339713,-0.00287129078,0.024422165,5.603695,33.2195663,33.21801,8.84756446E-09,-8.749352E-09,2.751598E-08,5.427855E-08,1,0,4,2987.42334,338.2098,3155.41626,1,0,0,0,0,1,0,0,0,0,1,0,0,0,Grip,2.99596718E-06,0.05107464
183,3.65999722,2.65999722,-0.006382108,0.7386637,10.9749718,-0.00484364945,0.0184026472,9.452932,-0.00290072057,0.0246403739,5.660963,33.62303,33.62141,9.778887E-09,-6.276274E-09,-5.69160754E-08,5.927364E-08,1,0,4,3026.02124,341.564,3186.71,1,0,0,0,0,1,0,0,0,0,1,0,0,0,Grip,6.61451031E-06,0.0514787138
184,3.67999721,2.67999721,-0.00648012245,0.739032149,11.1662569,-0.00490224361,0.0188986883,9.567285,-0.002929708,0.0248020515,5.71761131,34.0306244,34.0289345,1.071021E-08,-6.235335E-09,-1.72382713E-08,6.414291E-08,1,0,4,3065.02148,344.883728,3217.68237,1,0,0,0,0,1,0,0,0,0,1,0,0,0,Grip,4.744863E-06,0.05187625
185,3.69999719,2.69999719,-0.00657932,0.73941046,11.3598518,-0.004961409,0.0193965752,9.682751,-0.00295827631,0.0248943456,5.773306,34.4422951,34.4405327,1.11758709E-08,-1.1045409E-08,-4.67766768E-08,6.613368E-08,1,0,4,3104.4126,348.159149,3248.24121,1,0,0,0,0,1,0,0,0,0,1,0,0,0,Grip,4.713913E-06,0.052266
186,3.71999717,2.71999717,-0.006679712,0.7397987,11.5557775,-0.00502113625,0.01989488,9.799312,-0.00298635568,0.0249152072,5.828047,34.85798,34.85614,1.16415322E-08,-1.09050786E-08,-7.60121139E-08,6.806993E-08,1,0,4,3144.184,351.379944,3278.29053,1,0,0,0,0,1,0,0,0,0,1,0,0,0,Grip,8.350329E-06,0.05264678
187,3.73999715,2.73999715,-0.00678130938,0.7401969,11.754056,-0.00508141145,0.020391589,9.916943,-0.00301375985,0.024835486,5.881548,35.2776,35.2756844,1.3038516E-08,-5.84955773E-09,-6.45941753E-08,7.533415E-08,1,0,4,3184.32129,354.535034,3307.72681,1,0,0,0,0,1,0,0,0,0,1,0,0,0,Grip,8.244239E-06,0.0530172624
188,3.75999713,2.75999713,-0.006884117,0.740605056,11.9546976,-0.005141917,0.0208848286,10.0350256,-0.003025285,0.02466198,5.90415,35.7010727,35.69908,1.3038516E-08,-5.88905635E-09,-8.442635E-09,7.444781E-08,1,0,4,3224.80933,357.6132,3336.445,1,0,0,0,0,1,0,0,0,0,1,0,0,0,Grip,4.42226565E-06,0.0556373522
189,3.779997,2.779997,-0.00698814075,0.7410231,12.157711,-0.00520266639,0.02136271,10.1535845,-0.003037462,0.0238941051,5.927944,36.1261749,36.1241,1.53668225E-08,-8.581419E-09,7.98970845E-09,8.671768E-08,1,0,4,3278.98975,361.5543,3373.2146,1,0,0,0,0,1,0,0,0,0,1,0,0,0,Grip,4.45212663E-06,0.0616587624
190,3.799997,2.799997,-0.007093379,0.7414503,12.3630934,-0.005263315,0.0218124576,10.2719412,-0.00303243287,0.0224873424,5.917835,36.55299,36.5508347,1.11758709E-08,1.22685762E-09,-1.43367458E-07,6.23408241E-08,1,0,4,3354.00439,366.642151,3420.683,1,0,0,0,0,1,0,0,0,0,1,0,0,0,Grip,6.48755258E-06,0.07513257
191,3.819997,2.819997,-0.00719979452,0.741887033,12.570775,-0.005321985,0.0222116634,10.3864412,-0.00293350313,0.0199602917,5.72500229,36.9790764,36.9768333,1.11758709E-08,1.24208255E-09,-2.09267519E-08,6.16536653E-08,1,0,4,3475.092,373.8329,3487.771,1,0,0,0,0,1,0,0,0,0,1,0,0,0,Grip,-9.27504345E-07,0.11241971
192,3.839997,2.839997,-0.007307368,0.7423307,12.7807169,-0.005379618,0.0224765744,10.4989176,-0.00288165174,0.0132455491,5.62381744,37.3912773,37.38896,1.02445483E-08,3.85074328E-09,-1.682577E-08,5.591047E-08,1,0,4,3743.70386,384.311951,3585.53833,1,0,0,0,0,1,0,0,0,0,1,0,0,0,Grip,-9.390144E-07,0.04365947
193,3.859997,2.859997,-0.00741612166,0.7427766,12.9929619,-0.005438492,0.0225458816,10.6138182,-0.002943701,0.00346535817,5.74502945,37.796196,37.7938042,1.02445483E-08,3.71850128E-09,4.19735677E-08,5.53052857E-08,1,0,4,3361.88574,367.150055,3425.42188,1,0,0,0,0,1,0,0,0,0,1,0,0,0,Grip,-2.9111618E-06,0.0699046254
194,3.879997,2.879997,-0.00752605,0.7432214,13.2074986,-0.005497061,0.02244449,10.7281227,-0.0029284507,-0.0050695613,5.715227,38.20984,38.2073746,1.071021E-08,-1.22040056E-09,2.172264E-08,5.72032E-08,1,0,4,3560.11523,378.0293,3526.92261,1,0,0,0,0,1,0,0,0,0,1,0,0,0,Grip,-2.811187E-06,0.1119995
195,3.899997,2.899997,-0.00763714453,0.743661761,13.4243116,-0.00555521948,0.0221746489,10.8416252,-0.002907915,-0.01349207,5.675125,38.62133,38.6187973,1.25728548E-08,-1.07414131E-08,1.01788968E-08,6.644865E-08,1,0,4,3865.08228,386.4074,3605.08838,1,0,0,0,0,1,0,0,0,0,1,0,0,0,Grip,9.226228E-07,0.0447947681
196,3.919997,2.919997,-0.00774940755,0.744094133,13.6434059,-0.005613558,0.0217398573,10.9554768,-0.00291692559,-0.0217395835,5.69257736,39.0299339,39.02733,1.53668225E-08,-1.5341648E-08,-5.587847E-08,8.037113E-08,1,0,4,3483.26416,374.268433,3491.83472,1,0,0,0,0,1,0,0,0,0,1,0,0,0,Grip,8.120508E-06,0.0825207457
197,3.939997,2.939997,-0.00786281,0.7445164,13.8647232,-0.005670289,0.0211669,11.0661907,-0.00283655245,-0.0286478549,5.535698,39.4397964,39.4371147,1.76951289E-08,-1.77584862E-08,-6.56333157E-08,9.162277E-08,1,0,4,3757.41968,384.62088,3588.42041,1,0,0,0,0,1,0,0,0,0,1,0,0,0,Grip,1.15982857E-05,0.1366007
198,3.959997,2.959997,-0.007977221,0.7449276,14.088007,-0.0057201013,0.0204293039,11.1634,-0.00249061268,-0.0368798152,4.860449,39.8383636,39.83561,1.76951289E-08,-1.28016113E-08,-1.21783572E-07,9.0825E-08,1,0,4,4139.238,385.77948,3599.23,1,0,0,0,0,1,0,0,0,0,1,0,0,0,Grip,1.34254151E-05,0.0336038321
199,3.979997,2.979997,-0.008092748,0.745317,14.3134718,-0.005775862,0.0193121042,11.2722168,-0.00278803054,-0.055859983,5.440855,40.18831,40.18552,1.62981451E-08,-5.29309929E-09,-1.3925208E-07,8.284712E-08,1,0,4,3757.41968,384.62088,3588.42041,1,0,0,0,0,1,0,0,0,0,1,0,0,0,Grip,9.678018E-06,0.102054268
200,3.999997,2.999997,-0.008209409,0.745679855,14.54115,-0.005832661,0.01800605,11.3830662,-0.00283995178,-0.06530276,5.542469,40.5800438,40.5771942,1.72294676E-08,-2.96939667E-10,6.79700474E-09,8.672848E-08,1,0,4,3998.031,387.0361,3610.95386,1,0,0,0,0,1,0,0,0,0,1,0,0,0,Grip,4.001583E-06,0.08440676
201,4.019997,3.01999712,-0.008327187,0.7460154,14.7710047,-0.005888398,0.01662985,11.4918451,-0.002786843,-0.068809934,5.43894768,40.97909,40.97618,2.00234354E-08,-1.019821E-08,7.18094952E-08,9.983861E-08,1,0,4,3918.49683,386.870483,3609.40869,1,0,0,0,0,1,0,0,0,0,1,0,0,0,Grip,2.24486385E-07,0.1384659
202,4.039997,3.039997,-0.00844595,0.74632585,15.0027838,-0.005937232,0.0152269164,11.5871468,-0.00244171824,-0.0701467,4.76508141,41.37069,41.3677063,2.60770321E-08,-3.17237436E-08,-8.88445655E-08,1.28953033E-07,1,0,4,4300.315,377.3716,3520.78662,1,0,0,0,0,1,0,0,0,0,1,0,0,0,Grip,7.709847E-06,0.03242216
203,4.059997,3.059997,-0.008565808,0.7466034,15.2367,-0.005992031,0.0136113539,11.6940832,-0.002739951,-0.08077812,5.34682274,41.713768,41.7107468,3.02679837E-08,-3.373167E-08,-2.33105169E-07,1.48309041E-07,1,0,4,3918.49683,386.870483,3609.40869,1,0,0,0,0,1,0,0,0,0,1,0,0,0,Grip,2.398315E-05,0.107005924
204,4.079997,3.079997,-0.00868679,0.7468474,15.47281,-0.006048466,0.0119903237,11.8042135,-0.00282174442,-0.08105151,5.5065155,42.098732,42.0956573,3.259629E-08,-2.89149948E-08,-1.96875817E-07,1.58227465E-07,1,0,4,4183.54639,384.976,3591.73364,1,0,0,0,0,1,0,0,0,0,1,0,0,0,Grip,2.55011419E-05,0.07214211
205,4.099997,3.099997,-0.008808889,0.7470609,15.7111,-0.00610446837,0.0105039617,11.913497,-0.00280011445,-0.074318096,5.46417236,42.4951935,42.492054,3.35276127E-08,-2.39217783E-08,-2.60740478E-07,1.61255542E-07,1,0,4,3979.46387,387.05368,3611.118,1,0,0,0,0,1,0,0,0,0,1,0,0,0,Grip,2.18597361E-05,0.1359058
206,4.119997,3.119997,-0.00893199,0.747249961,15.95134,-0.006154164,0.009209539,12.0104733,-0.002484792,-0.0647211447,4.848814,42.888607,42.8854027,3.213063E-08,-1.6520584E-08,-2.47736637E-07,1.53288852E-07,1,0,4,4361.282,372.812225,3478.24854,1,0,0,0,0,1,0,0,0,0,1,0,0,0,Grip,1.80848638E-05,0.0332186967
207,4.139997,3.139997,-0.009056182,0.747412741,16.1937122,-0.00620892458,0.007921699,12.1173363,-0.00273801852,-0.06439197,5.343151,43.23772,43.2344742,3.0733645E-08,-9.077895E-09,-1.73880053E-07,1.45331114E-07,1,0,4,3979.464,387.05368,3611.118,1,0,0,0,0,1,0,0,0,0,1,0,0,0,Grip,1.24895614E-05,0.104898542
208,4.159997,3.159997,-0.009181501,0.7475511,16.4382858,-0.0062655895,0.00679078139,12.2279177,-0.00283324625,-0.056545902,5.52907,43.62242,43.61913,2.98023224E-08,-6.50339871E-09,-1.35362754E-07,1.396528E-07,1,0,4,4321.44727,375.803253,3506.154,1,0,0,0,0,1,0,0,0,0,1,0,0,0,Grip,6.86288831E-06,0.0675827861
209,4.179997,3.179997,-0.009307952,0.74767077,16.6850662,-0.006322329,0.0059264875,12.3386469,-0.00283697154,-0.0432146974,5.536461,44.0205154,44.0171661,3.0733645E-08,-8.819291E-09,-7.252951E-08,1.4272463E-07,1,0,4,4090.77124,386.434662,3605.34253,1,0,0,0,0,1,0,0,0,0,1,0,0,0,Grip,4.916569E-06,0.123285592
210,4.199997,3.199997,-0.009435464,0.7477797,16.93392,-0.0063753915,0.00536630861,12.4422007,-0.00265312847,-0.0280089453,5.1776886,44.419136,44.41573,3.44589353E-08,-2.06012558E-08,-6.332548E-08,1.58692771E-07,1,0,4,4472.58936,364.236,3398.23438,1,0,0,0,0,1,0,0,0,0,1,0,0,0,Grip,6.667384E-06,0.0376116633
211,4.219997,3.219997,-0.00956409,0.74788,17.184948,-0.00643118564,0.00498015061,12.5510845,-0.002789707,-0.0193079,5.444193,44.79193,44.7884827,3.86498868E-08,-2.52489034E-08,-8.15479E-08,1.76449177E-07,1,0,4,4090.77124,386.434662,3605.34253,1,0,0,0,0,1,0,0,0,0,1,0,0,0,Grip,1.557455E-05,0.09856677
212,4.239997,3.239997,-0.009693857,0.747975945,17.4382019,-0.006488491,0.004819283,12.6629162,-0.00286526047,-0.008043391,5.59158325,45.1839142,45.18042,4.284084E-08,-2.536953E-08,-1.08772262E-07,1.9385503E-07,1,0,4,4430.357,367.525635,3428.926,1,0,0,0,0,1,0,0,0,0,1,0,0,0,Grip,1.9088171E-05,0.07018903
213,4.259997,3.259997,-0.00982477,0.7480727,17.69369,-0.00654590363,0.00492701959,12.7749529,-0.00287063885,0.00538683962,5.60183525,45.5865059,45.5829659,4.42378223E-08,-2.26841461E-08,-2.31382515E-07,1.984209E-07,1,0,4,4257.1377,380.534271,3550.29346,1,0,0,0,0,1,0,0,0,0,1,0,0,0,Grip,1.91793642E-05,0.112425834
214,4.279997,3.27999687,-0.009956786,0.748177052,17.9513321,-0.00660106447,0.005296078,12.882597,-0.002758042,0.0184529237,5.382204,45.9898376,45.9862556,4.377216E-08,-1.37138594E-08,-1.73316579E-07,1.94691765E-07,1,0,4,4613.76563,352.9692,3293.118,1,0,0,0,0,1,0,0,0,0,1,0,0,0,Grip,1.71492138E-05,0.04050868
215,4.299997,3.29999685,-0.0100899385,0.748291135,18.2111912,-0.00665794965,0.005811586,12.9936,-0.00284425914,0.0257754,5.550146,46.3773575,46.37374,4.0512532E-08,-1.14993721E-08,-3.345324E-07,1.786541E-07,1,0,4,4231.94727,382.3523,3567.25513,1,0,0,0,0,1,0,0,0,0,1,0,0,0,Grip,1.03676775E-05,0.08734277
216,4.319997,3.31999683,-0.0102242446,0.7484176,18.4733,-0.006715767,0.00647553941,13.10642,-0.00289087184,0.0331976674,5.64098358,46.77697,46.77332,3.49245965E-08,-1.12773773E-08,-4.00631279E-07,1.52686439E-07,1,0,4,4501.491,361.96167,3377.01538,1,0,0,0,0,1,0,0,0,0,1,0,0,0,Grip,8.693525E-06,0.08462707
217,4.339997,3.33999681,-0.0103597082,0.7485598,18.73767,-0.00677373772,0.00728853466,13.2195415,-0.002898532,0.0406497642,5.65609932,47.18312,47.1794319,3.0733645E-08,-1.10673284E-08,-3.14384039E-07,1.332143E-07,1,0,4,4519.338,360.548462,3363.83057,1,0,0,0,0,1,0,0,0,0,1,0,0,0,Grip,8.525697E-06,0.08731246
218,4.359997,3.3599968,-0.0104963379,0.7487201,19.0043144,-0.00683213351,0.008226232,13.3334951,-0.0029197894,0.0468848534,5.69767952,47.5903625,47.5866356,2.65426934E-08,-1.2393595E-09,-2.65558185E-07,1.14065479E-07,1,0,4,4579.644,355.726654,3318.84424,1,0,0,0,0,1,0,0,0,0,1,0,0,0,Grip,8.3669E-06,0.07436773
219,4.379997,3.37999678,-0.010634141,0.7489008,19.27325,-0.006890945,0.009267928,13.4482651,-0.00294058118,0.0520848222,5.738497,48.0005951,47.9968338,2.514571E-08,-3.68342712E-09,-1.41666831E-07,1.07139833E-07,1,0,4,4517.329,360.707855,3365.31763,1,0,0,0,0,1,0,0,0,0,1,0,0,0,Grip,9.36955757E-07,0.0837030262
220,4.39999676,3.39999676,-0.0107731195,0.7491036,19.5444775,-0.006949713,0.0103922626,13.5629482,-0.00293839257,0.0562167279,5.73415756,48.41377,48.4099655,2.142042E-08,-3.76357345E-09,-1.76499682E-07,9.049557E-08,1,0,4,4630.47754,351.611633,3280.45215,1,0,0,0,0,1,0,0,0,0,1,0,0,0,Grip,2.78467087E-06,0.07436821
221,4.41999674,3.41999674,-0.0109132836,0.749329448,19.81802,-0.007009053,0.01156021,13.6787481,-0.00296700746,0.05839737,5.789995,48.8266335,48.82279,1.86264515E-08,-1.26685773E-09,-1.79518E-07,7.80256357E-08,1,0,4,4595.628,354.437469,3306.81641,1,0,0,0,0,1,0,0,0,0,1,0,0,0,Grip,2.84526141E-06,0.07345556
222,4.43999672,3.43999672,-0.01105464,0.7495789,20.0938873,-0.00706870342,0.0127534047,13.7951555,-0.002982514,0.0596597344,5.82036972,49.243515,49.2396278,1.53668225E-08,-1.23937871E-09,-1.22289549E-07,6.382799E-08,1,0,4,4627.477,351.855743,3282.72949,1,0,0,0,0,1,0,0,0,0,1,0,0,0,Grip,9.577444E-07,0.06781105
223,4.4599967,3.4599967,-0.0111972,0.7498518,20.3721066,-0.007129013,0.0139501151,13.91285,-0.0030154828,0.05983552,5.88474274,49.6625862,49.65865,1.35041773E-08,1.28921629E-09,-1.05996371E-07,5.56167841E-08,1,0,4,4621.038,352.379,3287.61133,1,0,0,0,0,1,0,0,0,0,1,0,0,0,Grip,9.36970252E-07,0.0589675754
224,4.47999668,3.47999668,-0.0113409683,0.750148356,20.6526814,-0.0071893977,0.01514471,14.0306931,-0.00301923137,0.05972977,5.89213371,50.0862923,50.0823,1.3038516E-08,-3.47168116E-09,-6.704721E-08,5.32479767E-08,1,0,4,4587.72852,355.075165,3312.766,1,0,0,0,0,1,0,0,0,0,1,0,0,0,Grip,-9.746475E-07,0.05232551
225,4.49999666,3.49999666,-0.011485924,0.750468969,20.9355755,-0.00724873226,0.0163141768,14.1464863,-0.002966728,0.0584733225,5.78966141,50.5105324,50.5064774,1.16415322E-08,-1.05921194E-09,-7.115517E-08,4.71537E-08,1,0,4,4571.8667,356.352356,3324.682,1,0,0,0,0,1,0,0,0,0,1,0,0,0,Grip,2.624591E-06,0.05243919
226,4.51999664,3.51999664,-0.0116320588,0.750811458,21.22077,-0.007307547,0.0173871536,14.2612667,-0.00294074416,0.0536488369,5.7390213,50.92739,50.9232826,8.84756446E-09,1.42754075E-09,-3.62147645E-08,3.55483962E-08,1,0,4,4611.556,353.148376,3294.78955,1,0,0,0,0,1,0,0,0,0,1,0,0,0,Grip,8.007642E-07,0.0519577861
227,4.53999662,3.53999662,-0.0117793605,0.7511734,21.5082417,-0.00736578368,0.018304741,14.37492,-0.0029118266,0.04587937,5.682659,51.3406029,51.33645,8.381903E-09,3.855183E-09,7.253309E-10,3.34111725E-08,1,0,4,4645.49756,350.387726,3269.03345,1,0,0,0,0,1,0,0,0,0,1,0,0,0,Grip,-1.07922074E-06,0.0515784733
228,4.5599966,3.5599966,-0.01192782,0.751550555,21.79797,-0.00742345024,0.01901353,14.48746,-0.00288332812,0.03543943,5.62701225,51.74976,51.7455559,6.98491931E-09,6.183925E-09,-1.492204E-08,2.76263652E-08,1,0,4,4679.877,347.573669,3242.77881,1,0,0,0,0,1,0,0,0,0,1,0,0,0,Grip,-2.914518E-06,0.0512242764
229,4.57999659,3.57999659,-0.0120774237,0.7519376,22.0899334,-0.00748054869,0.0194719452,14.5988932,-0.00285492279,0.02292078,5.57165146,52.1549072,52.1506577,7.450581E-09,1.2648157E-09,2.32295463E-08,2.92432E-08,1,0,4,4714.02539,344.762329,3216.5498,1,0,0,0,0,1,0,0,0,0,1,0,0,0,Grip,-4.675047E-06,0.050896436
230,4.59999657,3.59999657,-0.012228163,0.7523298,22.3841114,-0.007537084,0.01965325,14.7092257,-0.00282677356,0.009065215,5.51662445,52.55607,52.5517731,6.05359674E-09,1.2018504E-09,-2.40198172E-08,2.35818849E-08,1,0,4,4747.973,341.953156,3190.34082,1,0,0,0,0,1,0,0,0,0,1,0,0,0,Grip,-9.562007E-07,0.0505878143
231,4.61999655,3.61999655,-0.0123800244,0.7527207,22.680481,-0.00759306038,0.0195431728,14.8184671,-0.0027988106,-0.005503837,5.46207428,52.9532661,52.948925,6.05359674E-09,-3.6594352E-09,-1.28753346E-08,2.34080471E-08,1,0,4,4781.674,339.1516,3164.20313,1,0,0,0,0,1,0,0,0,0,1,0,0,0,Grip,-9.08598849E-07,0.0502924472
232,4.63999653,3.63999653,-0.0125329979,0.753104448,22.97902,-0.00764848338,0.019142285,14.9266281,-0.00277115032,-0.02004439,5.40804863,53.3465347,53.34215,6.98491931E-09,-3.74212172E-09,-3.50136453E-08,2.68135771E-08,1,0,4,4815.0957,336.362152,3138.17822,1,0,0,0,0,1,0,0,0,0,1,0,0,0,Grip,2.76653282E-06,0.05000656
233,4.65999651,3.65999651,-0.0126870712,0.7534758,23.279707,-0.007703359,0.018463077,15.0337191,-0.00274376944,-0.0339604,5.3545475,53.7359123,53.7314873,9.313226E-09,-1.09187717E-08,-6.717037E-08,3.54967824E-08,1,0,4,4848.199,333.589661,3112.31152,1,0,0,0,0,1,0,0,0,0,1,0,0,0,Grip,2.829044E-06,0.04972516
234,4.67999649,3.67999649,-0.0128422342,0.753829241,23.58252,-0.0077576926,0.0175269,15.1397514,-0.00271669123,-0.04680883,5.30161858,54.1214371,54.1169624,1.21071935E-08,-1.57434457E-08,-1.08213463E-07,4.582264E-08,1,0,4,4880.95752,330.838074,3086.64,1,0,0,0,0,1,0,0,0,0,1,0,0,0,Grip,8.254591E-06,0.0494450554
235,4.69999647,3.69999647,-0.0129984757,0.754160166,23.8874378,-0.007811492,0.0163635388,15.2447386,-0.00268996228,-0.05816808,5.249357,54.5031471,54.4986343,1.25728548E-08,-1.32894442E-08,-1.57082212E-07,4.72573625E-08,1,0,4,4913.34961,328.1106,3061.193,1,0,0,0,0,1,0,0,0,0,1,0,0,0,Grip,1.19020442E-05,0.04916323
236,4.71999645,3.71999645,-0.0131557845,0.7544647,24.1944389,-0.007864763,0.0150080016,15.3486938,-0.00266355928,-0.06777686,5.19776344,54.8810959,54.8765373,1.02445483E-08,-1.30740965E-08,-1.9047485E-07,3.8245215E-08,1,0,4,4945.355,325.4104,3036.001,1,0,0,0,0,1,0,0,0,0,1,0,0,0,Grip,1.004682E-05,0.04887771
237,4.73999643,3.73999643,-0.01331415,0.754739642,24.5035038,-0.007917511,0.0134983435,15.4516287,-0.0026374124,-0.0754829049,5.146742,55.25533,55.25073,1.3038516E-08,-1.287696E-08,-1.85293786E-07,4.83514775E-08,1,0,4,4976.961,322.739868,3011.08545,1,0,0,0,0,1,0,0,0,0,1,0,0,0,Grip,9.884016E-06,0.04858741
238,4.75999641,3.75999641,-0.0134735629,0.7549825,24.81461,-0.0079697445,0.0118737835,15.5535583,-0.00261166133,-0.081228,5.096483,55.62589,55.6212463,1.21071935E-08,-1.018663E-08,-1.862171E-07,4.46035742E-08,1,0,4,5008.16064,320.1008,2986.46362,1,0,0,0,0,1,0,0,0,0,1,0,0,0,Grip,9.734981E-06,0.04829159
239,4.7799964,3.7799964,-0.0136340111,0.755192041,25.1277351,-0.008021467,0.0101733776,15.6544952,-0.002586143,-0.0850203037,5.04684448,55.9928322,55.98815,1.21071935E-08,-5.19417531E-09,-1.02646993E-07,4.431599E-08,1,0,4,5038.953,317.494415,2962.14673,1,0,0,0,0,1,0,0,0,0,1,0,0,0,Grip,7.701092E-06,0.04799004
240,4.79999638,3.79999638,-0.0137954857,0.755367041,25.4428616,-0.008072687,0.008433156,15.7544527,-0.00256099738,-0.0870111,4.99787331,56.3562,56.35149,1.11758709E-08,-5.01132735E-09,-5.01303852E-08,4.0647528E-08,1,0,4,5069.33838,314.921722,2938.144,1,0,0,0,0,1,0,0,0,0,1,0,0,0,Grip,3.92679658E-06,0.04768332
241,4.81999636,3.81999636,-0.0139579745,0.755507231,25.7599716,-0.008123413,0.00668733427,15.8534441,-0.00253627077,-0.08729108,4.9495697,56.7160454,56.7113037,1.11758709E-08,-5.103337E-09,-7.406388E-08,4.039372E-08,1,0,4,5099.32666,312.382751,2914.456,1,0,0,0,0,1,0,0,0,0,1,0,0,0,Grip,3.78856339E-06,0.04737165
242,4.83999634,3.83999634,-0.01412147,0.755613446,26.0790424,-0.008173649,0.00496620871,15.9514828,-0.00251182355,-0.08605628,4.90193367,57.07241,57.067646,1.39698386E-08,-5.26925836E-09,-3.4765737E-08,5.01818143E-08,1,0,4,5128.922,309.878174,2891.08887,1,0,0,0,0,1,0,0,0,0,1,0,0,0,Grip,3.85812245E-06,0.0470559373
243,4.85999632,3.85999632,-0.01428596,0.7556864,26.4000587,-0.008223406,0.00329528,16.04858,-0.002487842,-0.08354644,4.85487,57.4253464,57.4205627,9.313226E-09,1.97859373E-09,-1.693618E-07,3.325213E-08,1,0,4,5158.13574,307.4076,2868.039,1,0,0,0,0,1,0,0,0,0,1,0,0,0,Grip,3.983559E-06,0.0467372239
244,4.8799963,3.8799963,-0.0144514367,0.7557274,26.7229977,-0.008272685,0.00169595261,16.14475,-0.00246395357,-0.0799663737,4.80852127,57.7748947,57.7701,7.450581E-09,4.307142E-09,-3.08620756E-08,2.64432369E-08,1,0,4,5186.98242,304.970642,2845.303,1,0,0,0,0,1,0,0,0,0,1,0,0,0,Grip,-1.49581683E-06,0.0464164168
245,4.89999628,3.89999628,-0.01461789,0.7557382,27.0478439,-0.008321495,0.000185415454,16.2400055,-0.00244048424,-0.0755268559,4.762745,58.12111,58.1163063,4.656613E-09,4.334945E-09,-1.82448E-08,1.64300751E-08,1,0,4,5215.47266,302.567017,2822.87769,1,0,0,0,0,1,0,0,0,0,1,0,0,0,Grip,-3.25619931E-06,0.0460944623
246,4.91999626,3.91999626,-0.01478531,0.755721033,27.3745766,-0.008369843,-0.00122371526,16.3343563,-0.00241738744,-0.07045654,4.71754074,58.4640236,58.4592247,1.86264515E-09,4.417875E-09,-8.49440553E-08,6.534065E-09,1,0,4,5243.61963,300.196136,2800.75781,1,0,0,0,0,1,0,0,0,0,1,0,0,0,Grip,-3.27721818E-06,0.04577239
247,4.93999624,3.93999624,-0.0149536878,0.755677938,27.7031784,-0.008417732,-0.00252285972,16.4278164,-0.002394477,-0.0649572238,4.673004,58.803688,58.7988968,9.313226E-10,6.77396361E-09,4.44340653E-09,3.24844374E-09,1,0,4,5271.43652,297.857483,2778.93872,1,0,0,0,0,1,0,0,0,0,1,0,0,0,Grip,-3.33991329E-06,0.04545123
248,4.959996,3.95999622,-0.0151230143,0.755611062,28.03363,-0.008465171,-0.00370728131,16.5203972,-0.002371939,-0.05922108,4.62904,59.1401443,59.1353645,1.86264515E-09,-5.304167E-10,1.50476911E-08,6.460474E-09,1,0,4,5298.937,295.550354,2757.41382,1,0,0,0,0,1,0,0,0,0,1,0,0,0,Grip,-5.12111637E-06,0.0451317057
249,4.979996,3.9799962,-0.0152932806,0.755522847,28.36592,-0.008512165,-0.00477482053,16.61211,-0.00234972686,-0.05337696,4.58564758,59.4734344,59.4686775,1.86264515E-09,-5.44120471E-10,-7.38109573E-09,6.42480069E-09,1,0,4,5326.133,293.2742,2736.178,1,0,0,0,0,1,0,0,0,0,1,0,0,0,Grip,4.0099502E-07,0.04481443
250,4.999996,3.99999619,-0.0154644782,0.75541544,28.7000237,-0.008558721,-0.00572669832,16.7029667,-0.00232779421,-0.04759389,4.54282761,59.8036079,59.79887,-9.313226E-10,2.08141659E-09,-1.653368E-08,-3.19492344E-09,1,0,4,5353.03271,291.028717,2715.228,1,0,0,0,0,1,0,0,0,0,1,0,0,0,Grip,4.11355074E-07,0.04450026
251,5.019996,4.019996,-0.0156365968,0.7552912,29.0359268,-0.008604842,-0.006565894,16.7929764,-0.00230604783,-0.0419597849,4.50048447,60.13069,60.125988,0,2.10254547E-09,3.29178569E-08,0,1,0,4,5379.65039,288.813049,2694.5564,1,0,0,0,0,1,0,0,0,0,1,0,0,0,Grip,-1.57355089E-06,0.04418943
252,5.039996,4.039996,-0.01580963,0.755152345,29.3736153,-0.008650536,-0.007297442,16.88215,-0.002284674,-0.0365773924,4.45871353,60.4547272,60.4500656,9.313226E-10,-2.700232E-09,3.30167E-09,3.16100635E-09,1,0,4,5405.991,286.627167,2674.1626,1,0,0,0,0,1,0,0,0,0,1,0,0,0,Grip,-1.58952435E-06,0.043882668
253,5.059996,4.059996,-0.0159835685,0.7550008,29.71307,-0.008695807,-0.007927673,16.9705029,-0.00226357952,-0.0315115564,4.41761,60.775753,60.7711334,-9.313226E-10,6.9642403E-09,3.532409E-08,-3.144546E-09,1,0,4,5432.067,284.4703,2654.03955,1,0,0,0,0,1,0,0,0,0,1,0,0,0,Grip,2.04137541E-06,0.0435800627
254,5.079996,4.079996,-0.0161584038,0.7548385,30.0542736,-0.008740661,-0.00846421253,17.05804,-0.00224267133,-0.02682698,4.37688828,61.0938225,61.08925,-2.79396772E-09,6.933871E-09,7.656408E-08,-9.385216E-09,1,0,4,5457.8833,282.342255,2634.18555,1,0,0,0,0,1,0,0,0,0,1,0,0,0,Grip,-5.26496569E-06,0.0432818681
255,5.099996,4.099996,-0.0163341276,0.754667044,30.397213,-0.008785103,-0.00891486648,17.1447773,-0.00222213566,-0.0225326978,4.336834,61.40896,61.40444,-1.86264515E-09,6.77067824E-09,8.786255E-08,-6.22514928E-09,1,0,4,5483.44629,280.242828,2614.59839,1,0,0,0,0,1,0,0,0,0,1,0,0,0,Grip,-5.242006E-06,0.04298812
256,5.119996,4.119996,-0.0165107325,0.7544879,30.741869,-0.008829141,-0.009287694,17.2307224,-0.0022018794,-0.0186413527,4.29725647,61.72121,61.7167473,0,-5.93806448E-10,6.46037961E-08,0,1,0,4,5508.76172,278.1717,2595.27515,1,0,0,0,0,1,0,0,0,0,1,0,0,0,Grip,-5.11863254E-06,0.04269899
257,5.139996,4.139996,-0.016688209,0.75430274,31.0882282,-0.00887278,-0.00959075149,17.3158875,-0.002181949,-0.0151528977,4.258251,62.0306129,62.0262032,0,-5.22024368E-10,8.08344E-09,0,1,0,4,5533.83545,276.128571,2576.21313,1,0,0,0,0,1,0,0,0,0,1,0,0,0,Grip,4.4891766E-07,0.0424144939
258,5.159996,4.159996,-0.01686655,0.7541127,31.4362755,-0.008916024,-0.009832471,17.4002819,-0.002162205,-0.0120859593,4.21972275,62.3372154,62.3328552,1.86264515E-09,-4.67546335E-10,1.03745732E-08,6.133716E-09,1,0,4,5558.671,274.113342,2557.41162,1,0,0,0,0,1,0,0,0,0,1,0,0,0,Grip,3.946504E-07,0.04213456
259,5.179996,4.179996,-0.01704575,0.753918767,31.7859936,-0.008958879,-0.0100205671,17.4839172,-0.00214274041,-0.009404821,4.18176651,62.6410332,62.636734,2.79396772E-09,2.00278349E-09,2.59748383E-08,9.156551E-09,1,0,4,5583.275,272.125641,2538.867,1,0,0,0,0,1,0,0,0,0,1,0,0,0,Grip,3.53465026E-07,0.04185926
260,5.199996,4.199996,-0.0172257964,0.753721952,32.13737,-0.009001348,-0.0101621766,17.5668011,-0.002123462,-0.007080473,4.14419174,62.94212,62.9378853,3.7252903E-09,-2.81148771E-09,5.07783433E-08,1.21511157E-08,1,0,4,5607.64844,270.165436,2520.57861,1,0,0,0,0,1,0,0,0,0,1,0,0,0,Grip,-1.51410427E-06,0.0415882468
261,5.219996,4.219996,-0.0174066834,0.753522933,32.490387,-0.009043439,-0.0102641042,17.6489468,-0.00210455619,-0.00509638339,4.10728455,63.2405,63.23633,2.79396772E-09,-2.82492252E-09,4.4882313E-08,9.070908E-09,1,0,4,5631.796,268.2325,2502.545,1,0,0,0,0,1,0,0,0,0,1,0,0,0,Grip,2.12548457E-06,0.0413216129
262,5.239996,4.239996,-0.0175884068,0.7533225,32.84503,-0.009085157,-0.0103323236,17.7303638,-0.00208588317,-0.003410969,4.070854,63.53623,63.53212,7.450581E-09,-3.30726863E-10,5.14423952E-08,2.407798E-08,1,0,4,5655.71973,266.326752,2484.76465,1,0,0,0,0,1,0,0,0,0,1,0,0,0,Grip,2.13564135E-06,0.0410592034
263,5.259996,4.259996,-0.0177709572,0.7531211,33.20129,-0.009126507,-0.0103723472,17.8110619,-0.00206748955,-0.00200117938,4.03490067,63.82933,63.8252831,1.02445483E-08,-5.186667E-09,2.26929533E-08,3.29571819E-08,1,0,4,5679.424,264.4479,2467.23535,1,0,0,0,0,1,0,0,0,0,1,0,0,0,Grip,2.500295E-07,0.04080087
264,5.279996,4.279996,-0.0179543253,0.7529193,33.55915,-0.009167494,-0.0103888512,17.89105,-0.00204937533,-0.000825198367,3.999424,64.11984,64.11586,1.11758709E-08,-5.35233147E-09,-4.11267678E-08,3.57925032E-08,1,0,4,5702.911,262.5958,2449.95581,1,0,0,0,0,1,0,0,0,0,1,0,0,0,Grip,3.92112042E-06,0.04054653
265,5.299996,4.299996,-0.0181385055,0.752717435,33.9185944,-0.009208124,-0.010386304,17.97034,-0.002031494,0.000127358362,3.9645195,64.4078,64.40388,1.11758709E-08,-2.77801715E-09,-4.48142679E-08,3.56345353E-08,1,0,4,5726.18457,260.770172,2432.923,1,0,0,0,0,1,0,0,0,0,1,0,0,0,Grip,4.04636239E-06,0.04029598
266,5.319996,4.319996,-0.0183234923,0.752515852,34.27961,-0.0092484,-0.0103680128,18.04894,-0.0020137988,0.000914558768,3.92999649,64.6932449,64.6893845,9.313226E-09,1.95854755E-09,-3.975993E-08,2.956609E-08,1,0,4,5749.245,258.971039,2416.1377,1,0,0,0,0,1,0,0,0,0,1,0,0,0,Grip,2.10018084E-06,0.0400492176
267,5.339996,4.339996,-0.0185092781,0.7523148,34.64218,-0.009288328,-0.0103375223,18.1268635,-0.001996383,0.00152452849,3.896141,64.9762039,64.97241,9.313226E-09,1.91880467E-09,2.79704153E-08,2.943896E-08,1,0,4,5772.09863,257.1979,2399.59473,1,0,0,0,0,1,0,0,0,0,1,0,0,0,Grip,-1.48066192E-06,0.0398060419
268,5.359996,4.359996,-0.0186958555,0.752114534,35.0063,-0.009327913,-0.0102970377,18.2041168,-0.00197924674,0.00202422962,3.862667,65.25673,65.25299,8.381903E-09,1.85700044E-09,1.177578E-08,2.63825921E-08,1,0,4,5794.74561,255.450775,2383.29443,1,0,0,0,0,1,0,0,0,0,1,0,0,0,Grip,-1.45061631E-06,0.03956635
269,5.379996,4.379996,-0.0188832171,0.7519151,35.3719521,-0.00936716,-0.0102491342,18.28071,-0.00196234323,0.0023951754,3.82967,65.5348358,65.5311661,9.313226E-09,-1.799474E-09,7.53500551E-09,2.91911384E-08,1,0,4,5817.19,253.729248,2367.233,1,0,0,0,0,1,0,0,0,0,1,0,0,0,Grip,-1.40389227E-06,0.03933015
270,5.399996,4.399996,-0.0190713573,0.7517166,35.73912,-0.009406073,-0.0101952581,18.3566532,-0.00194567256,0.002693804,3.79714966,65.81058,65.80696,1.02445483E-08,-1.71398207E-09,1.47946047E-08,3.19773719E-08,1,0,4,5839.43457,252.033112,2351.40845,1,0,0,0,0,1,0,0,0,0,1,0,0,0,Grip,1.36040228E-06,0.0390971527
271,5.419996,4.419996,-0.0192602668,0.7515193,36.1077957,-0.009444659,-0.0101367943,18.4319534,-0.00192928128,0.00292318873,3.76501083,66.08397,66.0804138,1.02445483E-08,-2.94270786E-09,-6.187844E-08,3.18467E-08,1,0,4,5861.481,250.3622,2335.819,1,0,0,0,0,1,0,0,0,0,1,0,0,0,Grip,1.2957704E-06,0.0388674065
272,5.439996,4.439996,-0.0194499418,0.751322865,36.4779625,-0.009482919,-0.0100752031,18.50662,-0.0019130297,0.00307955779,3.73334885,66.35505,66.3515549,7.450581E-09,2.99291969E-09,-3.457063E-08,2.30677664E-08,1,0,4,5883.333,248.716156,2320.462,1,0,0,0,0,1,0,0,0,0,1,0,0,0,Grip,2.224687E-06,0.0386409052
273,5.45999575,4.45999575,-0.0196403749,0.7511281,36.8496056,-0.009520861,-0.0100107221,18.5806656,-0.00189710408,0.00322405249,3.702259,66.6238556,66.6204147,5.58793545E-09,2.96904545E-09,-3.980112E-08,1.72318639E-08,1,0,4,5904.99365,247.0947,2305.33423,1,0,0,0,0,1,0,0,0,0,1,0,0,0,Grip,-2.26264729E-06,0.03841742
274,5.47999573,4.47999573,-0.01983156,0.750934243,37.22272,-0.009558489,-0.009944885,18.6540947,-0.00188136473,0.00329185277,3.67145538,66.89041,66.88703,9.313226E-10,4.37903269E-09,-8.511905E-08,2.86066926E-09,1,0,4,5926.46436,245.497665,2290.43433,1,0,0,0,0,1,0,0,0,0,1,0,0,0,Grip,-2.24459836E-06,0.0381971523
275,5.49999571,4.49999571,-0.0200234931,0.7507417,37.59729,-0.009595804,-0.009877559,18.7269211,-0.00186576508,0.003366312,3.64131927,67.15476,67.1514359,3.7252903E-09,2.99831271E-09,7.279168E-08,1.13981669E-08,1,0,4,5947.75146,243.924484,2275.75684,1,0,0,0,0,1,0,0,0,0,1,0,0,0,Grip,-3.31054866E-06,0.0379797854
276,5.51999569,4.51999569,-0.020216167,0.7505504,37.97331,-0.009632815,-0.009809264,18.79915,-0.001850538,0.00341474079,3.61146927,67.41693,67.4136658,4.656613E-09,-1.97735939E-09,4.77075623E-09,1.41929535E-08,1,0,4,5968.85449,242.375122,2261.30176,1,0,0,0,0,1,0,0,0,0,1,0,0,0,Grip,-2.26672432E-06,0.0377653763
277,5.53999567,4.53999567,-0.0204095747,0.7503605,38.3507538,-0.009669525,-0.009740195,18.8707924,-0.0018354971,0.00345343724,3.582096,67.67696,67.67374,4.656613E-09,-7.482239E-10,-5.39186473E-09,1.4139057E-08,1,0,4,5989.778,240.849152,2247.0647,1,0,0,0,0,1,0,0,0,0,1,0,0,0,Grip,1.49488369E-06,0.0375538543
278,5.55999565,4.55999565,-0.0206037089,0.75017184,38.72962,-0.009705938,-0.009670694,18.9418545,-0.00182068907,0.003475044,3.5531044,67.93487,67.9317,1.86264515E-09,5.255435E-10,-5.3124122E-08,5.6344005E-09,1,0,4,6010.524,239.346359,2233.044,1,0,0,0,0,1,0,0,0,0,1,0,0,0,Grip,5.656573E-07,0.0373452231
279,5.57999563,4.57999563,-0.0207985658,0.7499846,39.1098976,-0.009742059,-0.009600642,19.0123444,-0.00180602074,0.003502611,3.52449417,68.1907,68.18758,9.313226E-10,5.733525E-10,-4.487847E-08,2.80675283E-09,1,0,4,6031.09668,237.866257,2219.235,1,0,0,0,0,1,0,0,0,0,1,0,0,0,Grip,-3.97310885E-07,0.0371393375
280,5.59999561,4.59999561,-0.02099414,0.7497985,39.4915733,-0.009777891,-0.009530411,19.0822716,-0.0017916318,0.00351155177,3.49636078,68.44446,68.44139,-2.79396772E-09,1.7754237E-09,-7.210186E-08,-8.389394E-09,1,0,4,6051.497,236.408783,2205.63721,1,0,0,0,0,1,0,0,0,0,1,0,0,0,Grip,-4.3345446E-07,0.0369363837
281,5.61999559,4.61999559,-0.0211904235,0.7496139,39.8746338,-0.009813439,-0.009459406,19.1516457,-0.00177738257,0.00355024822,3.46870422,68.6962,68.69318,-9.313226E-10,-6.031841E-10,5.923245E-09,-2.78633272E-09,1,0,4,6071.73,234.973389,2192.24536,1,0,0,0,0,1,0,0,0,0,1,0,0,0,Grip,-1.34222023E-06,0.0367360078
282,5.63999557,4.63999557,-0.0213874131,0.7494306,40.2590752,-0.009848706,-0.009388236,19.2204723,-0.00176336616,0.00355849043,3.44133377,68.9459457,68.94297,0,-4.176567E-09,-2.28465025E-09,0,1,0,4,6091.797,233.5599,2179.05786,1,0,0,0,0,1,0,0,0,0,1,0,0,0,Grip,4.56007172E-07,0.0365385264
283,5.65999556,4.65999556,-0.0215851,0.749248743,40.64488,-0.009883698,-0.00931662,19.2887611,-0.00174958259,0.0035807956,3.41444016,69.19372,69.1907959,9.313226E-10,-4.16085966E-09,1.00839892E-09,2.76652168E-09,1,0,4,6111.702,232.167923,2166.071,1,0,0,0,0,1,0,0,0,0,1,0,0,0,Grip,3.15748457E-06,0.0363418572
284,5.67999554,4.67999554,-0.0217834823,0.749068141,41.0320358,-0.009918418,-0.009244766,19.35652,-0.00173598528,0.00359271653,3.387928,69.43956,69.43668,9.313226E-10,-1.66808689E-09,1.33044411E-08,2.756835E-09,1,0,4,6131.44629,230.797226,2153.28271,1,0,0,0,0,1,0,0,0,0,1,0,0,0,Grip,3.14560975E-06,0.0361500829
285,5.69999552,4.69999552,-0.0219825543,0.7488891,41.42054,-0.009952869,-0.009172435,19.4237556,-0.00172257423,0.00361655839,3.36179733,69.68348,69.68066,4.656613E-09,-1.58485536E-09,3.51951535E-08,1.373645E-08,1,0,4,6151.039,229.447083,2140.68628,1,0,0,0,0,1,0,0,0,0,1,0,0,0,Grip,1.26107363E-06,0.0359604545
286,5.7199955,4.7199955,-0.0221823081,0.7487113,41.8103752,-0.009987057,-0.00909988,19.4904766,-0.001709396,0.00362773426,3.33604813,69.92553,69.92275,3.7252903E-09,-2.86327273E-09,1.91345E-08,1.09515339E-08,1,0,4,6170.471,228.117981,2128.286,1,0,0,0,0,1,0,0,0,0,1,0,0,0,Grip,1.19815058E-06,0.0357735455
287,5.73999548,4.73999548,-0.0223827418,0.748534858,42.2015343,-0.0100209853,-0.0090267295,19.55669,-0.00169640407,0.00365753658,3.31068039,70.1657257,70.16299,7.450581E-09,-2.88718627E-09,1.30509772E-08,2.1828896E-08,1,0,4,6189.753,226.809113,2116.07446,1,0,0,0,0,1,0,0,0,0,1,0,0,0,Grip,2.16463422E-06,0.0355891325
288,5.75999546,4.75999546,-0.02258385,0.748359859,42.59401,-0.0100546582,-0.008953013,19.6224022,-0.001683645,0.00368580222,3.28559875,70.4041,70.4014,5.58793545E-09,7.443776E-10,-7.98447957E-08,1.63168323E-08,1,0,4,6208.885,225.520309,2104.05029,1,0,0,0,0,1,0,0,0,0,1,0,0,0,Grip,2.18271271E-06,0.03540726
289,5.77999544,4.77999544,-0.0227856245,0.74818635,42.9877853,-0.0100880768,-0.008878791,19.68762,-0.0016709324,0.0037111342,3.26089859,70.64066,70.638,6.519258E-09,-1.59608859E-09,-2.3649E-08,1.89732337E-08,1,0,4,6227.86963,224.251221,2092.21,1,0,0,0,0,1,0,0,0,0,1,0,0,0,Grip,-5.62749449E-07,0.0352279171
290,5.79999542,4.79999542,-0.0229880624,0.7480142,43.38286,-0.0101212468,-0.008804121,19.7523537,-0.00165849924,0.003733486,3.23667526,70.87544,70.8728256,8.381903E-09,-3.97601463E-09,-2.32950326E-09,2.43141951E-08,1,0,4,6246.70947,223.001617,2080.55151,1,0,0,0,0,1,0,0,0,0,1,0,0,0,Grip,1.206643E-06,0.03505108
291,5.8199954,4.8199954,-0.02319116,0.7478434,43.7792168,-0.0101541718,-0.008728945,19.8166065,-0.00164625235,0.003758818,3.21264267,71.10848,71.10591,8.381903E-09,-1.55141777E-09,-6.973314E-08,2.42353426E-08,1,0,4,6265.407,221.771179,2069.07178,1,0,0,0,0,1,0,0,0,0,1,0,0,0,Grip,3.005867E-06,0.0348767266
292,5.83999538,4.83999538,-0.0233949088,0.747674346,44.1768456,-0.0101868547,-0.008653158,19.8803883,-0.00163414516,0.00378931873,3.189087,71.3398,71.337265,6.519258E-09,-2.66093658E-09,-3.287421E-08,1.87892226E-08,1,0,4,6283.96631,220.55957,2057.76782,1,0,0,0,0,1,0,0,0,0,1,0,0,0,Grip,1.17287175E-06,0.03470475
293,5.85999537,4.85999537,-0.023599308,0.7475064,44.57574,-0.0102192992,-0.00857749,19.9437065,-0.00162222423,0.00378340483,3.16591263,71.56941,71.56691,7.450581E-09,-2.67198641E-09,1.35594647E-08,2.14052118E-08,1,0,4,6302.3877,219.366547,2046.63721,1,0,0,0,0,1,0,0,0,0,1,0,0,0,Grip,2.011668E-06,0.0345352851
294,5.87999535,4.87999535,-0.02380435,0.7473401,44.9759,-0.010251509,-0.008500899,20.006567,-0.00161048956,0.00382955186,3.14302444,71.7973557,71.7949,9.313226E-09,-1.37885869E-09,2.03269455E-08,2.667243E-08,1,0,4,6320.67529,218.191757,2035.67676,1,0,0,0,0,1,0,0,0,0,1,0,0,0,Grip,2.02002161E-06,0.034368
295,5.89999533,4.89999533,-0.0240100324,0.747175336,45.3773,-0.0102834869,-0.008424055,20.0689735,-0.0015988946,0.00384221785,3.120327,72.02365,72.02123,1.02445483E-08,-1.3661634E-09,-1.48725974E-08,2.92484188E-08,1,0,4,6338.828,217.03511,2024.8855,1,0,0,0,0,1,0,0,0,0,1,0,0,0,Grip,1.04241713E-06,0.03420317
296,5.91999531,4.91999531,-0.0242163483,0.74701196,45.77994,-0.0103152366,-0.008346973,20.1309357,-0.00158748589,0.00385409221,3.09810638,72.2483139,72.2459259,9.313226E-09,3.449367E-09,7.635109E-09,2.65076139E-08,1,0,4,6356.85254,215.8961,2014.25879,1,0,0,0,0,1,0,0,0,0,1,0,0,0,Grip,1.03281945E-06,0.0340407
297,5.93999529,4.93999529,-0.0244232938,0.7468501,46.183815,-0.010346761,-0.008269562,20.192461,-0.00157621689,0.00387053,3.07626724,72.47138,72.46903,1.11758709E-08,8.88885743E-10,8.609407E-08,3.17122E-08,1,0,4,6374.74854,214.7746,2003.79541,1,0,0,0,0,1,0,0,0,0,1,0,0,0,Grip,-2.6077214E-06,0.03388037
298,5.95999527,4.95999527,-0.0246308669,0.7466897,46.58891,-0.0103780655,-0.008191854,20.2535534,-0.00156522729,0.00388543122,3.05461884,72.69287,72.69056,9.313226E-09,-1.50792E-09,-1.728751E-08,2.63471041E-08,1,0,4,6392.517,213.670364,1993.49316,1,0,0,0,0,1,0,0,0,0,1,0,0,0,Grip,-6.719976E-07,0.0337223969
299,5.97999525,4.97999525,-0.0248390622,0.7465308,46.9952126,-0.0104091512,-0.008113788,20.3142185,-0.00155428424,0.003903266,3.03325653,72.9128,72.91052,1.11758709E-08,-3.991006E-09,-2.01020534E-08,3.152209E-08,1,0,4,6410.162,212.583084,1983.34912,1,0,0,0,0,1,0,0,0,0,1,0,0,0,Grip,1.13998749E-06,0.0335666165
300,5.999995,4.999995,-0.0250478741,0.7463734,47.4027252,-0.0104400227,-0.008035514,20.374464,-0.001543574,0.00391374342,3.0122757,73.1311951,73.12895,1.11758709E-08,-5.253126E-09,-6.04594561E-08,3.142887E-08,1,0,4,6427.685,211.5125,1973.36084,1,0,0,0,0,1,0,0,0,0,1,0,0,0,Grip,3.0172007E-06,0.0334130451
301,6.019995,5.019995,-0.0252572969,0.7462176,47.8114357,-0.0104706828,-0.007957061,20.4342976,-0.00153300352,0.00392263755,2.99167633,73.34808,73.34586,1.3038516E-08,-3.93820354E-09,-4.4875474E-08,3.655963E-08,1,0,4,6445.08838,210.458328,1963.52563,1,0,0,0,0,1,0,0,0,0,1,0,0,0,Grip,3.971363E-06,0.0332616232
302,6.039995,5.039995,-0.02546733,0.746063352,48.22133,-0.0105011342,-0.007878519,20.493721,-0.00152257271,0.003927108,2.97117233,73.5634842,73.5613,1.02445483E-08,-1.4635877E-09,-1.20473516E-07,2.86421162E-08,1,0,4,6462.373,209.42041,1953.84216,1,0,0,0,0,1,0,0,0,0,1,0,0,0,Grip,2.97728184E-06,0.03311246
303,6.059995,5.059995,-0.02567797,0.7459104,48.63241,-0.0105313789,-0.00780009525,20.5527439,-0.001512235,0.00392117072,2.95114517,73.7774048,73.77525,8.381903E-09,-1.59111058E-10,-4.50404727E-08,2.33671482E-08,1,0,4,6479.543,208.398361,1944.30664,1,0,0,0,0,1,0,0,0,0,1,0,0,0,Grip,1.10647227E-06,0.0329652354
304,6.079995,5.079995,-0.0258892085,0.7457591,49.0446548,-0.01056142,-0.00772127,20.611372,-0.001502037,0.003941264,2.931404,73.98989,73.98777,1.02445483E-08,-1.51844773E-10,3.76388272E-08,2.84786E-08,1,0,4,6496.596,207.392227,1934.91968,1,0,0,0,0,1,0,0,0,0,1,0,0,0,Grip,1.2028795E-07,0.0328201354
305,6.099995,5.099995,-0.0261010434,0.7456094,49.458065,-0.01059126,-0.007642474,20.6696072,-0.00149202533,0.003939797,2.91175842,74.20095,74.19886,6.519258E-09,8.121248E-09,-1.77595876E-08,1.80716757E-08,1,0,4,6513.53857,206.401428,1925.67578,1,0,0,0,0,1,0,0,0,0,1,0,0,0,Grip,1.14794645E-07,0.03267712
306,6.119995,5.119995,-0.02631347,0.7454611,49.8726349,-0.0106209032,-0.007563768,20.727459,-0.00148215331,0.00393530354,2.89258957,74.4106,74.40854,1.86264515E-09,8.093359E-09,3.131706E-08,5.14892262E-09,1,0,4,6530.37,205.425919,1916.57446,1,0,0,0,0,1,0,0,0,0,1,0,0,0,Grip,-6.139663E-06,0.0325361341
307,6.139995,5.139995,-0.0265264884,0.7453146,50.2883568,-0.0106503526,-0.00748495758,20.7849312,-0.00147246756,0.003940519,2.87361145,74.618866,74.61683,-9.313226E-10,8.040093E-09,-7.960671E-09,-2.56734167E-09,1,0,4,6547.093,204.465408,1907.61316,1,0,0,0,0,1,0,0,0,0,1,0,0,0,Grip,-6.118579E-06,0.0323971361
308,6.159995,5.159995,-0.0267400891,0.7451692,50.7052155,-0.0106796091,-0.00740660867,20.84203,-0.00146282837,0.00391744543,2.85491943,74.82577,74.82376,0,4.34028546E-09,5.33014841E-08,0,1,0,4,6563.709,203.5197,1898.78992,1,0,0,0,0,1,0,0,0,0,1,0,0,0,Grip,-6.07831E-06,0.032260187
309,6.179995,5.179995,-0.0269542728,0.7450257,51.12321,-0.0107086785,-0.0073279473,20.89876,-0.00145346858,0.00393306836,2.83651352,75.03132,75.02934,-2.79396772E-09,4.185594E-09,-1.85624121E-08,-7.660068E-09,1,0,4,6580.22,202.588516,1890.10217,1,0,0,0,0,1,0,0,0,0,1,0,0,0,Grip,-3.28125566E-06,0.03212513
310,6.199995,5.199995,-0.0271690339,0.744883537,51.5423279,-0.0107375616,-0.0072497474,20.95513,-0.00144415535,0.003909995,2.818489,75.23555,75.2336,-2.79396772E-09,4.160534E-09,5.86436855E-08,-7.639459E-09,1,0,4,6596.626,201.6718,1881.54944,1,0,0,0,0,1,0,0,0,0,1,0,0,0,Grip,-3.164309E-06,0.0319920927
311,6.219995,5.219995,-0.02738437,0.7447429,51.96257,-0.0107662622,-0.00717154751,21.01114,-0.00143502839,0.003909995,2.80056,75.43848,75.436554,-4.656613E-09,4.147524E-09,-1.70868319E-09,-1.26984849E-08,1,0,4,6612.93262,200.769043,1873.127,1,0,0,0,0,1,0,0,0,0,1,0,0,0,Grip,-3.14536373E-06,0.0318608768
312,6.239995,5.239995,-0.0276002754,0.7446038,52.3839264,-0.0107947821,-0.007093437,21.0668,-0.00142599456,0.0039055245,2.782917,75.64012,75.6382141,-5.58793545E-09,2.87156388E-09,-8.264367E-09,-1.51979158E-08,1,0,4,6629.13867,199.880264,1864.83484,1,0,0,0,0,1,0,0,0,0,1,0,0,0,Grip,-3.13552823E-06,0.0317315236
313,6.259995,5.259995,-0.0278167445,0.7444663,52.806385,-0.0108231241,-0.00701559475,21.12211,-0.00141710043,0.00389211345,2.76556015,75.84049,75.8386154,-7.450581E-09,2.93334357E-09,-8.239559E-09,-2.02108179E-08,1,0,4,6645.24561,199.005219,1856.6709,1,0,0,0,0,1,0,0,0,0,1,0,0,0,Grip,-2.17090223E-06,0.03160404
314,6.279995,5.279995,-0.02803378,0.744330049,53.2299461,-0.0108512891,-0.00693822931,21.1770782,-0.00140825287,0.0038682716,2.748394,76.03961,76.0377655,-9.313226E-09,5.2945E-09,4.2956998E-08,-2.51979362E-08,1,0,4,6661.25537,198.143692,1848.633,1,0,0,0,0,1,0,0,0,0,1,0,0,0,Grip,-2.21760774E-06,0.03147845
315,6.299995,5.299995,-0.0282513741,0.744195461,53.6546,-0.010879281,-0.00686072931,21.23171,-0.00139959157,0.0038750004,2.73160934,76.2374954,76.23567,-1.21071935E-08,5.2834217E-09,1.0304268E-07,-3.26730181E-08,1,0,4,6677.171,197.29541,1840.71875,1,0,0,0,0,1,0,0,0,0,1,0,0,0,Grip,-4.00264162E-06,0.03135448
316,6.319995,5.319995,-0.0284695253,0.7440624,54.0803337,-0.0109071024,-0.00678354269,21.2860088,-0.00139107,0.003859331,2.71492,76.434166,76.43237,-1.3038516E-08,5.27197042E-09,7.26207361E-08,-3.5096555E-08,1,0,4,6692.99,196.460342,1832.92786,1,0,0,0,0,1,0,0,0,0,1,0,0,0,Grip,-3.99426654E-06,0.0312324781
317,6.339995,5.339995,-0.0286882278,0.7439308,54.50715,-0.0109347561,-0.006706743,21.33998,-0.00138268806,0.00383998267,2.69851685,76.62965,76.62787,-1.49011612E-08,4.049726E-09,4.91049263E-08,-4.00088958E-08,1,0,4,6708.719,195.6381,1825.25659,1,0,0,0,0,1,0,0,0,0,1,0,0,0,Grip,-3.98560951E-06,0.0311121326
318,6.359995,5.359995,-0.0289074816,0.743800759,54.93504,-0.0109622441,-0.00663031545,21.3936272,-0.00137439929,0.00382137951,2.68239975,76.82394,76.82219,-1.58324838E-08,1.01162891E-08,7.9061266E-08,-4.240284E-08,1,0,4,6724.357,194.828613,1817.70422,1,0,0,0,0,1,0,0,0,0,1,0,0,0,Grip,-3.06159268E-06,0.03099367
319,6.379995,5.379995,-0.0291272812,0.743672132,55.3639946,-0.0109895673,-0.00655429065,21.4469547,-0.00136615708,0.00380123965,2.666378,77.01707,77.01534,-1.58324838E-08,7.549806E-09,1.11322088E-07,-4.229739E-08,1,0,4,6739.90625,194.03157,1810.268,1,0,0,0,0,1,0,0,0,0,1,0,0,0,Grip,-7.647915E-06,0.0308767557
320,6.399995,5.399995,-0.0293476246,0.743544936,55.79401,-0.01101673,-0.00647868263,21.49997,-0.00135814771,0.00378040131,2.65073776,77.2090454,77.20734,-1.76951289E-08,5.17074339E-09,1.06069088E-07,-4.715697E-08,1,0,4,6755.366,193.246948,1802.94763,1,0,0,0,0,1,0,0,0,0,1,0,0,0,Grip,-5.707653E-06,0.0307616442
321,6.419995,5.419995,-0.0295685064,0.7434193,56.22508,-0.0110437348,-0.00640329765,21.5526752,-0.00135023147,0.00376924872,2.63528824,77.3999,77.39822,-1.67638063E-08,2.65382827E-09,1.05729718E-07,-4.45657626E-08,1,0,4,6770.74,192.4745,1795.74084,1,0,0,0,0,1,0,0,0,0,1,0,0,0,Grip,-3.909082E-06,0.0306480341
322,6.439995,5.439995,-0.0297899246,0.7432951,56.657196,-0.0110705839,-0.00632846449,21.6050758,-0.00134245493,0.00374165829,2.62002945,77.5896454,77.58798,-1.67638063E-08,2.690045E-09,6.342742E-08,-4.44576571E-08,1,0,4,6786.028,191.714081,1788.64636,1,0,0,0,0,1,0,0,0,0,1,0,0,0,Grip,-2.00629415E-06,0.0305362586
323,6.459995,5.459995,-0.030011395,0.743182659,57.08941,-0.011071411,-0.00625395868,21.6066933,-4.13507223E-05,0.0037252903,0.08087158,77.77828,77.77664,-1.58324838E-08,3.25702731E-09,8.834271E-08,-4.19845776E-08,1,0,4,6801.2334,190.965363,147.5905,2,1,0,0,0,1,0,0,0,0,1,0,0,0,Grip,-2.033674E-06,0.00254174368
324,6.479995,5.479995,-0.0302327741,0.7430558,57.52145,-0.0110651553,-0.007478433,21.5944862,0.0003127847,-0.0612237267,-0.610351563,77.78411,77.7825851,-1.67638063E-08,3.23243854E-09,3.706157E-08,-4.4479286E-08,1,0,4,6419.415,212.016617,163.860291,2,1,0,0,0,1,0,0,0,0,1,0,0,0,Grip,-2.46231252E-06,0.00286732055
325,6.49999475,5.49999475,-0.0304540657,0.742870331,57.9533157,-0.0110595273,-0.0107680233,21.5835075,0.000281399116,-0.164479509,-0.548934937,77.7401657,77.73882,-1.58324838E-08,2.983365E-09,1.21752521E-07,-4.20294768E-08,1,0,4,6037.59668,237.400787,183.478836,2,1,0,0,0,1,0,0,0,0,1,0,0,0,Grip,-2.44372336E-06,0.00331318146
326,6.51999474,5.51999474,-0.0306752678,0.7425804,58.38501,-0.0110543929,-0.01620799,21.5734921,0.000256719068,-0.271998316,-0.5007744,77.7006454,77.69949,-1.39698386E-08,1.85497506E-09,1.19472944E-07,-3.71019659E-08,1,0,4,5655.77832,266.3221,205.831116,2,1,0,0,0,1,0,0,0,0,1,0,0,0,Grip,-2.25542385E-06,0.00382634858
327,6.53999472,5.53999472,-0.030896388,0.7421466,58.81654,-0.011049808,-0.0235041045,21.5645485,0.000229245052,-0.364805758,-0.4471779,77.6646042,77.66361,-1.21071935E-08,1.65534708E-09,1.08601576E-07,-3.21683054E-08,1,0,4,5273.96,297.645569,230.039932,2,1,0,0,0,1,0,0,0,0,1,0,0,0,Grip,-1.40236114E-06,0.00438392255
328,6.5599947,5.5599947,-0.0311174262,0.7415404,59.2479172,-0.0110457959,-0.0321389139,21.5567188,0.000200606883,-0.4317405,-0.3914833,77.63243,77.6315842,-1.49011612E-08,1.14106269E-09,8.692302E-09,-3.960606E-08,1,0,4,4892.1416,329.897034,254.965988,2,1,0,0,0,1,0,0,0,0,1,0,0,0,Grip,-1.25144231E-06,0.00495384727
329,6.57999468,5.57999468,-0.0313383937,0.7407459,59.6791534,-0.0110423481,-0.0414943658,21.5499916,0.000172387809,-0.4677726,-0.336360931,77.60428,77.6035461,-1.39698386E-08,1.43686762E-09,3.46253479E-08,-3.71422075E-08,1,0,4,4510.323,361.263123,279.207733,2,1,0,0,0,1,0,0,0,0,1,0,0,0,Grip,-8.626434E-07,0.00549769541
330,6.59999466,5.59999466,-0.0315598734,0.7397487,60.1113853,-0.0110702123,-0.0509426743,21.604372,-0.001393212,-0.472415447,2.71902084,77.58012,77.5794754,-1.49011612E-08,2.658542E-09,2.9006209E-08,-3.95185928E-08,1,0,4,4471.2627,364.339966,2346.54785,2,0,0,0,0,1,0,0,0,0,1,0,0,0,Grip,-1.08627194E-06,0.0464887135
331,6.61999464,5.61999464,-0.03178203,0.738587,60.5449371,-0.0111065032,-0.05844613,21.6751976,-0.00181454234,-0.375172883,3.54127884,77.77596,77.7753143,-1.49011612E-08,1.43078727E-09,2.79192172E-08,-3.93894624E-08,1,0,4,4832.87158,334.874481,2156.774,2,0,0,0,0,1,0,0,0,0,1,0,0,0,Grip,-2.00985778E-06,0.0415300354
332,6.63999462,5.63999462,-0.0320048556,0.737330556,60.9797935,-0.0111418273,-0.06263836,21.7441368,-0.0017662067,-0.209611282,3.44696045,78.0310059,78.03028,-1.67638063E-08,6.18908436E-09,3.39110571E-08,-4.417268E-08,1,0,4,4802.25928,337.4347,2173.26318,2,0,0,0,0,1,0,0,0,0,1,0,0,0,Grip,-1.08167512E-06,0.0401792824
333,6.6599946,5.6599946,-0.0322283581,0.7360577,61.4159737,-0.0111771394,-0.0630502552,21.813055,-0.00176560134,-0.0205948949,3.44591141,78.27923,78.27842,-1.76951289E-08,6.151305E-09,1.01335075E-07,-4.64794532E-08,1,0,4,4807.23535,337.0191,2170.58643,2,0,0,0,0,1,0,0,0,0,1,0,0,0,Grip,-4.678948E-06,0.0386343524
334,6.67999458,5.67999458,-0.0324525423,0.7348448,61.85349,-0.0112122959,-0.05974286,21.88167,-0.00175782479,0.165369734,3.430748,78.5273361,78.5264359,-1.76951289E-08,3.70149866E-09,1.07664192E-07,-4.633377E-08,1,0,4,4809.67,336.815643,2169.27612,2,0,0,0,0,1,0,0,0,0,1,0,0,0,Grip,-4.65038647E-06,0.03732588
335,6.69999456,5.69999456,-0.032677412,0.73376,62.29234,-0.0112472726,-0.0531432,21.9499321,-0.00174883753,0.329983056,3.413105,78.7743149,78.77334,-1.86264515E-08,3.65915587E-09,5.437966E-08,-4.86207838E-08,1,0,4,4813.8916,336.462769,2167.00342,2,0,0,0,0,1,0,0,0,0,1,0,0,0,Grip,-2.79833284E-06,0.0362432525
336,6.71999454,5.71999454,-0.03290297,0.7328579,62.7325363,-0.0112820454,-0.04389778,22.0177975,-0.00173863955,0.462270916,3.39326859,79.02,79.01897,-2.142042E-08,4.84490137E-09,8.728899E-08,-5.57416264E-08,1,0,4,4819.79639,335.969,2163.82324,2,0,0,0,0,1,0,0,0,0,1,0,0,0,Grip,-2.76632181E-06,0.0353846252
337,6.73999453,5.73999453,-0.03312922,0.7321774,63.1740723,-0.0113165993,-0.0327566452,22.0852318,-0.00172769651,0.557056844,3.37171555,79.26424,79.26318,-2.32830644E-08,4.790924E-09,-1.37461935E-08,-6.040377E-08,1,0,4,4827.409,335.331879,2159.72,2,0,0,0,0,1,0,0,0,0,1,0,0,0,Grip,-3.66274526E-06,0.0347315669
338,6.75999451,5.75999451,-0.0333561525,0.7317424,63.6169472,-0.0113509251,-0.0204859953,22.1522217,-0.00171628781,0.6135325,3.349495,79.50693,79.50588,-2.514571E-08,4.70852424E-09,8.620465E-09,-6.503882E-08,1,0,4,4836.60449,334.561737,2154.75977,2,0,0,0,0,1,0,0,0,0,1,0,0,0,Grip,-3.6219385E-06,0.0342599526
339,6.77999449,5.77999449,-0.03358377,0.731561661,64.06116,-0.01138502,-0.00780769158,22.21876,-0.00170473941,0.6339152,3.32689285,79.74804,79.74702,-2.70083547E-08,1.156108E-09,-2.45824356E-08,-6.964731E-08,1,0,4,4847.20361,333.6732,2149.03687,2,0,0,0,0,1,0,0,0,0,1,0,0,0,Grip,-3.55964426E-06,0.03394374
340,6.79999447,5.79999447,-0.0338120721,0.7316315,64.5067,-0.0114188837,0.004643251,22.28485,-0.001693191,0.62254715,3.30448151,79.98755,79.98656,-2.79396772E-08,3.61667118E-09,3.995067E-08,-7.1835224E-08,1,0,4,4859.007,332.682678,2142.65747,2,0,0,0,0,1,0,0,0,0,1,0,0,0,Grip,-8.740176E-07,0.03375718
341,6.81999445,5.81999445,-0.03404105,0.7319371,64.95357,-0.0114525175,0.0163410027,22.3504925,-0.00168168917,0.584887564,3.28216553,80.22547,80.22452,-2.60770321E-08,-1.26375943E-09,1.06977993E-07,-6.68492461E-08,1,0,4,4871.813,331.606934,2135.72925,2,0,0,0,0,1,0,0,0,0,1,0,0,0,Grip,-2.73420324E-06,0.0336755738
342,6.83999443,5.83999443,-0.0342707038,0.7324555,65.40176,-0.0114859287,0.0268799979,22.4156971,-0.00167055987,0.526949763,3.260231,80.46181,80.4609,-2.70083547E-08,1.12140131E-09,-3.24668625E-09,-6.903525E-08,1,0,4,4885.42627,330.462158,2128.3562,2,0,0,0,0,1,0,0,0,0,1,0,0,0,Grip,9.554021E-07,0.0336757973
343,6.85999441,5.85999441,-0.03450103,0.7331579,65.85125,-0.0115191229,0.0359739959,22.4804783,-0.00165971,0.4546999,3.23905945,80.69658,80.695694,-2.60770321E-08,1.15198229E-09,-1.55505608E-09,-6.64626E-08,1,0,4,4899.65771,329.2642,2120.64063,2,0,0,0,0,1,0,0,0,0,1,0,0,0,Grip,-8.47779347E-07,0.0337366
344,6.87999439,5.87999439,-0.0347320251,0.734011948,66.30205,-0.0115521047,0.043449048,22.5448456,-0.00164909288,0.373752624,3.21836472,80.92984,80.9289856,-2.514571E-08,-1.27356392E-09,1.14496306E-08,-6.39059E-08,1,0,4,4914.333,328.0277,2112.677,2,0,0,0,0,1,0,0,0,0,1,0,0,0,Grip,-8.708986E-07,0.03383882
345,6.89999437,5.89999437,-0.03496368,0.7349838,66.75414,-0.0115848817,0.0492303073,22.6088161,-0.00163884833,0.289062977,3.19852829,81.1616058,81.16077,-2.32830644E-08,2.4086686E-09,9.1725525E-08,-5.90046731E-08,1,0,4,4929.294,326.766,2104.55078,2,0,0,0,0,1,0,0,0,0,1,0,0,0,Grip,9.628143E-07,0.03396564
346,6.91999435,5.91999435,-0.0351959951,0.7360395,67.20752,-0.0116174612,0.0533271432,22.6724,-0.00162897632,0.2048418,3.1791687,81.3919449,81.3911057,-2.32830644E-08,-1.24492394E-09,4.380588E-08,-5.88391877E-08,1,0,4,4944.397,325.4913,2096.34131,2,0,0,0,0,1,0,0,0,0,1,0,0,0,Grip,-1.82095346E-06,0.0341024622
347,6.93999434,5.93999434,-0.0354289636,0.737147,67.66218,-0.01164985,0.0558165,22.735611,-0.00161943026,0.124467909,3.160572,81.62087,81.62002,-2.04890966E-08,-3.587878E-09,6.104085E-08,-5.163453E-08,1,0,4,4959.5166,324.214264,2088.11646,2,0,0,0,0,1,0,0,0,0,1,0,0,0,Grip,9.41162455E-07,0.0342366919
348,6.95999432,5.95999432,-0.03566258,0.738276243,68.1180954,-0.011682054,0.0568265766,22.7984619,-0.00161021017,0.05050376,3.14254761,81.84845,81.84757,-1.67638063E-08,-7.2427726E-09,4.569391E-08,-4.21299831E-08,1,0,4,4974.54443,322.944183,2079.93628,2,0,0,0,0,1,0,0,0,0,1,0,0,0,Grip,2.71243562E-06,0.0343587473
349,6.9799943,5.9799943,-0.03589684,0.739400864,68.57529,-0.01171408,0.0565214641,22.8609619,-0.001601316,-0.0152556226,3.125,82.07473,82.07381,-1.49011612E-08,-4.75898254E-09,-5.128651E-08,-3.734652E-08,1,0,4,4989.39551,321.688354,2071.84814,2,0,0,0,0,1,0,0,0,0,1,0,0,0,Grip,5.475536E-06,0.0344611779
350,6.99999428,5.99999428,-0.0361317433,0.7404982,69.03372,-0.0117459325,0.0550868772,22.9231243,-0.00159260817,-0.07172935,3.10812,82.29972,82.2987442,-1.21071935E-08,-3.53334517E-09,7.531586E-09,-3.02617877E-08,1,0,4,5004.00439,320.452484,2063.88843,2,0,0,0,0,1,0,0,0,0,1,0,0,0,Grip,3.59779074E-06,0.0345389247
351,7.01999426,6.01999426,-0.036367286,0.741549253,69.4934,-0.0117776152,0.0527183451,22.9849548,-0.00158413313,-0.118426606,3.091526,82.52349,82.52245,-1.11758709E-08,-3.502796E-09,-2.00646E-08,-2.78588477E-08,1,0,4,5018.32373,319.2407,2056.08374,2,0,0,0,0,1,0,0,0,0,1,0,0,0,Grip,2.671209E-06,0.034588933
352,7.03999424,6.03999424,-0.036603462,0.742539167,69.9543152,-0.011809133,0.0496115647,23.046463,-0.00157589093,-0.155339018,3.075409,82.74606,82.74495,-9.313226E-09,-6.99335256E-09,-3.598063E-08,-2.31537776E-08,1,0,4,5032.32568,318.055481,2048.45044,2,0,0,0,0,1,0,0,0,0,1,0,0,0,Grip,2.64811365E-06,0.03461143
353,7.059994,6.059994,-0.0368402675,0.743456841,70.41646,-0.0118404888,0.04595408,23.1076565,-0.00156778842,-0.182874322,3.05967331,82.96747,82.96627,-6.519258E-09,-8.16552248E-09,3.868239E-09,-1.61647442E-08,1,0,4,5046.014,316.896576,2040.98645,2,0,0,0,0,1,0,0,0,0,1,0,0,0,Grip,5.28697456E-06,0.03460404
354,7.079994,6.079994,-0.0370777,0.7442944,70.87982,-0.0118716862,0.0419196673,23.16854,-0.00155987218,-0.201720566,3.04412842,83.18774,83.18645,-9.313226E-10,-9.368886E-09,-4.428594E-08,-2.30318431E-09,1,0,4,5059.36133,315.766479,2033.708,2,0,0,0,0,1,0,0,0,0,1,0,0,0,Grip,6.173135E-06,0.0345698
355,7.099994,6.099994,-0.0373157524,0.7450477,71.3444061,-0.011902729,0.0376648679,23.2291164,-0.0015521422,-0.212739974,3.02886963,83.40688,83.4055,-1.86264515E-09,-4.55343141E-09,-1.32818442E-07,-4.59436267E-09,1,0,4,5072.398,314.662628,2026.59863,2,0,0,0,0,1,0,0,0,0,1,0,0,0,Grip,7.082878E-06,0.0345110968
356,7.119994,6.119994,-0.037554428,0.7457145,71.8101959,-0.0119336173,0.0333253145,23.2893944,-0.00154441223,-0.216977671,3.013897,83.62494,83.62346,1.86264515E-09,-1.164887E-08,-7.422605E-08,4.582478E-09,1,0,4,5085.14258,313.5836,2019.649,2,0,0,0,0,1,0,0,0,0,1,0,0,0,Grip,3.442394E-06,0.03443104
357,7.139994,6.139994,-0.0377937146,0.7462954,72.27719,-0.0119643537,0.0290162824,23.3493748,-0.001536822,-0.215451613,2.99901962,83.84191,83.84033,3.7252903E-09,-9.153199E-09,-1.06646723E-07,9.141425E-09,1,0,4,5097.623,312.527,2012.84412,2,0,0,0,0,1,0,0,0,0,1,0,0,0,Grip,8.806545E-06,0.0343328454
358,7.159994,6.159994,-0.0380336158,0.7467932,72.74538,-0.0119949393,0.0248315651,23.4090614,-0.00152927823,-0.209235877,2.984333,84.05782,84.0561447,3.7252903E-09,-9.081361E-09,-8.8252456E-08,9.11812847E-09,1,0,4,5109.869,311.4904,2006.16772,2,0,0,0,0,1,0,0,0,0,1,0,0,0,Grip,6.919818E-06,0.03421993
359,7.179994,6.179994,-0.038274128,0.7472112,73.21475,-0.0120253749,0.0208438821,23.4684563,-0.00152178109,-0.199384153,2.96974182,84.27268,84.27092,8.381903E-09,-9.01616648E-09,-6.68677345E-08,2.046389E-08,1,0,4,5121.912,310.471252,1999.60388,2,0,0,0,0,1,0,0,0,0,1,0,0,0,Grip,6.865509E-06,0.0340956822
360,7.199994,6.199994,-0.0385152474,0.7475549,73.68531,-0.0120556625,0.0171084031,23.5275612,-0.00151437707,-0.186773956,2.955246,84.48648,84.4846344,1.11758709E-08,-1.13776117E-08,-9.01009E-08,2.72166716E-08,1,0,4,5133.782,309.46698,1993.13586,2,0,0,0,0,1,0,0,0,0,1,0,0,0,Grip,6.81622168E-06,0.03396306
361,7.219994,6.219994,-0.0387569666,0.7478298,74.15705,-0.0120858029,0.0136621911,23.5863781,-0.00150701962,-0.1723106,2.94084549,84.69925,84.69732,1.3038516E-08,-7.653059E-09,-1.11038354E-07,3.167363E-08,1,0,4,5145.507,308.4753,1986.7489,2,0,0,0,0,1,0,0,0,0,1,0,0,0,Grip,8.601474E-06,0.03382471
362,7.239994,6.239994,-0.03899929,0.7480422,74.62996,-0.012115797,0.0105278678,23.6449089,-0.00149970874,-0.156716168,2.92654037,84.91099,84.90898,1.49011612E-08,-5.20926058E-09,-1.2968006E-07,3.61088581E-08,1,0,4,5157.11133,307.494171,1980.42981,2,0,0,0,0,1,0,0,0,0,1,0,0,0,Grip,5.78571235E-06,0.0336832628
363,7.259994,6.259994,-0.0392422043,0.7481984,75.1040344,-0.0121456441,0.007715163,23.7031536,-0.00149235129,-0.140635252,2.91223526,85.12169,85.11962,1.11758709E-08,-2.79315815E-09,-1.02438683E-07,2.70151137E-08,1,0,4,5168.61865,306.521667,1974.16638,2,0,0,0,0,1,0,0,0,0,1,0,0,0,Grip,3.93820073E-06,0.03354059
364,7.279994,6.279994,-0.03948572,0.748304844,75.57926,-0.0121753467,0.00522377668,23.761116,-0.00148513354,-0.124569312,2.89812088,85.33137,85.32925,1.39698386E-08,-5.11482767E-09,-1.16316755E-07,3.36865327E-08,1,0,4,5180.04736,305.556244,1967.94861,2,0,0,0,0,1,0,0,0,0,1,0,0,0,Grip,2.11162751E-06,0.03339826
365,7.299994,6.299994,-0.0397298262,0.7483677,76.05566,-0.012204905,0.00304498128,23.8187962,-0.00147791579,-0.108939774,2.8840065,85.54003,85.53786,1.3038516E-08,-8.634899E-09,-1.30705018E-07,3.136464E-08,1,0,4,5191.413,304.596619,1961.76807,2,0,0,0,0,1,0,0,0,0,1,0,0,0,Grip,3.86680949E-06,0.033257544
366,7.319994,6.319994,-0.0399745181,0.748393059,76.5331955,-0.012234319,0.00116379187,23.8761959,-0.001470698,-0.0940594748,2.86998749,85.74768,85.74547,1.76951289E-08,-1.09535385E-08,-9.55597557E-08,4.24639772E-08,1,0,4,5202.72656,303.641876,1955.619,2,0,0,0,0,1,0,0,0,0,1,0,0,0,Grip,6.52798326E-06,0.033119373
367,7.339994,6.339994,-0.040219795,0.7483864,77.01188,-0.0122635905,-0.000439587166,23.9333172,-0.00146357343,-0.080168955,2.85606384,85.9543152,85.95208,1.76951289E-08,-9.635655E-09,-1.05352896E-07,4.23626432E-08,1,0,4,5213.99951,302.6912,1949.49609,2,0,0,0,0,1,0,0,0,0,1,0,0,0,Grip,8.280875E-06,0.0329844132
368,7.359994,6.359994,-0.0404656567,0.748352766,77.49169,-0.0122927185,-0.00178754318,23.99016,-0.00145640224,-0.0673978,2.8421402,86.15995,86.15769,2.32830644E-08,-8.398844E-09,-6.791979E-08,5.5608254E-08,1,0,4,5225.237,301.74408,1943.39612,2,0,0,0,0,1,0,0,0,0,1,0,0,0,Grip,7.284555E-06,0.032853134
369,7.379994,6.379994,-0.0407121,0.748296857,77.97264,-0.0123217059,-0.00290440023,24.0467262,-0.00144937076,-0.0558428541,2.828312,86.3645859,86.3623047,2.42143869E-08,-8.277505E-09,-1.216554E-07,5.76965427E-08,1,0,4,5236.444,300.800171,1937.31689,2,0,0,0,0,1,0,0,0,0,1,0,0,0,Grip,6.3495263E-06,0.0327255651
370,7.399994,6.399994,-0.04095912,0.7482227,78.45472,-0.0123505518,-0.00381516735,24.1030159,-0.00144229271,-0.04553836,2.81448364,86.56822,86.56594,2.32830644E-08,-6.988502E-09,-1.29157371E-07,5.534788E-08,1,0,4,5247.622,299.859344,1931.25745,2,0,0,0,0,1,0,0,0,0,1,0,0,0,Grip,6.2577933E-06,0.0326021425
371,7.419994,6.419994,-0.0412067138,0.7481339,78.93791,-0.012379257,-0.004544481,24.1590328,-0.00143526122,-0.0364656933,2.800846,86.77087,86.7685852,2.70083547E-08,-9.429831E-09,-8.500393E-08,6.405467E-08,1,0,4,5258.77441,298.921448,1925.21692,2,0,0,0,0,1,0,0,0,0,1,0,0,0,Grip,5.28330747E-06,0.0324825272
372,7.439994,6.439994,-0.0414548777,0.748033762,79.422226,-0.0124078235,-0.005116099,24.2147789,-0.00142832287,-0.0285808928,2.787304,86.97253,86.9702454,2.98023224E-08,-9.423443E-09,-8.528428E-08,7.051828E-08,1,0,4,5269.899,297.986633,1919.19617,2,0,0,0,0,1,0,0,0,0,1,0,0,0,Grip,7.128952E-06,0.0323665664
373,7.459994,6.459994,-0.04170361,0.747924864,79.9076462,-0.0124362512,-0.00555251352,24.2702541,-0.00142138451,-0.0218207259,2.77376175,87.17322,87.17094,3.259629E-08,-9.56116253E-09,-8.556935E-08,7.695307E-08,1,0,4,5280.99561,297.054932,1913.19543,2,0,0,0,0,1,0,0,0,0,1,0,0,0,Grip,7.124123E-06,0.0322542042
374,7.479994,6.479994,-0.04195291,0.7478095,80.394165,-0.0124645429,-0.0058744587,24.3254585,-0.00141458586,-0.0160972588,2.76021957,87.3729248,87.37065,3.0733645E-08,-8.344299E-09,-2.25718182E-07,7.239108E-08,1,0,4,5292.06348,296.126526,1907.21606,2,0,0,0,0,1,0,0,0,0,1,0,0,0,Grip,7.2282387E-06,0.03214512
375,7.499994,6.499994,-0.04220277,0.7476896,80.88179,-0.0124926977,-0.00610058242,24.3803978,-0.00140774064,-0.0113061862,2.7469635,87.57166,87.5694046,3.44589353E-08,-9.43709555E-09,-1.72223082E-07,8.098283E-08,1,0,4,5303.099,295.20166,1901.2594,2,0,0,0,0,1,0,0,0,0,1,0,0,0,Grip,6.30828936E-06,0.03203878
376,7.519994,6.519994,-0.0424531922,0.7475667,81.37051,-0.0125207165,-0.00624788133,24.43507,-0.001400942,-0.00736494549,2.733612,87.76944,87.7672043,3.44589353E-08,-9.360768E-09,-2.144872E-07,8.080163E-08,1,0,4,5314.10059,294.280548,1895.3269,2,0,0,0,0,1,0,0,0,0,1,0,0,0,Grip,7.134444E-06,0.03193534
377,7.539994,6.539994,-0.0427041724,0.7474421,81.86031,-0.0125486,-0.00633124961,24.48948,-0.00139418989,-0.00416841358,2.72045135,87.96626,87.964035,3.44589353E-08,-9.26700849E-09,-2.0558781E-07,8.062208E-08,1,0,4,5325.067,293.3633,1889.41943,2,0,0,0,0,1,0,0,0,0,1,0,0,0,Grip,7.07674053E-06,0.0318343155
378,7.55999374,6.55999374,-0.0429557078,0.7473168,82.3512,-0.0125763491,-0.00636354228,24.5436249,-0.00138743781,-0.001614634,2.70729065,88.16213,88.159935,3.35276127E-08,-9.223022E-09,-1.968506E-07,7.827003E-08,1,0,4,5335.994,292.450317,1883.53931,2,0,0,0,0,1,0,0,0,0,1,0,0,0,Grip,7.005858E-06,0.0317353979
379,7.57999372,6.57999372,-0.0432077944,0.7471918,82.84316,-0.0126039637,-0.006355797,24.59751,-0.00138073228,0.0003872672,2.69422531,88.35706,88.35487,3.53902578E-08,-8.003427E-09,-1.85501776E-07,8.243736E-08,1,0,4,5346.88135,291.541656,1877.687,2,0,0,0,0,1,0,0,0,0,1,0,0,0,Grip,6.97260475E-06,0.0316382647
380,7.59999371,6.59999371,-0.0434604324,0.747067451,83.3362,-0.0126314461,-0.006317874,24.6511345,-0.00137411989,0.00189614948,2.68125534,88.55105,88.5488739,3.259629E-08,-6.755528E-09,-2.18892282E-07,7.576395E-08,1,0,4,5357.726,290.637573,1871.86426,2,0,0,0,0,1,0,0,0,0,1,0,0,0,Grip,6.050591E-06,0.031543
381,7.61999369,6.61999369,-0.04371361,0.7469443,83.83029,-0.0126587963,-0.006257474,24.7045021,-0.0013675075,0.00301999971,2.66838074,88.7440948,88.74194,3.44589353E-08,-7.894521E-09,-2.02951156E-07,7.992027E-08,1,0,4,5368.527,289.7382,1866.07166,2,0,0,0,0,1,0,0,0,0,1,0,0,0,Grip,5.10717928E-06,0.03144906
382,7.63999367,6.63999367,-0.04396734,0.7468226,84.32546,-0.0126860151,-0.006181091,24.7576122,-0.00136094168,0.00381914433,2.65550613,88.93622,88.93409,2.98023224E-08,-4.22726432E-09,-2.34200414E-07,6.897194E-08,1,0,4,5379.28125,288.843719,1860.31079,2,0,0,0,0,1,0,0,0,0,1,0,0,0,Grip,5.96825748E-06,0.03135643
383,7.65999365,6.65999365,-0.04422161,0.7467027,84.8216858,-0.0127131026,-0.00609382,24.8104687,-0.00135437585,0.004363549,2.64282227,89.12742,89.1253052,2.8871E-08,-1.75553327E-09,-1.6740762E-07,6.66742039E-08,1,0,4,5389.98828,287.954346,1854.58276,2,0,0,0,0,1,0,0,0,0,1,0,0,0,Grip,3.19581181E-06,0.0312650576
384,7.67999363,6.67999363,-0.04447642,0.746584535,85.3189545,-0.01274006,-0.00600027852,24.8630714,-0.0013478566,0.00467707869,2.6301384,89.3176956,89.31561,2.60770321E-08,1.7886852E-09,-1.4749007E-07,6.009443E-08,1,0,4,5400.647,287.070068,1848.88757,2,0,0,0,0,1,0,0,0,0,1,0,0,0,Grip,1.3271831E-06,0.0311745424
385,7.69999361,6.69999361,-0.0447317623,0.7464683,85.817276,-0.0127668874,-0.00590344472,24.9154224,-0.0013413839,0.00484169,2.61755,89.5070648,89.5050049,1.95577741E-08,5.38525358E-09,-1.25728533E-07,4.49761153E-08,1,0,4,5411.256,286.1911,1843.22644,2,0,0,0,0,1,0,0,0,0,1,0,0,0,Grip,-1.35224593E-06,0.0310849436
386,7.71999359,6.71999359,-0.04498764,0.746354043,86.31664,-0.0127935866,-0.00580611965,24.9675217,-0.00133495778,0.00486625358,2.6049614,89.69553,89.69349,1.3038516E-08,5.38595257E-09,-1.50377076E-07,2.99215E-08,1,0,4,5421.815,285.3174,1837.59949,2,0,0,0,0,1,0,0,0,0,1,0,0,0,Grip,-4.07125162E-06,0.030996291
387,7.73999357,6.73999357,-0.045244053,0.7462416,86.81704,-0.0128201554,-0.005710373,25.01937,-0.00132843852,0.004787324,2.592373,89.88309,89.8810654,1.11758709E-08,5.21871768E-10,-8.158866E-08,2.5593847E-08,1,0,4,5432.32471,284.448975,1832.00623,2,0,0,0,0,1,0,0,0,0,1,0,0,0,Grip,-4.07178E-06,0.030903548
388,7.75999355,6.75999355,-0.04550099,0.746131063,87.3184738,-0.0128465993,-0.00561754638,25.0709724,-0.00132219866,0.004641339,2.58016586,90.06974,90.06773,8.381903E-09,-8.18276E-10,-9.687841E-08,1.915587E-08,1,0,4,5442.78174,283.586151,1826.44922,2,0,0,0,0,1,0,0,0,0,1,0,0,0,Grip,-3.9453505E-07,0.0308162179
389,7.77999353,6.77999353,-0.045758456,0.7460224,87.82093,-0.0128729176,-0.005528592,25.12233,-0.00131591223,0.004447717,2.56786346,90.25551,90.2535248,7.450581E-09,1.54642954E-09,-1.14168856E-07,1.69926277E-08,1,0,4,5453.188,282.728729,1820.92688,2,0,0,0,0,1,0,0,0,0,1,0,0,0,Grip,6.18616639E-07,0.0307293423
390,7.79999352,6.79999352,-0.0460164435,0.7459153,88.32442,-0.012899111,-0.005444553,25.1734428,-0.00130967237,0.004201941,2.55565643,90.4404,90.43843,3.7252903E-09,1.52787871E-09,-1.29457177E-07,8.479061E-09,1,0,4,5463.541,281.876923,1815.4408,2,0,0,0,0,1,0,0,0,0,1,0,0,0,Grip,-1.16910064E-06,0.0306431726
391,7.8199935,6.8199935,-0.0462749563,0.7458097,88.82891,-0.01292518,-0.00536551932,25.2243137,-0.00130343251,0.003951695,2.54354477,90.6244049,90.62245,0,1.58572777E-09,-9.587691E-08,0,1,0,4,5473.8457,281.030365,1809.98853,2,0,0,0,0,1,0,0,0,0,1,0,0,0,Grip,-1.15507623E-06,0.03055755
392,7.83999348,6.83999348,-0.0465339869,0.7457055,89.33443,-0.0129511245,-0.00529160956,25.2749424,-0.00129723921,0.003695488,2.531433,90.80754,90.8056,-3.7252903E-09,1.61373725E-09,-1.0886135E-07,-8.445006E-09,1,0,4,5484.09766,280.189423,1804.57239,2,0,0,0,0,1,0,0,0,0,1,0,0,0,Grip,-1.1988102E-06,0.03047226
393,7.85999346,6.85999346,-0.0467935279,0.745602846,89.84094,-0.0129769454,-0.00522280857,25.32533,-0.00129104592,0.00344004948,2.51941681,90.98981,90.9878845,-1.86264515E-09,1.64762426E-09,-7.253727E-08,-4.214101E-09,1,0,4,5494.298,279.354034,1799.192,2,0,0,0,0,1,0,0,0,0,1,0,0,0,Grip,-1.21998528E-06,0.0303876549
394,7.87999344,6.87999344,-0.0470535867,0.7455014,90.348465,-0.0130026443,-0.005159444,25.37548,-0.00128494576,0.0031682197,2.50749588,91.1712,91.1693,-5.58793545E-09,1.69188863E-09,-8.09189E-08,-1.26173143E-08,1,0,4,5504.448,278.524017,1793.84631,2,0,0,0,0,1,0,0,0,0,1,0,0,0,Grip,-1.24560393E-06,0.030303577
395,7.89999342,6.89999342,-0.0473141558,0.745401,90.85698,-0.01302822,-0.00510129333,25.4253941,-0.001278799,0.00290754251,2.49567032,91.35174,91.34986,-9.313226E-09,4.101975E-09,5.843609E-09,-2.098757E-08,1,0,4,5514.54736,277.699524,1788.53613,2,0,0,0,0,1,0,0,0,0,1,0,0,0,Grip,-1.27906776E-06,0.0302199088
396,7.9199934,6.9199934,-0.0475752354,0.7453016,91.3664856,-0.0130536752,-0.00504780468,25.47507,-0.00127274543,0.00267443247,2.48384476,91.53143,91.5295639,-9.313226E-09,1.68417036E-09,-8.825718E-11,-2.09466382E-08,1,0,4,5524.596,276.880432,1783.26074,2,0,0,0,0,1,0,0,0,0,1,0,0,0,Grip,-3.10109317E-06,0.0301367
397,7.93999338,6.93999338,-0.0478368178,0.7452034,91.87699,-0.01307901,-0.004998591,25.5245152,-0.0012667384,0.002460694,2.47221,91.7102661,91.70842,-8.381903E-09,4.27142322E-10,4.51480737E-08,-1.88154523E-08,1,0,4,5534.59473,276.066833,1778.02075,2,0,0,0,0,1,0,0,0,0,1,0,0,0,Grip,-1.27323278E-06,0.0300538912
398,7.95999336,6.95999336,-0.04809891,0.7451059,92.38847,-0.0131042255,-0.00495392038,25.5737267,-0.00126077794,0.002233521,2.460575,91.88827,91.88643,-9.313226E-09,1.59793778E-09,4.367506E-08,-2.08658246E-08,1,0,4,5544.54346,275.258636,1772.81543,2,0,0,0,0,1,0,0,0,0,1,0,0,0,Grip,-3.229196E-07,0.0299717337
399,7.97999334,6.97999334,-0.0483615026,0.7450093,92.90094,-0.0131293237,-0.004913212,25.6227055,-0.0012549106,0.00203542877,2.44894028,92.06543,92.0636139,-1.02445483E-08,2.85481083E-09,-5.07863E-08,-2.29085284E-08,1,0,4,5554.443,274.455841,1767.645,2,0,0,0,0,1,0,0,0,0,1,0,0,0,Grip,-1.20804089E-06,0.02988996
400,7.99999332,6.99999332,-0.0486245938,0.744913459,93.4143753,-0.0131543037,-0.00487633143,25.6714535,-0.0012489967,0.0018440187,2.43740082,92.24175,92.23995,-1.02445483E-08,-1.97443084E-09,-4.967251E-08,-2.286502E-08,1,0,4,5564.293,273.6584,1762.509,2,0,0,0,0,1,0,0,0,0,1,0,0,0,Grip,-2.15823684E-06,0.02980872
401,8.019994,7.019994,-0.0488881841,0.7448182,93.92878,-0.0131791662,-0.00484307,25.7199745,-0.00124312937,0.00166306272,2.426052,92.417244,92.41546,-1.3038516E-08,-8.841299E-10,2.18450258E-09,-2.90460314E-08,1,0,4,5574.095,272.86618,1757.40674,2,0,0,0,0,1,0,0,0,0,1,0,0,0,Grip,1.49266964E-06,0.0297278073
402,8.039994,7.03999424,-0.0491522662,0.7447233,94.44416,-0.0132039133,-0.00481274351,25.7682686,-0.00123735517,0.00151633285,2.41470337,92.59192,92.59015,-1.49011612E-08,2.73514722E-09,-3.89475332E-08,-3.31332437E-08,1,0,4,5583.848,272.0794,1752.33948,2,0,0,0,0,1,0,0,0,0,1,0,0,0,Grip,6.68402151E-07,0.0296474621
403,8.059995,7.0599947,-0.0494168438,0.744629264,94.960495,-0.013228544,-0.00478490442,25.8163376,-0.00123153441,0.00139195472,2.40345,92.76578,92.76402,-1.76951289E-08,2.751025E-09,1.52151127E-08,-3.927246E-08,1,0,4,5593.553,271.2979,1747.30627,2,0,0,0,0,1,0,0,0,0,1,0,0,0,Grip,-2.06777122E-06,0.0295675285
404,8.079995,7.079995,-0.04968191,0.7445357,95.47778,-0.0132530592,-0.0047597466,25.8641815,-0.00122576021,0.00125789084,2.39219666,92.93883,92.93708,-1.76951289E-08,2.72909761E-09,2.30927437E-08,-3.91998078E-08,1,0,4,5603.21,270.5217,1742.307,2,0,0,0,0,1,0,0,0,0,1,0,0,0,Grip,-2.07977473E-06,0.029488001
405,8.099996,7.09999561,-0.0499474667,0.744442463,95.99603,-0.0132774608,-0.004737076,25.9118042,-0.00122007914,0.001133536,2.381134,93.11106,93.10934,-1.95577741E-08,2.68196665E-09,3.52951943E-08,-4.3246466E-08,1,0,4,5612.82031,269.750671,1737.34119,2,0,0,0,0,1,0,0,0,0,1,0,0,0,Grip,-2.06319783E-06,0.0294091254
406,8.119996,7.119996,-0.0502135046,0.7443497,96.51522,-0.0133017488,-0.004716327,25.9592037,-0.00121439807,0.00103744678,2.369976,93.28251,93.2808,-2.23517418E-08,2.68012E-09,-1.36688993E-09,-4.93342824E-08,1,0,4,5622.384,268.9848,1732.40857,2,0,0,0,0,1,0,0,0,0,1,0,0,0,Grip,-2.02756678E-06,0.0293306932
407,8.139997,7.13999653,-0.0504800268,0.7442573,97.0353546,-0.0133259241,-0.004697514,26.0063839,-0.00120876357,0.0009406358,2.35900879,93.45315,93.45145,-2.23517418E-08,2.50491072E-10,1.34163241E-08,-4.92447718E-08,1,0,4,5631.90137,268.22406,1727.509,2,0,0,0,0,1,0,0,0,0,1,0,0,0,Grip,-2.02617048E-06,0.0292525478
408,8.159997,7.159997,-0.0507470332,0.7441652,97.5564346,-0.0133499876,-0.00468013156,26.0533447,-0.00120317563,0.0008691335,2.34804153,93.62299,93.62131,-2.32830644E-08,-9.465059E-10,-1.83665865E-08,-5.1204168E-08,1,0,4,5641.371,267.468628,1722.64355,2,0,0,0,0,1,0,0,0,0,1,0,0,0,Grip,-1.89371249E-07,0.0291749835
409,8.179997,7.17999744,-0.0510145165,0.7440734,98.0784454,-0.01337394,-0.00466410443,26.1000881,-0.00119763426,0.0008013565,2.33716965,93.79205,93.79038,-2.04890966E-08,1.40872453E-10,-4.75764246E-08,-4.497896E-08,1,0,4,5650.79541,266.718231,1717.81067,2,0,0,0,0,1,0,0,0,0,1,0,0,0,Grip,7.15558429E-07,0.0290978979
410,8.199998,7.199998,-0.05128248,0.743981957,98.60139,-0.0133977821,-0.00464912,26.146616,-0.0011920929,0.0007492257,2.32639313,93.96033,93.95867,-2.32830644E-08,1.35736711E-09,-2.83279071E-08,-5.102149E-08,1,0,4,5660.174,265.972961,1713.01062,2,0,0,0,0,1,0,0,0,0,1,0,0,0,Grip,-1.0649957E-07,0.02902113
411,8.219998,7.21999836,-0.0515509136,0.743890762,99.12525,-0.0134215141,-0.004635148,26.19293,-0.00118659809,0.000698585063,2.315712,94.12783,94.12619,-2.42143869E-08,1.064285E-10,-6.77714551E-09,-5.29685167E-08,1,0,4,5669.507,265.232758,1708.24341,2,0,0,0,0,1,0,0,0,0,1,0,0,0,Grip,-1.02616946E-06,0.0289450288
412,8.239999,7.239999,-0.05181982,0.7437998,99.65005,-0.0134451371,-0.00462204032,26.23903,-0.00118114986,0.000655395,2.30503082,94.29456,94.29293,-2.70083547E-08,2.51637222E-09,-3.1791263E-08,-5.897646E-08,1,0,4,5678.796,264.497559,1703.5083,2,0,0,0,0,1,0,0,0,0,1,0,0,0,Grip,-8.045994E-08,0.02886923
413,8.259999,7.25999928,-0.0520892,0.7437091,100.175751,-0.013468652,-0.00460952846,26.28492,-0.00117574818,0.000625592656,2.294445,94.4605255,94.45891,-2.60770321E-08,-1.0977238E-09,-5.42360539E-08,-5.6843362E-08,1,0,4,5688.04,263.767334,1698.80518,2,0,0,0,0,1,0,0,0,0,1,0,0,0,Grip,-1.90237733E-06,0.0287940335
414,8.28,7.27999973,-0.0523590446,0.7436186,100.70237,-0.013492059,-0.004597612,26.3305988,-0.00117034651,0.0005958136,2.28395462,94.6257248,94.62412,-2.04890966E-08,-1.65252647E-08,-2.741613E-08,-4.45851569E-08,1,0,4,5697.24072,263.042053,1694.134,2,0,0,0,0,1,0,0,0,0,1,0,0,0,Grip,8.298792E-07,0.0287192352
415,8.3,7.3,-0.0526293553,0.743528247,101.2299,-0.01351536,-0.00458605355,26.3760681,-0.001165038,0.0005779322,2.2734642,94.79017,94.7885742,-1.02445483E-08,-1.84445277E-08,-9.320401E-08,-2.22541434E-08,1,0,4,5706.39648,262.321777,1689.49512,2,0,0,0,0,1,0,0,0,0,1,0,0,0,Grip,1.24930993E-05,0.0286448
416,8.320001,7.32000065,-0.05290013,0.743438244,101.758339,-0.0135385524,-0.00457458431,26.42133,-0.0011596363,0.0005734619,2.26306915,94.95386,94.9522858,4.656613E-09,-2.66950853E-08,-1.67387277E-08,1.009819E-08,1,0,4,5715.509,261.6064,1684.8877,2,0,0,0,0,1,0,0,0,0,1,0,0,0,Grip,1.39440626E-05,0.0285709538
417,8.340001,7.340001,-0.05317137,0.74334836,102.287674,-0.0135616409,-0.00456344243,26.4663849,-0.0011544209,0.0005570939,2.25276947,95.1168,95.1152344,1.11758709E-08,-2.30299033E-08,-7.83383953E-08,2.4194394E-08,1,0,4,5724.57861,260.8958,1680.311,2,0,0,0,0,1,0,0,0,0,1,0,0,0,Grip,2.01814837E-05,0.0284974575
418,8.360002,7.36000156,-0.0534430668,0.7432587,102.817909,-0.013584625,-0.00455236062,26.5112343,-0.00114920549,0.000554090366,2.24246979,95.279,95.27744,2.23517418E-08,-2.04611741E-08,-1.39421942E-07,4.83069229E-08,1,0,4,5733.605,260.1902,1675.76648,2,0,0,0,0,1,0,0,0,0,1,0,0,0,Grip,1.74106062E-05,0.0284244847
419,8.380002,7.380002,-0.05371522,0.7431693,103.349037,-0.0136075048,-0.00454123365,26.5558815,-0.00114399008,0.0005563488,2.23236084,95.44045,95.43892,3.259629E-08,-2.03710311E-08,-1.02911507E-07,7.032914E-08,1,0,4,5742.58838,259.48938,1671.25293,2,0,0,0,0,1,0,0,0,0,1,0,0,0,Grip,1.54686477E-05,0.0283518843
420,8.40000248,7.40000248,-0.05398783,0.743080139,103.881058,-0.0136302812,-0.00453009224,26.6003246,-0.00113882124,0.0005570706,2.22215652,95.60118,95.59966,3.81842256E-08,-1.91080556E-08,-1.621027E-07,8.224791E-08,1,0,4,5751.5293,258.793365,1666.77014,2,0,0,0,0,1,0,0,0,0,1,0,0,0,Grip,1.54005E-05,0.0282797925
421,8.420003,7.420003,-0.0542609,0.7429911,104.413956,-0.0136529561,-0.00451901043,26.6445675,-0.00113374554,0.000554090366,2.212143,95.76118,95.75967,4.47034836E-08,-1.77812325E-08,-2.1656966E-07,9.613033E-08,1,0,4,5760.42969,258.10202,1662.3175,2,0,0,0,0,1,0,0,0,0,1,0,0,0,Grip,1.444569E-05,0.0282082558
422,8.440003,7.4400034,-0.0545344129,0.7429023,104.947739,-0.0136755295,-0.00450771954,26.68861,-0.00112866983,0.000564544462,2.20212936,95.9204559,95.91895,4.84287739E-08,-1.8764208E-08,-2.71172951E-07,1.03969313E-07,1,0,4,5769.288,257.415466,1657.89575,2,0,0,0,0,1,0,0,0,0,1,0,0,0,Grip,1.34426109E-05,0.0281369742
423,8.460004,7.460004,-0.05480838,0.742813766,105.4824,-0.013698,-0.004496176,26.7324524,-0.00112354755,0.000577187166,2.19211578,96.07901,96.0775146,5.21540642E-08,-1.498358E-08,-2.79217119E-07,1.11783315E-07,1,0,4,5778.10449,256.7336,1653.50427,2,0,0,0,0,1,0,0,0,0,1,0,0,0,Grip,1.41857408E-05,0.0280662365
424,8.480004,7.48000431,-0.05508279,0.7427254,106.017929,-0.01372037,-0.004484513,26.7760983,-0.00111847185,0.00058314763,2.182293,96.23684,96.23537,5.401671E-08,-1.24213928E-08,-2.36353415E-07,1.15586843E-07,1,0,4,5786.87939,256.0565,1649.14319,2,0,0,0,0,1,0,0,0,0,1,0,0,0,Grip,1.13275864E-05,0.02799604
425,8.500005,7.500005,-0.0553576462,0.7426373,106.554329,-0.0137426378,-0.00447259657,26.8195477,-0.00111339614,0.0005958136,2.17247,96.39397,96.3925,5.029142E-08,7.768094E-10,-1.940001E-07,1.07440968E-07,1,0,4,5795.615,255.383881,1644.81128,2,0,0,0,0,1,0,0,0,0,1,0,0,0,Grip,9.390573E-06,0.0279261321
426,8.520005,7.520005,-0.0556329452,0.7425494,107.0916,-0.0137648061,-0.00446042744,26.8628025,-0.00110841356,0.0006084563,2.16274261,96.5503845,96.54893,4.56348062E-08,7.55810858E-10,-1.959115E-07,9.733574E-08,1,0,4,5804.309,254.716,1640.50977,2,0,0,0,0,1,0,0,0,0,1,0,0,0,Grip,-5.872679E-07,0.0278567541
427,8.540006,7.54000568,-0.0559086874,0.742461741,107.629723,-0.0137868738,-0.00444828765,26.9058647,-0.00110338442,0.0006069895,2.1531105,96.7061,96.70466,4.749745E-08,-2.85508928E-09,-1.02138621E-07,1.01146469E-07,1,0,4,5812.963,254.0527,1636.23767,2,0,0,0,0,1,0,0,0,0,1,0,0,0,Grip,-5.71393E-07,0.02778785
428,8.560006,7.560006,-0.05618487,0.7423743,108.1687,-0.0138088437,-0.004435731,26.9487343,-0.001098495,0.000627827831,2.14347839,96.86112,96.8596954,3.44589353E-08,1.49899027E-08,-1.49064476E-07,7.3264026E-08,1,0,4,5821.57764,253.39389,1631.99463,2,0,0,0,0,1,0,0,0,0,1,0,0,0,Grip,2.15844739E-06,0.0277192686
429,8.580007,7.5800066,-0.05646149,0.742287159,108.708534,-0.0138307139,-0.004422966,26.9914131,-0.0010935124,0.000638258643,2.13394165,97.01546,97.01403,2.8871E-08,1.24443345E-08,-5.36112772E-08,6.12863147E-08,1,0,4,5830.15234,252.739624,1627.78076,2,0,0,0,0,1,0,0,0,0,1,0,0,0,Grip,-1.13323658E-05,0.0276511051
430,8.600007,7.600007,-0.0567385443,0.7422004,109.249222,-0.0138524864,-0.00440997723,27.0339012,-0.001088623,0.0006494345,2.124405,97.1691,97.1676941,2.142042E-08,8.791821E-09,-5.141064E-08,4.53990161E-08,1,0,4,5838.6875,252.08989,1623.59619,2,0,0,0,0,1,0,0,0,0,1,0,0,0,Grip,-9.407917E-06,0.0275834948
431,8.62000751,7.62000751,-0.05701603,0.7421137,109.790756,-0.013874162,-0.00439700345,27.0762,-0.00108378008,0.000648689456,2.11496353,97.32205,97.32066,1.76951289E-08,6.322856E-09,-4.66580445E-08,3.744494E-08,1,0,4,5847.18457,251.44458,1619.44,2,0,0,0,0,1,0,0,0,0,1,0,0,0,Grip,-6.64661638E-06,0.0275164377
432,8.640008,7.640008,-0.0572939478,0.7420273,110.33313,-0.0138957407,-0.0043836874,27.1183128,-0.0010789372,0.0006658025,2.10561752,97.4743347,97.47295,1.3038516E-08,1.21641559E-08,6.84162149E-09,2.75481575E-08,1,0,4,5855.64355,250.803635,1615.312,2,0,0,0,0,1,0,0,0,0,1,0,0,0,Grip,-4.780079E-06,0.0274496377
433,8.660008,7.66000843,-0.0575722978,0.741941154,110.876343,-0.0139172245,-0.004370177,27.1602383,-0.00107418746,0.000675511546,2.09627151,97.62594,97.6245651,5.58793545E-09,1.20064962E-08,-3.29097141E-08,1.17881278E-08,1,0,4,5864.063,250.16716,1611.21277,2,0,0,0,0,1,0,0,0,0,1,0,0,0,Grip,-9.196102E-06,0.0273832828
434,8.680009,7.680009,-0.0578510724,0.741855264,111.420387,-0.0139386132,-0.004356563,27.2019787,-0.00106943771,0.00068070367,2.08702087,97.77687,97.77551,-9.313226E-10,9.494273E-09,-2.37893154E-08,-1.961673E-09,1,0,4,5872.445,249.535049,1607.1416,2,0,0,0,0,1,0,0,0,0,1,0,0,0,Grip,-9.076911E-06,0.0273173228
435,8.700009,7.70000935,-0.0581302755,0.7417697,111.965271,-0.0139599079,-0.00434285961,27.2435341,-0.00106473453,0.000685174,2.07777023,97.92713,97.92578,-5.58793545E-09,8.203223E-09,-6.0988846E-08,-1.17520829E-08,1,0,4,5880.78857,248.907288,1603.09839,2,0,0,0,0,1,0,0,0,0,1,0,0,0,Grip,-7.17767E-06,0.0272518955
436,8.72001,7.72001,-0.0584099032,0.741684258,112.510979,-0.0139811086,-0.004329007,27.2849083,-0.00106003135,0.0006926246,2.06871033,98.07674,98.07539,-1.02445483E-08,6.98637859E-09,-5.719203E-10,-2.15128111E-08,1,0,4,5889.09473,248.283844,1599.08313,2,0,0,0,0,1,0,0,0,0,1,0,0,0,Grip,-6.20163655E-06,0.0271868035
437,8.74001,7.74001026,-0.0586899519,0.7415993,113.05751,-0.014002216,-0.0043148417,27.3261013,-0.00105537474,0.0007082708,2.05965042,98.22568,98.22435,-1.11758709E-08,6.95156555E-09,1.35218228E-08,-2.34331416E-08,1,0,4,5897.363,247.664749,1595.09583,2,0,0,0,0,1,0,0,0,0,1,0,0,0,Grip,-5.281702E-06,0.0271220915
438,8.760011,7.76001072,-0.05897042,0.741514564,113.604858,-0.01402323,-0.00430066139,27.3671112,-0.00105071813,0.0007090159,2.05049515,98.37398,98.37266,-1.49011612E-08,4.45771953E-09,-2.13700773E-08,-3.11973665E-08,1,0,4,5905.594,247.049881,1591.13574,2,0,0,0,0,1,0,0,0,0,1,0,0,0,Grip,-5.25538326E-06,0.0270578489
439,8.780011,7.780011,-0.05925131,0.74143,114.153023,-0.0140441535,-0.004286288,27.4079437,-0.00104615465,0.000718678348,2.041626,98.5216141,98.5203,-1.76951289E-08,4.43454962E-09,-2.79011259E-09,-3.69916755E-08,1,0,4,5913.789,246.439255,1587.203,2,0,0,0,0,1,0,0,0,0,1,0,0,0,Grip,-3.37003576E-06,0.0269940272
440,8.800012,7.80001163,-0.0595326126,0.741345763,114.702,-0.0140649853,-0.00427137734,27.448597,-0.00104159117,0.0007455237,2.03266144,98.66861,98.66731,-2.04890966E-08,4.42262227E-09,-3.29570824E-08,-4.276902E-08,1,0,4,5921.947,245.83284,1583.29736,2,0,0,0,0,1,0,0,0,0,1,0,0,0,Grip,-3.35251934E-06,0.0269305743
441,8.820012,7.820012,-0.05981433,0.74126184,115.251793,-0.0140857259,-0.00425631832,27.4890747,-0.00103702769,0.000752951,2.02388763,98.81496,98.81367,-2.142042E-08,2.00509365E-09,3.46116238E-08,-4.46472228E-08,1,0,4,5930.068,245.230637,1579.41882,2,0,0,0,0,1,0,0,0,0,1,0,0,0,Grip,-3.34350239E-06,0.0268675759
442,8.840013,7.84001255,-0.06009646,0.741178334,115.802391,-0.0141063761,-0.004241036,27.5293751,-0.00103251077,0.0007641269,2.01501846,98.96068,98.959404,-2.23517418E-08,1.99227079E-09,6.74791867E-09,-4.65202E-08,1,0,4,5938.154,244.6325,1575.56653,2,0,0,0,0,1,0,0,0,0,1,0,0,0,Grip,-1.51585073E-06,0.0268049389
443,8.860013,7.860013,-0.060379006,0.741094947,116.35379,-0.0141269369,-0.004225932,27.5695019,-0.00102804042,0.0007551862,2.00634,99.10576,99.10449,-2.32830644E-08,1.950956E-09,3.005373E-08,-4.83880065E-08,1,0,4,5946.203,244.038544,1571.74109,2,0,0,0,0,1,0,0,0,0,1,0,0,0,Grip,-1.50615665E-06,0.0267427955
444,8.880013,7.88001347,-0.0606619567,0.741011858,116.905991,-0.0141474083,-0.00421056058,27.6094532,-0.00102357008,0.000768573955,1.99756622,99.25022,99.24896,-2.23517418E-08,3.12187387E-09,4.725803E-09,-4.638526E-08,1,0,4,5954.218,243.448654,1567.94189,2,0,0,0,0,1,0,0,0,0,1,0,0,0,Grip,-1.47492278E-06,0.02668105
445,8.900014,7.900014,-0.0609453171,0.7409291,117.458984,-0.0141677912,-0.00419493532,27.6492329,-0.00101914629,0.0007812632,1.98898315,99.39404,99.3928,-2.142042E-08,-1.63799374E-09,3.04495877E-08,-4.43885853E-08,1,0,4,5962.19727,242.862778,1564.16846,2,0,0,0,0,1,0,0,0,0,1,0,0,0,Grip,-2.36013648E-06,0.02661961
446,8.920014,7.92001438,-0.0612290837,0.740846753,118.012772,-0.0141880875,-0.00417938456,27.68884,-0.00101481564,0.000777537934,1.98040009,99.53725,99.53601,-2.23517418E-08,-1.6055518E-09,-3.69588733E-08,-4.62522642E-08,1,0,4,5970.14063,242.281021,1560.42163,2,0,0,0,0,1,0,0,0,0,1,0,0,0,Grip,1.23832319E-06,0.0265586041
447,8.940015,7.940015,-0.0615132526,0.740764558,118.567345,-0.0142082954,-0.004163864,27.72828,-0.00101039186,0.000776024535,1.97191238,99.67984,99.67861,-1.95577741E-08,-3.79649451E-10,3.7747E-08,-4.04131626E-08,1,0,4,5978.05,241.703278,1556.70068,2,0,0,0,0,1,0,0,0,0,1,0,0,0,Grip,1.21379708E-06,0.0264980756
448,8.960015,7.9600153,-0.0617978238,0.7406827,119.1227,-0.0142284166,-0.004148179,27.7675476,-0.00100606121,0.000784243457,1.96342468,99.8218155,99.8205948,-1.95577741E-08,-4.06057854E-10,1.92053538E-08,-4.03560065E-08,1,0,4,5985.925,241.12941,1553.00464,2,0,0,0,0,1,0,0,0,0,1,0,0,0,Grip,2.87014984E-07,0.0264377911
449,8.980016,7.98001575,-0.0620827973,0.7406013,119.678841,-0.0142484521,-0.0041325246,27.8066483,-0.00100177713,0.000782730058,1.95503235,99.96318,99.9619751,-1.95577741E-08,-1.57852953E-09,2.96490055E-09,-4.02992519E-08,1,0,4,5993.76465,240.55957,1549.33459,2,0,0,0,0,1,0,0,0,0,1,0,0,0,Grip,3.06979729E-07,0.02637798
450,9.000016,8.000016,-0.06236817,0.74052,120.235764,-0.014268402,-0.004116959,27.8455811,-0.000997493,0.000778283,1.94664,100.103943,100.102753,-1.95577741E-08,8.358035E-10,-1.32755531E-08,-4.02429023E-08,1,0,4,6001.57031,239.993683,1545.69,2,0,0,0,0,1,0,0,0,0,1,0,0,0,Grip,1.19336823E-06,0.0263185427
451,9.020017,8.020017,-0.0626539439,0.7404391,120.793457,-0.0142882671,-0.00410115533,27.8843479,-0.0009932555,0.000790180638,1.938343,100.2441,100.242905,-2.514571E-08,8.42959758E-10,-2.7553293E-08,-5.16689376E-08,1,0,4,6009.34326,239.43161,1542.07,2,0,0,0,0,1,0,0,0,0,1,0,0,0,Grip,-6.318674E-07,0.0262595229
452,9.040017,8.040017,-0.0629401058,0.7403585,121.351921,-0.0143080465,-0.00408542575,27.92295,-0.0009889714,0.000786478631,1.93014145,100.383667,100.382484,-2.42143869E-08,4.490705E-09,5.39423155E-08,-4.96864843E-08,1,0,4,6017.08154,238.873444,1538.475,2,0,0,0,0,1,0,0,0,0,1,0,0,0,Grip,-6.37277537E-07,0.0262008719
453,9.060018,8.060018,-0.06322667,0.740278244,121.911156,-0.0143277422,-0.00406953273,27.96139,-0.0009847805,0.000794651,1.92193985,100.522636,100.521469,-2.60770321E-08,5.67475666E-09,4.20819362E-08,-5.34349525E-08,1,0,4,6024.78662,238.319168,1534.90515,2,0,0,0,0,1,0,0,0,0,1,0,0,0,Grip,-3.394973E-06,0.0261426717
454,9.080018,8.080018,-0.0635136142,0.7401983,122.471153,-0.014347353,-0.004053699,27.9996662,-0.000980543,0.000791694038,1.91383362,100.661011,100.659851,-2.8871E-08,2.057667E-09,1.25545469E-07,-5.90792482E-08,1,0,4,6032.45947,237.7686,1531.35925,2,0,0,0,0,1,0,0,0,0,1,0,0,0,Grip,-4.290116E-06,0.0260846969
455,9.1000185,8.1000185,-0.06380096,0.7401185,123.031914,-0.014366881,-0.00403794,28.03778,-0.0009763986,0.000787945464,1.90572739,100.798813,100.797653,-2.32830644E-08,8.506895E-10,1.16434222E-07,-4.75797854E-08,1,0,4,6040.09863,237.221909,1527.83826,2,0,0,0,0,1,0,0,0,0,1,0,0,0,Grip,-1.5555961E-06,0.0260271728
456,9.120019,8.120019,-0.06408869,0.7400392,123.593437,-0.014386327,-0.004021764,28.0757332,-0.000972300768,0.0008088071,1.89762115,100.93602,100.934875,-2.514571E-08,-3.750926E-10,6.031314E-08,-5.13166967E-08,1,0,4,6047.705,236.678909,1524.34106,2,0,0,0,0,1,0,0,0,0,1,0,0,0,Grip,-6.43121268E-07,0.0259699039
457,9.140019,8.140019,-0.0643768,0.7399602,124.155708,-0.0144056911,-0.004005662,28.1135254,-0.000968202949,0.0008050818,1.88961029,101.072647,101.07151,-2.04890966E-08,7.904361E-10,5.350117E-08,-4.17573958E-08,1,0,4,6055.27832,236.139755,1520.86853,2,0,0,0,0,1,0,0,0,0,1,0,0,0,Grip,2.8357E-07,0.0259131752
458,9.16002,8.16002,-0.06466531,0.7398815,124.718742,-0.0144249741,-0.00398964947,28.15116,-0.0009641517,0.000800634734,1.88169479,101.2087,101.207573,-2.142042E-08,2.01992045E-09,4.86599134E-08,-4.359709E-08,1,0,4,6062.821,235.604172,1517.41919,2,0,0,0,0,1,0,0,0,0,1,0,0,0,Grip,-5.975697E-07,0.0258567948
459,9.18002,8.18002,-0.06495419,0.7398031,125.282524,-0.0144441761,-0.003973667,28.1886349,-0.000960100442,0.000799121335,1.8737793,101.344185,101.343071,-2.23517418E-08,8.07666156E-10,4.38195826E-08,-4.543213E-08,1,0,4,6070.33,235.072357,1513.994,2,0,0,0,0,1,0,0,0,0,1,0,0,0,Grip,-1.52705979E-06,0.0258007534
460,9.200021,8.200021,-0.06524347,0.739725,125.847054,-0.0144632971,-0.003957744,28.2259541,-0.0009560492,0.0007961411,1.86595917,101.479095,101.477982,-1.58324838E-08,-2.800153E-09,8.828189E-08,-3.213854E-08,1,0,4,6077.80859,234.544159,1510.592,2,0,0,0,0,1,0,0,0,0,1,0,0,0,Grip,-6.105956E-07,0.025745146
461,9.220021,8.220021,-0.06553312,0.7396471,126.412323,-0.0144823389,-0.003941911,28.2631168,-0.000952091068,0.000791670755,1.858139,101.613449,101.61235,-1.86264515E-08,-2.75575229E-09,3.90684249E-08,-3.776033E-08,1,0,4,6085.25537,234.019562,1507.21338,2,0,0,0,0,1,0,0,0,0,1,0,0,0,Grip,2.11691554E-06,0.025689736
462,9.240022,8.240022,-0.06582315,0.7395696,126.978333,-0.0145013016,-0.003925928,28.3001251,-0.000948132947,0.0007991446,1.85041428,101.747231,101.74614,-1.39698386E-08,-1.48343E-09,3.91548838E-08,-2.828321E-08,1,0,4,6092.66943,233.498688,1503.85864,2,0,0,0,0,1,0,0,0,0,1,0,0,0,Grip,2.08334859E-06,0.0256348
463,9.260022,8.260022,-0.0661135539,0.7394924,127.545082,-0.0145201851,-0.003910005,28.3369789,-0.0009441748,0.0007961411,1.84268951,101.880463,101.879379,-1.3038516E-08,9.096018E-10,3.902503E-08,-2.63633311E-08,1,0,4,6100.05273,232.981354,1500.52673,2,0,0,0,0,1,0,0,0,0,1,0,0,0,Grip,1.12147313E-06,0.02558019
464,9.280023,8.280023,-0.06640434,0.739415646,128.112549,-0.01453899,-0.00389405224,28.37368,-0.0009402633,0.000797642861,1.83506012,102.013138,102.012054,-1.39698386E-08,-2.973949E-10,4.108952E-08,-2.8209886E-08,1,0,4,6107.40625,232.467484,1497.21716,2,0,0,0,0,1,0,0,0,0,1,0,0,0,Grip,-6.8765894E-07,0.025526002
465,9.300023,8.300023,-0.0666955,0.7393391,128.680771,-0.0145577164,-0.00387827819,28.4102268,-0.00093630515,0.000788702164,1.82733536,102.145256,102.144196,-1.21071935E-08,-2.70644818E-09,4.10664782E-08,-2.44171137E-08,1,0,4,6114.728,231.9572,1493.93066,2,0,0,0,0,1,0,0,0,0,1,0,0,0,Grip,2.24830529E-07,0.0254748333
466,9.320024,8.320024,-0.06698703,0.7392628,129.24971,-0.0145763662,-0.00386269786,28.4466248,-0.0009324867,0.0007790164,1.8198967,102.276825,102.275772,-7.450581E-09,-5.0430633E-09,4.805198E-08,-1.500669E-08,1,0,4,6122.05225,231.448135,1490.652,2,0,0,0,0,1,0,0,0,0,1,0,0,0,Grip,2.04607477E-06,0.0254211519
467,9.340024,8.340024,-0.06727893,0.7391869,129.819382,-0.0145949386,-0.003846894,28.482872,-0.000928621739,0.0007901923,1.81236267,102.40786,102.406807,0,-8.619298E-09,5.294555E-08,0,1,0,4,6129.31055,230.944992,1487.4115,2,0,0,0,0,1,0,0,0,0,1,0,0,0,Grip,3.81255563E-06,0.0253678747
468,9.360024,8.360024,-0.0675712,0.7391113,130.389755,-0.0146134356,-0.00383120938,28.51897,-0.0009248499,0.0007842318,1.804924,102.538353,102.537308,7.450581E-09,-8.578916E-09,1.35707054E-08,1.49686183E-08,1,0,4,6136.541,230.4452,1484.19263,2,0,0,0,0,1,0,0,0,0,1,0,0,0,Grip,6.51618939E-06,0.0253150538
469,9.380025,8.380025,-0.0678638443,0.739035964,130.960876,-0.0146318572,-0.00381542044,28.55492,-0.000921078,0.0007894472,1.79748535,102.668304,102.667267,8.381903E-09,-7.35581462E-09,-2.61214836E-08,1.68184933E-08,1,0,4,6143.742,229.94873,1480.995,2,0,0,0,0,1,0,0,0,0,1,0,0,0,Grip,6.48566038E-06,0.0252624955
470,9.400025,8.400025,-0.0681568459,0.738960862,131.532684,-0.0146502033,-0.00379955722,28.590723,-0.00091730617,0.000793160871,1.790142,102.797722,102.796692,1.49011612E-08,-8.549048E-09,-1.66345835E-08,2.98620968E-08,1,0,4,6150.913,229.4557,1477.8197,2,0,0,0,0,1,0,0,0,0,1,0,0,0,Grip,5.56099576E-06,0.025210293
471,9.420026,8.420026,-0.06845022,0.738886356,132.105209,-0.0146684749,-0.00378336618,28.626379,-0.0009135809,0.000809552148,1.78279877,102.926613,102.925591,1.86264515E-08,-9.726055E-09,-5.38209974E-08,3.72811257E-08,1,0,4,6158.054,228.966125,1474.6665,2,0,0,0,0,1,0,0,0,0,1,0,0,0,Grip,6.46308E-06,0.0251583513
472,9.440026,8.440026,-0.06874395,0.7388118,132.678467,-0.0146866729,-0.00376723451,28.66189,-0.000909902155,0.000806583557,1.77555084,103.054977,103.053963,1.67638063E-08,-7.30854932E-09,-8.901875E-08,3.351144E-08,1,0,4,6165.16553,228.479858,1471.53467,2,0,0,0,0,1,0,0,0,0,1,0,0,0,Grip,7.35289723E-06,0.025106851
473,9.460027,8.460027,-0.0690380558,0.7387377,133.252411,-0.0147047983,-0.00375079038,28.6972561,-0.00090627,0.0008222065,1.76830292,103.182816,103.181816,1.95577741E-08,-6.07885431E-09,-1.7037091E-07,3.90484978E-08,1,0,4,6172.24854,227.996918,1468.42432,2,0,0,0,0,1,0,0,0,0,1,0,0,0,Grip,5.525263E-06,0.0250556953
474,9.480027,8.480027,-0.06933251,0.738664031,133.827072,-0.01472285,-0.003734212,28.73248,-0.0009025913,0.000828923658,1.76115036,103.310135,103.309135,1.67638063E-08,-4.893E-09,-1.56702939E-07,3.34291066E-08,1,0,4,6179.30273,227.517242,1465.335,2,0,0,0,0,1,0,0,0,0,1,0,0,0,Grip,4.59561352E-06,0.025004793
475,9.500028,8.500028,-0.06962734,0.7385906,134.40242,-0.0147408284,-0.00371781224,28.7675571,-0.000898912549,0.000819982961,1.75390244,103.436935,103.435944,1.67638063E-08,-7.26908578E-09,-1.91698192E-07,3.338834E-08,1,0,4,6186.328,227.040848,1462.26672,2,0,0,0,0,1,0,0,0,0,1,0,0,0,Grip,3.69910776E-06,0.0249543637
476,9.520028,8.520028,-0.0699225143,0.7385175,134.97847,-0.014758735,-0.003701338,28.802494,-0.000895326957,0.000823708251,1.74684525,103.563217,103.562233,1.67638063E-08,-5.991404E-09,-2.21990831E-07,3.334784E-08,1,0,4,6193.32471,226.567749,1459.2196,2,0,0,0,0,1,0,0,0,0,1,0,0,0,Grip,5.49542847E-06,0.0249040946
477,9.540029,8.540029,-0.07021806,0.738444746,135.555237,-0.0147765689,-0.00368492375,28.8372917,-0.0008916948,0.0008207164,1.73988342,103.688988,103.688011,1.58324838E-08,-2.32898767E-09,-1.57054913E-07,3.14571764E-08,1,0,4,6200.29248,226.097916,1456.19373,2,0,0,0,0,1,0,0,0,0,1,0,0,0,Grip,4.529501E-06,0.024854295
478,9.560029,8.560029,-0.07051394,0.7383723,136.132675,-0.01479433,-0.003668673,28.87195,-0.000888062641,0.0008125324,1.7329216,103.814262,103.813293,1.39698386E-08,-1.13936927E-09,-9.222068E-08,2.772301E-08,1,0,4,6207.233,225.63118,1453.18762,2,0,0,0,0,1,0,0,0,0,1,0,0,0,Grip,1.76071467E-06,0.0248047374
479,9.58002949,8.58002949,-0.0708101839,0.7383002,136.710815,-0.0148120206,-0.00365257123,28.9064674,-0.0008845236,0.000805093441,1.72586441,103.939034,103.938072,1.02445483E-08,-1.10186849E-09,-1.69386126E-07,2.030593E-08,1,0,4,6214.14551,225.167648,1450.20227,2,0,0,0,0,1,0,0,0,0,1,0,0,0,Grip,8.61363162E-07,0.02475555
480,9.60003,8.60003,-0.071106784,0.7382283,137.289627,-0.0148296393,-0.003636559,28.9408474,-0.000880938,0.000800611451,1.718998,104.063293,104.06234,6.519258E-09,2.46220955E-09,-1.02350633E-07,1.29066038E-08,1,0,4,6221.03125,224.7072,1447.23669,2,0,0,0,0,1,0,0,0,0,1,0,0,0,Grip,8.33012564E-07,0.0247066058
481,9.62003,8.62003,-0.07140373,0.738156855,137.869125,-0.0148471883,-0.003620353,28.97509,-0.000877445564,0.0008102972,1.7121315,104.187065,104.186111,9.313226E-10,3.58619379E-09,-1.28546247E-07,1.8416213E-09,1,0,4,6227.88672,224.250076,1444.2926,2,0,0,0,0,1,0,0,0,0,1,0,0,0,Grip,-1.86143041E-06,0.02465798
482,9.640031,8.640031,-0.07170103,0.7380856,138.449326,-0.0148646673,-0.003604266,29.0091953,-0.0008739531,0.0008043484,1.705265,104.310333,104.309395,-2.79396772E-09,4.82907E-09,-1.54541723E-07,-5.518368E-09,1,0,4,6234.716,223.796,1441.36816,2,0,0,0,0,1,0,0,0,0,1,0,0,0,Grip,-2.71116232E-06,0.0246097222
483,9.660031,8.660031,-0.07199867,0.738014758,139.030182,-0.0148820756,-0.003588224,29.0431652,-0.0008704141,0.000802101567,1.698494,104.433113,104.43219,-9.313226E-09,6.03512351E-09,-8.54002664E-08,-1.83730453E-08,1,0,4,6241.51855,223.344955,1438.46313,2,0,0,0,0,1,0,0,0,0,1,0,0,0,Grip,-3.65077676E-06,0.0245618317
484,9.680032,8.680032,-0.0722966641,0.737944245,139.61174,-0.014899414,-0.00357236061,29.0770016,-0.0008669216,0.0007931725,1.69181824,104.555405,104.554482,-1.3038516E-08,6.009153E-09,-1.38566882E-08,-2.56923283E-08,1,0,4,6248.29443,222.896973,1435.57788,2,0,0,0,0,1,0,0,0,0,1,0,0,0,Grip,-4.56255339E-06,0.0245140772
485,9.700032,8.700032,-0.072595,0.7378739,140.193954,-0.0149166835,-0.003556512,29.1107,-0.0008634757,0.000792427454,1.68495178,104.677216,104.6763,-1.95577741E-08,8.399759E-09,-8.67105356E-08,-3.84938765E-08,1,0,4,6255.0415,222.452133,1432.71289,2,0,0,0,0,1,0,0,0,0,1,0,0,0,Grip,-4.54291967E-06,0.0244667679
486,9.720033,8.720033,-0.07289368,0.737804,140.77684,-0.0149338832,-0.00354047,29.144268,-0.000859983265,0.000802101567,1.67837143,104.798531,104.797623,-2.23517418E-08,7.162031E-09,3.37039339E-08,-4.394233E-08,1,0,4,6261.76367,222.010178,1429.86646,2,0,0,0,0,1,0,0,0,0,1,0,0,0,Grip,-6.35021752E-06,0.02441964
487,9.740033,8.740033,-0.07319271,0.737734437,141.360413,-0.0149510149,-0.00352459168,29.177702,-0.000856583938,0.00079391757,1.67169571,104.919373,104.918472,-2.8871E-08,8.269757E-09,1.19257155E-08,-5.66938E-08,1,0,4,6268.458,221.571365,1427.04016,2,0,0,0,0,1,0,0,0,0,1,0,0,0,Grip,-5.41449526E-06,0.02437291
488,9.760034,8.760034,-0.07349207,0.737665057,141.944626,-0.0149680795,-0.003508922,29.2110043,-0.0008532312,0.000783486757,1.66511536,105.039742,105.038841,-3.44589353E-08,8.230611E-09,-7.451267E-09,-6.75896459E-08,1,0,4,6275.126,221.1355,1424.233,2,0,0,0,0,1,0,0,0,0,1,0,0,0,Grip,-6.251936E-06,0.0243265331
489,9.780034,8.780034,-0.07379177,0.737596035,142.52951,-0.0149850752,-0.0034930883,29.244175,-0.0008497853,0.0007916824,1.658535,105.15963,105.158737,-3.259629E-08,3.35540729E-09,6.659591E-08,-6.38636237E-08,1,0,4,6281.769,220.7025,1421.44421,2,0,0,0,0,1,0,0,0,0,1,0,0,0,Grip,-6.22234165E-06,0.02428037
490,9.80003452,8.80003452,-0.07409182,0.7375274,143.115067,-0.0150020057,-0.00347713567,29.2772179,-0.000846525654,0.0007976312,1.65214539,105.279037,105.278152,-3.16649675E-08,2.14127471E-09,5.21132648E-08,-6.1968926E-08,1,0,4,6288.38525,220.2725,1418.6748,2,0,0,0,0,1,0,0,0,0,1,0,0,0,Grip,-2.53668782E-06,0.0242344216
491,9.820035,8.820035,-0.0743922,0.737458944,143.701263,-0.01501887,-0.00346133183,29.3101311,-0.000843219459,0.0007901923,1.6456604,105.397995,105.397118,-3.44589353E-08,2.12874873E-09,3.51378269E-08,-6.736104E-08,1,0,4,6294.974,219.8455,1415.92468,2,0,0,0,0,1,0,0,0,0,1,0,0,0,Grip,-1.61880359E-06,0.0241889469
492,9.840035,8.840035,-0.07469292,0.7373909,144.288132,-0.0150356684,-0.00344555778,29.3429165,-0.000839913264,0.000788702164,1.63927078,105.516479,105.51561,-3.53902578E-08,3.27607963E-09,6.712663E-08,-6.910431E-08,1,0,4,6301.53955,219.42128,1413.1925,2,0,0,0,0,1,0,0,0,0,1,0,0,0,Grip,-1.60933394E-06,0.0241436847
493,9.860036,8.860036,-0.07499397,0.7373232,144.875641,-0.0150524005,-0.00343002216,29.3755741,-0.000836607069,0.000776781235,1.63288116,105.634514,105.633644,-3.44589353E-08,2.05182249E-09,9.911617E-08,-6.721097E-08,1,0,4,6308.07861,218.999954,1410.47888,2,0,0,0,0,1,0,0,0,0,1,0,0,0,Grip,-2.47671619E-06,0.02409876
494,9.880036,8.880036,-0.07529535,0.7372556,145.4638,-0.0150690684,-0.00341462041,29.4081039,-0.000833394,0.000770087354,1.62649155,105.752075,105.751221,-3.53902578E-08,2.04987072E-09,3.7974214E-08,-6.895112E-08,1,0,4,6314.59326,218.5814,1407.7832,2,0,0,0,0,1,0,0,0,0,1,0,0,0,Grip,-1.55117777E-06,0.02405404
495,9.900037,8.900037,-0.07559707,0.7371886,146.052628,-0.015085672,-0.00339878676,29.4405079,-0.000830180943,0.0007916824,1.6201973,105.869186,105.868332,-3.16649675E-08,-4.12650553E-10,2.59832209E-08,-6.16252E-08,1,0,4,6321.08154,218.165771,1405.10632,2,0,0,0,0,1,0,0,0,0,1,0,0,0,Grip,-1.54970223E-06,0.0240095686
496,9.920037,8.920037,-0.07589912,0.7371217,146.64209,-0.0151022123,-0.00338322134,29.4727879,-0.000827014446,0.000778271351,1.61399841,105.98584,105.984985,-3.16649675E-08,-3.59603763E-10,1.61040745E-08,-6.15577E-08,1,0,4,6327.54443,217.752945,1402.44751,2,0,0,0,0,1,0,0,0,0,1,0,0,0,Grip,3.11963817E-07,0.0239654742
497,9.940038,8.940038,-0.0762015,0.7370552,147.2322,-0.0151186883,-0.00336767081,29.5049419,-0.0008238014,0.0007775263,1.60770416,106.102051,106.101204,-3.16649675E-08,-2.71335532E-09,3.92373334E-09,-6.149061E-08,1,0,4,6333.983,217.342911,1399.80664,2,0,0,0,0,1,0,0,0,0,1,0,0,0,Grip,2.71860443E-07,0.0239216648
498,9.960038,8.960038,-0.0765042,0.7369889,147.822952,-0.015135101,-0.00335210538,29.536972,-0.0008206349,0.000778271351,1.60150528,106.217804,106.216965,-2.98023224E-08,-2.68853917E-09,-5.86219429E-09,-5.78107553E-08,1,0,4,6340.39746,216.935547,1397.183,2,0,0,0,0,1,0,0,0,0,1,0,0,0,Grip,2.05129663E-06,0.0238780975
499,9.980039,8.980039,-0.07680723,0.7369229,148.414337,-0.01515145,-0.00333659933,29.5688782,-0.0008174684,0.00077530276,1.5953064,106.333107,106.332283,-2.79396772E-08,-1.48565482E-09,-1.5648844E-08,-5.41390968E-08,1,0,4,6346.786,216.531052,1394.57788,2,0,0,0,0,1,0,0,0,0,1,0,0,0,Grip,2.03253558E-06,0.0238349028
500,10.0000391,9.000039,-0.077110596,0.7368573,149.006348,-0.0151677374,-0.0033209892,29.6006641,-0.000814348459,0.0007805065,1.58929825,106.447975,106.447151,-2.79396772E-08,-2.612234E-10,2.56398174E-08,-5.40809566E-08,1,0,4,6353.152,216.1292,1391.98975,2,0,0,0,0,1,0,0,0,0,1,0,0,0,Grip,1.123155E-06,0.0237918533
501,10.02004,9.02004,-0.0774142742,0.736791968,149.599014,-0.015183962,-0.00330540887,29.632328,-0.0008112285,0.0007790164,1.58319473,106.5624,106.561584,-2.70083547E-08,-2.814303E-10,1.80611526E-08,-5.22223935E-08,1,0,4,6359.492,215.730087,1389.41919,2,0,0,0,0,1,0,0,0,0,1,0,0,0,Grip,1.974849E-07,0.02374904
502,10.04004,9.04004,-0.07771828,0.7367269,150.192291,-0.0152001251,-0.00328999222,29.66387,-0.000808155164,0.0007708324,1.57709122,106.676392,106.675583,-2.60770321E-08,-1.460846E-09,-3.599184E-08,-5.036801E-08,1,0,4,6365.808,215.3337,1386.86621,2,0,0,0,0,1,0,0,0,0,1,0,0,0,Grip,2.127613E-07,0.0237066783
503,10.06004,9.06004,-0.0780226141,0.736662269,150.7862,-0.0152162258,-0.00327459071,29.6952934,-0.000805035233,0.0007700757,1.57117844,106.78994,106.789131,-2.23517418E-08,-1.45716472E-09,5.43467173E-08,-4.31268923E-08,1,0,4,6372.10156,214.939865,1384.32971,2,0,0,0,0,1,0,0,0,0,1,0,0,0,Grip,1.10439953E-06,0.0236645043
504,10.0800409,9.080041,-0.07832726,0.736597836,151.380737,-0.0152322659,-0.003259636,29.7265968,-0.000802008435,0.0007477356,1.56517029,106.903069,106.902267,-2.142042E-08,-2.54687382E-10,2.50208188E-09,-4.12864125E-08,1,0,4,6378.37,214.548767,1381.81091,2,0,0,0,0,1,0,0,0,0,1,0,0,0,Grip,1.10161648E-06,0.0236226879
505,10.1000414,9.100041,-0.07863223,0.7365337,151.975891,-0.0152482446,-0.00324472575,29.757782,-0.000798935071,0.0007455121,1.55925751,107.015762,107.014961,-2.23517418E-08,-2.717904E-10,4.6000153E-08,-4.30363229E-08,1,0,4,6384.6167,214.160187,1379.30823,2,0,0,0,0,1,0,0,0,0,1,0,0,0,Grip,1.92543652E-07,0.02358097
506,10.1200418,9.120042,-0.0789375156,0.736469865,152.571671,-0.0152641637,-0.003229786,29.7888489,-0.000795954838,0.000746990554,1.55334473,107.128029,107.127235,-2.23517418E-08,-2.96068142E-10,-3.542916E-09,-4.2991438E-08,1,0,4,6390.83838,213.774277,1376.82275,2,0,0,0,0,1,0,0,0,0,1,0,0,0,Grip,2.05473526E-07,0.0235396046
507,10.1400423,9.140042,-0.0792431161,0.7364063,153.168076,-0.0152800232,-0.00321481633,29.8198,-0.0007929746,0.00074848067,1.54752731,107.239868,107.239082,-2.23517418E-08,-2.50824583E-10,-4.21864765E-09,-4.29468123E-08,1,0,4,6397.037,213.390961,1374.354,2,0,0,0,0,1,0,0,0,0,1,0,0,0,Grip,2.23827513E-07,0.02349842
508,10.1600428,9.160043,-0.07954903,0.736343,153.765091,-0.0152958222,-0.0032000253,29.8506317,-0.0007899478,0.0007395516,1.54161453,107.351288,107.35051,-2.142042E-08,-2.60271471E-09,-7.10586034E-09,-4.111485E-08,1,0,4,6403.21143,213.010284,1371.90222,2,0,0,0,0,1,0,0,0,0,1,0,0,0,Grip,1.89623378E-07,0.0234577172
509,10.1800432,9.180043,-0.07985527,0.736279964,154.362717,-0.0153115615,-0.00318533857,29.88135,-0.0007869676,0.0007343362,1.53589249,107.462288,107.461517,-1.86264515E-08,-6.188411E-09,4.11748147E-08,-3.571529E-08,1,0,4,6409.365,212.631989,1369.46582,2,0,0,0,0,1,0,0,0,0,1,0,0,0,Grip,1.96765222E-06,0.0234170631
510,10.2000437,9.200044,-0.08016182,0.736217439,154.960968,-0.0153272431,-0.003170518,29.9119511,-0.0007840805,0.0007410301,1.53007507,107.572868,107.5721,-1.58324838E-08,-6.142584E-09,-5.2455718E-08,-3.03269374E-08,1,0,4,6415.494,212.256348,1367.04639,2,0,0,0,0,1,0,0,0,0,1,0,0,0,Grip,4.67843847E-06,0.0233767554
511,10.2200441,9.220044,-0.08046868,0.736155033,155.559814,-0.0153428661,-0.00315614417,29.9424381,-0.0007811468,0.00071869,1.524353,107.683037,107.682274,-6.519258E-09,-1.09019291E-08,-5.02991924E-08,-1.2474846E-08,1,0,4,6421.601,211.883148,1364.64282,2,0,0,0,0,1,0,0,0,0,1,0,0,0,Grip,4.64379355E-06,0.0233366657
512,10.2400446,9.240045,-0.08077585,0.7360929,156.159271,-0.0153584322,-0.003141636,29.9728127,-0.0007783063,0.000725407153,1.51872635,107.792786,107.792023,-3.7252903E-09,-9.604629E-09,-9.26766859E-08,-7.12125958E-09,1,0,4,6427.685,211.5125,1362.25562,2,0,0,0,0,1,0,0,0,0,1,0,0,0,Grip,8.241858E-06,0.0232967883
513,10.2600451,9.260045,-0.08108333,0.736031055,156.759354,-0.01537394,-0.00312700914,30.0030727,-0.0007753726,0.000731344335,1.5130043,107.902138,107.901382,-1.86264515E-09,-5.90568838E-09,-9.08794E-08,-3.55703822E-09,1,0,4,6433.746,211.144333,1359.8844,2,0,0,0,0,1,0,0,0,0,1,0,0,0,Grip,7.261099E-06,0.023257209
514,10.2800455,9.28004551,-0.08139112,0.7359695,157.360016,-0.0153893894,-0.00311248633,30.0332222,-0.0007724855,0.00072614057,1.507473,108.01107,108.010323,-9.313226E-10,-7.102952E-09,-3.80024474E-08,-1.77673365E-09,1,0,4,6439.78467,210.778625,1357.529,2,0,0,0,0,1,0,0,0,0,1,0,0,0,Grip,4.4647004E-06,0.0232180171
515,10.300046,9.300046,-0.08169922,0.735908151,157.961288,-0.0154047823,-0.00309779961,30.063261,-0.000769645,0.0007343362,1.50194168,108.119614,108.118866,7.450581E-09,-8.302031E-09,-3.13425623E-08,1.41996663E-08,1,0,4,6445.803,210.415222,1355.1886,2,0,0,0,0,1,0,0,0,0,1,0,0,0,Grip,5.36983134E-06,0.023178814
516,10.3200464,9.320046,-0.0820076242,0.735847354,158.563171,-0.0154201183,-0.003083083,30.0931873,-0.000766804442,0.0007358263,1.496315,108.227753,108.227013,1.11758709E-08,-7.08028436E-09,-7.372758E-08,2.12783178E-08,1,0,4,6451.797,210.054428,1352.86487,2,0,0,0,0,1,0,0,0,0,1,0,0,0,Grip,6.276335E-06,0.0231400356
517,10.3400469,9.340047,-0.08231633,0.7357867,159.165634,-0.0154353995,-0.00306870928,30.123003,-0.00076405704,0.00071869,1.49078369,108.335487,108.334747,1.11758709E-08,-5.82787729E-09,-1.60466087E-07,2.12572555E-08,1,0,4,6457.771,209.695862,1350.55554,2,0,0,0,0,1,0,0,0,0,1,0,0,0,Grip,5.35269464E-06,0.0231014639
518,10.3600473,9.360047,-0.08262535,0.735726237,159.768692,-0.0154506238,-0.003054112,30.15271,-0.0007612165,0.00072986586,1.48534775,108.442825,108.442093,1.3038516E-08,-4.618448E-09,-1.05206141E-07,2.47756962E-08,1,0,4,6463.722,209.339767,1348.26208,2,0,0,0,0,1,0,0,0,0,1,0,0,0,Grip,4.405875E-06,0.02306301
519,10.3800478,9.380048,-0.08293467,0.7356661,160.372345,-0.0154657932,-0.003039306,30.1823082,-0.0007584691,0.0007402967,1.4799118,108.549767,108.549049,1.02445483E-08,-3.43090534E-09,-1.43252E-07,1.9447528E-08,1,0,4,6469.651,208.9861,1345.98425,2,0,0,0,0,1,0,0,0,0,1,0,0,0,Grip,3.49154652E-06,0.0230249725
520,10.4000483,9.400048,-0.08324429,0.735606253,160.9766,-0.0154809067,-0.00302460464,30.2117958,-0.000755675137,0.0007350696,1.47438049,108.656319,108.655609,8.381903E-09,1.4532564E-10,-1.83513407E-07,1.58960809E-08,1,0,4,6475.55957,208.634689,1343.721,2,0,0,0,0,1,0,0,0,0,1,0,0,0,Grip,2.59376429E-06,0.0229870938
521,10.4200487,9.420049,-0.0835542157,0.7355468,161.581421,-0.0154959653,-0.00301000732,30.2411766,-0.000752927735,0.00072986586,1.46903992,108.762474,108.761765,4.656613E-09,3.69573572E-09,-1.72692083E-07,8.82257645E-09,1,0,4,6481.447,208.285614,1341.47278,2,0,0,0,0,1,0,0,0,0,1,0,0,0,Grip,-1.09866178E-07,0.0229495876
522,10.4400492,9.440049,-0.0838644356,0.7354876,162.186829,-0.0155109689,-0.002995842,30.27045,-0.000750180334,0.0007082708,1.46369934,108.868248,108.867531,-1.86264515E-09,4.882516E-09,-1.62041147E-07,-3.5256178E-09,1,0,4,6487.31348,207.9388,1339.239,2,0,0,0,0,1,0,0,0,0,1,0,0,0,Grip,-2.79397614E-06,0.0229121484
523,10.46005,9.46005,-0.08417495,0.7354286,162.792831,-0.0155259175,-0.0029818255,30.2996178,-0.000747432932,0.000700820237,1.45835876,108.973633,108.972923,-1.02445483E-08,6.028123E-09,-1.51473856E-07,-1.937223E-08,1,0,4,6493.15771,207.59436,1337.02075,2,0,0,0,0,1,0,0,0,0,1,0,0,0,Grip,-3.6911822E-06,0.0228750985
524,10.48005,9.48005,-0.08448578,0.7353698,163.3994,-0.0155408112,-0.00296770479,30.32868,-0.000744685531,0.000706035644,1.45311356,109.078636,109.077934,-7.450581E-09,-9.315758E-09,-9.152976E-08,-1.40753924E-08,1,0,4,6498.982,207.252151,1334.81665,2,0,0,0,0,1,0,0,0,0,1,0,0,0,Grip,-4.55726058E-06,0.0228380747
525,10.5000505,9.500051,-0.08479689,0.735311568,164.006546,-0.01555565,-0.0029534502,30.3576374,-0.0007419381,0.0007127295,1.44786835,109.183258,109.182564,-9.313226E-10,-1.0495893E-08,-3.1503216E-08,-1.75774584E-09,1,0,4,6504.784,206.9123,1332.62781,2,0,0,0,0,1,0,0,0,0,1,0,0,0,Grip,7.0427127E-06,0.0228013918
526,10.520051,9.520051,-0.0851083,0.7352534,164.614273,-0.0155704357,-0.002939538,30.38649,-0.00073928386,0.000695604831,1.44262314,109.287506,109.286819,8.381903E-09,-1.04832543E-08,-6.444342E-08,1.58046909E-08,1,0,4,6510.56543,206.574646,1330.45313,2,0,0,0,0,1,0,0,0,0,1,0,0,0,Grip,7.934895E-06,0.0227649845
527,10.5400515,9.540051,-0.085420005,0.7351955,165.2226,-0.0155851692,-0.00292570051,30.41524,-0.000736676157,0.000691879541,1.4374733,109.391373,109.390686,1.02445483E-08,-9.213651E-09,-9.542052E-08,1.92985841E-08,1,0,4,6516.328,206.239136,1328.29236,2,0,0,0,0,1,0,0,0,0,1,0,0,0,Grip,7.92534E-06,0.0227288567
528,10.5600519,9.560052,-0.08573201,0.735137939,165.831467,-0.01559985,-0.002912101,30.4438839,-0.0007340219,0.000679970253,1.43222809,109.494873,109.494194,1.11758709E-08,-9.218444E-09,-1.2870025E-07,2.10331912E-08,1,0,4,6522.07,205.905884,1326.146,2,0,0,0,0,1,0,0,0,0,1,0,0,0,Grip,6.96552024E-06,0.02269283
529,10.5800524,9.580052,-0.0860443041,0.7350805,166.440918,-0.0156144788,-0.0028985613,30.4724274,-0.00073146075,0.00067699,1.42717361,109.597992,109.597321,1.21071935E-08,-9.11517E-09,-1.57378309E-07,2.27646115E-08,1,0,4,6527.79053,205.574844,1324.01392,2,0,0,0,0,1,0,0,0,0,1,0,0,0,Grip,6.969143E-06,0.02265712
530,10.6000528,9.600053,-0.0863568857,0.7350235,167.050949,-0.015629055,-0.002884694,30.5008678,-0.0007288065,0.000693369657,1.42202377,109.700752,109.700073,1.67638063E-08,-9.085888E-09,-1.41627339E-07,3.14908419E-08,1,0,4,6533.491,205.245972,1321.89575,2,0,0,0,0,1,0,0,0,0,1,0,0,0,Grip,6.891068E-06,0.0226215087
531,10.6200533,9.620053,-0.0866697654,0.734966755,167.66153,-0.01564358,-0.00287112431,30.5292072,-0.000726245344,0.000678480137,1.4169693,109.803139,109.802467,1.67638063E-08,-8.958832E-09,-1.7030834E-07,3.14616067E-08,1,0,4,6539.17139,204.919327,1319.792,2,0,0,0,0,1,0,0,0,0,1,0,0,0,Grip,6.868931E-06,0.0225862116
532,10.6400537,9.640054,-0.08698293,0.73491025,168.272675,-0.0156580526,-0.00285765924,30.5574455,-0.00072363764,0.0006732531,1.41191483,109.905159,109.904495,2.23517418E-08,-1.0150071E-08,-1.52177847E-07,4.191004E-08,1,0,4,6544.832,204.594757,1317.70166,2,0,0,0,0,1,0,0,0,0,1,0,0,0,Grip,6.77287653E-06,0.022551138
533,10.6600542,9.660054,-0.0872963741,0.734854,168.884384,-0.0156724751,-0.00284407474,30.5855827,-0.00072112307,0.0006792252,1.40686035,110.006813,110.006165,2.04890966E-08,-8.887107E-09,-2.27428217E-07,3.83821934E-08,1,0,4,6550.47363,204.272308,1315.62488,2,0,0,0,0,1,0,0,0,0,1,0,0,0,Grip,7.673453E-06,0.0225162487
534,10.6800547,9.680055,-0.08761012,0.7347979,169.496674,-0.0156868454,-0.00283059455,30.6136189,-0.000718515366,0.0006740098,1.40180588,110.108109,110.107452,1.86264515E-08,-8.863159E-09,-2.09629121E-07,3.486095E-08,1,0,4,6556.094,203.952011,1313.562,2,0,0,0,0,1,0,0,0,0,1,0,0,0,Grip,6.718653E-06,0.0224815812
535,10.7000551,9.700055,-0.08792414,0.734742165,170.109512,-0.0157011654,-0.002817159,30.6415558,-0.0007160008,0.0006717746,1.39684677,110.209038,110.208389,1.86264515E-08,-7.49641149E-09,-2.35932575E-07,3.48291636E-08,1,0,4,6561.69531,203.63382,1311.5127,2,0,0,0,0,1,0,0,0,0,1,0,0,0,Grip,6.700548E-06,0.02244718
536,10.7200556,9.720056,-0.08823845,0.734686732,170.7229,-0.0157154351,-0.002803649,30.6693954,-0.0007134862,0.0006754999,1.391983,110.309608,110.308968,1.67638063E-08,-2.57807953E-09,-2.13532118E-07,3.13177928E-08,1,0,4,6567.27832,203.317657,1309.47644,2,0,0,0,0,1,0,0,0,0,1,0,0,0,Grip,5.667287E-06,0.0224129558
537,10.740056,9.740056,-0.08855304,0.734631658,171.336838,-0.0157296527,-0.002790169,30.6971378,-0.0007108785,0.000673998147,1.38711929,110.409836,110.409187,1.11758709E-08,2.26133823E-09,-9.82422037E-08,2.08596589E-08,1,0,4,6572.84,203.003662,1307.4541,2,0,0,0,0,1,0,0,0,0,1,0,0,0,Grip,1.949028E-06,0.0223789066
538,10.7600565,9.7600565,-0.0888679251,0.7345766,171.951355,-0.01574382,-0.002777091,30.7247829,-0.00070836395,0.000653904863,1.38225555,110.509705,110.509071,5.58793545E-09,1.05332081E-08,-7.608341E-08,1.04204441E-08,1,0,4,6578.383,202.6917,1305.44482,2,0,0,0,0,1,0,0,0,0,1,0,0,0,Grip,-1.70957162E-06,0.0223452039
539,10.780057,9.780057,-0.0891830847,0.734521866,172.5664,-0.015757937,-0.0027636257,30.75233,-0.0007058494,0.000673264731,1.37739182,110.60923,110.6086,0,6.81899959E-09,-5.40036531E-08,0,1,0,4,6583.908,202.381683,1303.44824,2,0,0,0,0,1,0,0,0,0,1,0,0,0,Grip,-7.963105E-06,0.0223115012
540,10.8000574,9.800057,-0.08949853,0.7344675,173.182,-0.0157720037,-0.0027501306,30.7797813,-0.0007033348,0.000674754847,1.37252808,110.708405,110.707771,-5.58793545E-09,5.555047E-09,-3.19221982E-08,-1.04018234E-08,1,0,4,6589.412,202.073837,1301.46558,2,0,0,0,0,1,0,0,0,0,1,0,0,0,Grip,-5.15516331E-06,0.022278104
541,10.8200579,9.820058,-0.0898142457,0.7344134,173.798172,-0.0157860219,-0.00273668021,30.8071365,-0.00070091337,0.0006725197,1.3677597,110.80722,110.8066,-9.313226E-09,4.280559E-09,-5.394446E-08,-1.73209784E-08,1,0,4,6594.898,201.76796,1299.49548,2,0,0,0,0,1,0,0,0,0,1,0,0,0,Grip,-4.19961543E-06,0.022245001
542,10.8400583,9.840058,-0.0901302546,0.7343595,174.414856,-0.0157999918,-0.00272357254,30.8343964,-0.000698491931,0.000655383337,1.36299133,110.9057,110.905083,-1.3038516E-08,1.86122917E-09,-7.596617E-08,-2.42279317E-08,1,0,4,6600.3667,201.463959,1297.5376,2,0,0,0,0,1,0,0,0,0,1,0,0,0,Grip,-3.23610243E-06,0.02221207
543,10.8600588,9.860059,-0.09044653,0.734306,175.032089,-0.0158139132,-0.00271040527,30.86156,-0.0006960705,0.00065836357,1.358223,111.003838,111.00322,-1.67638063E-08,1.85318527E-09,-9.798732E-08,-3.11227772E-08,1,0,4,6605.816,201.162018,1295.5929,2,0,0,0,0,1,0,0,0,0,1,0,0,0,Grip,-1.40708926E-06,0.0221792664
544,10.8800592,9.880059,-0.0907630846,0.734252453,175.649857,-0.0158277862,-0.002697342,30.8886318,-0.000693649054,0.0006531598,1.35355,111.101631,111.101021,-1.86264515E-08,3.04465786E-09,-7.106153E-08,-3.45505526E-08,1,0,4,6611.24561,200.862061,1293.661,2,0,0,0,0,1,0,0,0,0,1,0,0,0,Grip,-1.401008E-06,0.02214663
545,10.90006,9.90006,-0.09107992,0.7341994,176.268188,-0.01584161,-0.00268405559,30.91561,-0.0006912276,0.000664324034,1.348877,111.199089,111.198471,-2.23517418E-08,3.00527114E-09,-4.429277E-08,-4.142448E-08,1,0,4,6616.65674,200.564072,1291.74182,2,0,0,0,0,1,0,0,0,0,1,0,0,0,Grip,-2.30176124E-06,0.0221144147
546,10.92006,9.92006,-0.09139703,0.734146535,176.887039,-0.0158553869,-0.002671201,30.9424934,-0.0006888062,0.000642729,1.344204,111.2962,111.2956,-2.79396772E-08,2.97196068E-09,-1.7601165E-08,-5.17356149E-08,1,0,4,6622.05029,200.267975,1289.83484,2,0,0,0,0,1,0,0,0,0,1,0,0,0,Grip,-2.27198484E-06,0.0220822766
547,10.9400606,9.940061,-0.09171441,0.734094,177.506424,-0.0158691145,-0.00265824213,30.969286,-0.000686384737,0.0006479444,1.33962631,111.39299,111.392387,-2.60770321E-08,2.96717118E-09,5.819356E-08,-4.82447966E-08,1,0,4,6627.42627,199.973785,1287.94006,2,0,0,0,0,1,0,0,0,0,1,0,0,0,Grip,-2.2468023E-06,0.02205022
548,10.9600611,9.960061,-0.09203207,0.7340417,178.126343,-0.0158827957,-0.00264553656,30.9959869,-0.000684056431,0.0006352784,1.33504868,111.489441,111.488846,-2.60770321E-08,5.16016563E-10,4.085604E-08,-4.8203237E-08,1,0,4,6632.78271,199.681564,1286.058,2,0,0,0,0,1,0,0,0,0,1,0,0,0,Grip,-2.24318137E-06,0.0220184531
549,10.9800615,9.980062,-0.09235,0.7339896,178.746811,-0.01589643,-0.002632846,31.0225945,-0.0006817281,0.000634533353,1.33037567,111.585564,111.584976,-2.98023224E-08,5.3797794E-10,-2.55039332E-08,-5.50421646E-08,1,0,4,6638.12158,199.39122,1284.188,2,0,0,0,0,1,0,0,0,0,1,0,0,0,Grip,-3.901085E-07,0.0219869316
550,11.000062,10.000062,-0.0926682055,0.7339376,179.3678,-0.0159100182,-0.002620289,31.0491123,-0.0006793998,0.0006278395,1.3258934,111.681351,111.680763,-2.79396772E-08,1.728091E-09,6.10382322E-09,-5.15579544E-08,1,0,4,6643.44336,199.1027,1282.32983,2,0,0,0,0,1,0,0,0,0,1,0,0,0,Grip,-4.067113E-07,0.0219556559
551,11.0200624,10.0200624,-0.09298667,0.733886,179.9893,-0.01592356,-0.00260746456,31.0755386,-0.0006770715,0.000641227234,1.32131577,111.776817,111.776222,-2.98023224E-08,4.683099E-10,-1.13103411E-08,-5.49483836E-08,1,0,4,6648.747,198.8161,1280.48389,2,0,0,0,0,1,0,0,0,0,1,0,0,0,Grip,-1.30643673E-06,0.0219244137
552,11.0400629,10.0400629,-0.09330542,0.733834743,180.611343,-0.0159370545,-0.002594714,31.1018772,-0.0006747432,0.0006375252,1.31692886,111.871948,111.871368,-2.42143869E-08,-7.781817E-09,6.931777E-08,-4.46077522E-08,1,0,4,6654.032,198.531357,1278.65,2,0,0,0,0,1,0,0,0,0,1,0,0,0,Grip,-3.54042271E-07,0.0218934119
553,11.0600634,10.0600634,-0.09362443,0.733783662,181.233917,-0.0159505028,-0.00258230651,31.1281242,-0.0006724149,0.00062037725,1.31235123,111.966766,111.966187,-2.23517418E-08,-2.97576275E-09,5.197998E-08,-4.11416643E-08,1,0,4,6659.3,198.248474,1276.82813,2,0,0,0,0,1,0,0,0,0,1,0,0,0,Grip,5.88305329E-06,0.0218626335
554,11.0800638,10.0800638,-0.0939437151,0.7337328,181.85701,-0.0159639064,-0.00257004774,31.1542835,-0.0006701797,0.0006129383,1.30796432,112.061256,112.060684,-1.67638063E-08,-7.708283E-09,3.94735125E-08,-3.083034E-08,1,0,4,6664.551,197.967377,1275.0177,2,0,0,0,0,1,0,0,0,0,1,0,0,0,Grip,2.24967653E-06,0.0218320526
555,11.1000643,10.1000643,-0.09426326,0.7336822,182.480621,-0.0159772635,-0.00255789328,31.1803532,-0.0006678514,0.0006077229,1.303482,112.155434,112.154854,-9.313226E-09,-7.657089E-09,7.123015E-08,-1.71136438E-08,1,0,4,6669.784,197.6881,1273.219,2,0,0,0,0,1,0,0,0,0,1,0,0,0,Grip,5.827462E-06,0.0218016878
556,11.1200647,10.1200647,-0.09458307,0.733631849,183.104752,-0.0159905776,-0.00254563452,31.206337,-0.0006657094,0.0006129383,1.29919052,112.249283,112.248711,-9.313226E-09,-6.4312E-09,1.42291121E-08,-1.70993957E-08,1,0,4,6675,197.410645,1271.432,2,0,0,0,0,1,0,0,0,0,1,0,0,0,Grip,5.788759E-06,0.0217713937
557,11.1400652,10.1400652,-0.09490315,0.7335816,183.7294,-0.0160038471,-0.002533331,31.2322311,-0.0006634742,0.0006151735,1.29470825,112.342827,112.342255,-1.86264515E-09,-5.13339549E-09,-4.70734562E-08,-3.41704331E-09,1,0,4,6680.19775,197.135,1269.65674,2,0,0,0,0,1,0,0,0,0,1,0,0,0,Grip,4.86198724E-06,0.0217413362
558,11.1600657,10.1600657,-0.0952234939,0.7335317,184.354584,-0.0160170719,-0.00252104248,31.25804,-0.000661239,0.0006144284,1.29041672,112.436043,112.435478,0,-3.861664E-09,-1.07930163E-08,0,1,0,4,6685.38,196.861069,1267.89246,2,0,0,0,0,1,0,0,0,0,1,0,0,0,Grip,3.880847E-06,0.0217115171
559,11.1800661,10.1800661,-0.09554411,0.733482063,184.980255,-0.016030252,-0.00250894763,31.2837639,-0.000659003854,0.0006047427,1.28622055,112.528954,112.528389,0,-2.68179368E-09,7.412948E-08,0,1,0,4,6690.544,196.588959,1266.13989,2,0,0,0,0,1,0,0,0,0,1,0,0,0,Grip,2.91941774E-06,0.0216819085
560,11.2000666,10.2000666,-0.095864974,0.733432651,185.606445,-0.0160433874,-0.002497091,31.3094,-0.0006567687,0.0005928334,1.28183365,112.621559,112.621,-1.86264515E-09,4.48710225E-09,6.124258E-08,-3.40862116E-09,1,0,4,6695.69336,196.318466,1264.39783,2,0,0,0,0,1,0,0,0,0,1,0,0,0,Grip,2.027436E-06,0.0216524079
561,11.220067,10.220067,-0.0961861,0.7333835,186.233139,-0.016056478,-0.00248526433,31.3349533,-0.0006545335,0.0005913316,1.27763748,112.713852,112.7133,-1.86264515E-09,2.043052E-09,1.461663E-07,-3.40584139E-09,1,0,4,6700.824,196.04982,1262.6676,2,0,0,0,0,1,0,0,0,0,1,0,0,0,Grip,-3.39224925E-06,0.02162312
562,11.2400675,10.2400675,-0.09650749,0.733334541,186.860367,-0.0160695277,-0.002473646,31.36042,-0.0006524846,0.000580912456,1.273346,112.80584,112.80529,0,-3.95656674E-10,-3.89335231E-09,0,1,0,4,6705.93848,195.782883,1260.94836,2,0,0,0,0,1,0,0,0,0,1,0,0,0,Grip,-1.54454722E-06,0.02159402
563,11.2600679,10.2600679,-0.0968291461,0.733285844,187.488083,-0.0160825346,-0.002462117,31.3858013,-0.000650342554,0.000576453749,1.26905441,112.897522,112.89698,1.86264515E-09,-3.97307343E-09,-6.08212645E-08,3.40032313E-09,1,0,4,6711.037,195.517624,1259.24,2,0,0,0,0,1,0,0,0,0,1,0,0,0,Grip,2.99116437E-07,0.02156511
564,11.2800684,10.2800684,-0.0971510559,0.7332374,188.1163,-0.0160954967,-0.00245072227,31.4111,-0.0006481074,0.0005697366,1.26495361,112.9889,112.98835,5.58793545E-09,-3.87964727E-09,7.319149E-08,1.01927542E-08,1,0,4,6716.11865,195.254059,1257.54248,2,0,0,0,0,1,0,0,0,0,1,0,0,0,Grip,3.00364331E-06,0.0215362646
565,11.3000689,10.3000689,-0.09747323,0.7331891,188.745026,-0.016108416,-0.002439268,31.4363155,-0.000645965338,0.0005727168,1.26075745,113.079971,113.079437,1.49011612E-08,-6.28719432E-09,6.535015E-08,2.71588743E-08,1,0,4,6721.18164,194.99231,1255.85669,2,0,0,0,0,1,0,0,0,0,1,0,0,0,Grip,2.93301332E-06,0.0215077288
566,11.3200693,10.3200693,-0.09779565,0.733141065,189.374252,-0.0161212962,-0.00242775376,31.4614468,-0.00064400956,0.0005757087,1.25656128,113.170746,113.170212,1.67638063E-08,-8.630723E-09,-1.2890392E-07,3.052933E-08,1,0,4,6726.23145,194.732086,1254.18066,2,0,0,0,0,1,0,0,0,0,1,0,0,0,Grip,4.753119E-06,0.0214792937
567,11.34007,10.34007,-0.098118335,0.733093,190.004,-0.0161341336,-0.00241623982,31.486496,-0.0006418675,0.000575697049,1.25246048,113.261223,113.260689,1.86264515E-08,-6.16904E-09,-8.802678E-08,3.38944837E-08,1,0,4,6731.26367,194.473587,1252.51575,2,0,0,0,0,1,0,0,0,0,1,0,0,0,Grip,6.5248264E-06,0.0214510877
568,11.36007,10.36007,-0.09844128,0.733045459,190.634232,-0.0161469281,-0.00240448746,31.5114632,-0.0006397255,0.000587618,1.24835968,113.351395,113.350868,1.67638063E-08,-4.96361E-09,-4.72959236E-08,3.04808658E-08,1,0,4,6736.28,194.216721,1250.86145,2,0,0,0,0,1,0,0,0,0,1,0,0,0,Grip,4.66379424E-06,0.0214229822
569,11.3800707,10.3800707,-0.09876447,0.732998133,191.264954,-0.01615968,-0.00239286921,31.53635,-0.000637583435,0.000580912456,1.24435425,113.441277,113.440758,1.86264515E-08,-2.49127718E-09,4.23026272E-08,3.38409E-08,1,0,4,6741.28,193.961563,1249.218,2,0,0,0,0,1,0,0,0,0,1,0,0,0,Grip,3.752489E-06,0.0213950574
570,11.4000711,10.4000711,-0.09908792,0.732951,191.896179,-0.01617239,-0.00238150428,31.5611534,-0.0006355345,0.000568246469,1.24015808,113.530869,113.53035,1.67638063E-08,-1.27472033E-09,-5.89664531E-08,3.04328722E-08,1,0,4,6746.264,193.707947,1247.58459,2,0,0,0,0,1,0,0,0,0,1,0,0,0,Grip,1.8834055E-06,0.0213673152
571,11.4200716,10.4200716,-0.0994116142,0.7329041,192.527908,-0.01618506,-0.00237021362,31.5858765,-0.0006334856,0.0005645328,1.23615265,113.620163,113.619644,1.67638063E-08,-1.29838851E-09,-6.24282E-08,3.04090548E-08,1,0,4,6751.233,193.455963,1245.96167,2,0,0,0,0,1,0,0,0,0,1,0,0,0,Grip,9.636885E-07,0.0213397555
572,11.4400721,10.4400721,-0.0997355655,0.732857347,193.160126,-0.016197687,-0.00235904241,31.61052,-0.0006313436,0.0005585607,1.23214722,113.709167,113.708649,2.04890966E-08,-1.31145161E-09,2.72418426E-08,3.71376458E-08,1,0,4,6756.185,193.205627,1244.34949,2,0,0,0,0,1,0,0,0,0,1,0,0,0,Grip,9.815817E-07,0.0213123746
573,11.4600725,10.4600725,-0.100059777,0.7328109,193.792831,-0.0162102729,-0.00234775175,31.6350822,-0.000629294664,0.0005645328,1.22814178,113.797882,113.797363,2.04890966E-08,-1.43196108E-10,2.37076812E-08,3.7108812E-08,1,0,4,6761.122,192.956863,1242.74719,2,0,0,0,0,1,0,0,0,0,1,0,0,0,Grip,9.914573E-07,0.0212851316
574,11.480073,10.480073,-0.100384235,0.732764661,194.426025,-0.01622282,-0.002336461,31.6595669,-0.0006273389,0.0005645328,1.22423172,113.886307,113.885796,2.23517418E-08,-1.32589328E-09,-2.4019764E-08,4.045103E-08,1,0,4,6766.044,192.709641,1241.155,2,0,0,0,0,1,0,0,0,0,1,0,0,0,Grip,1.08256252E-07,0.0212580673
575,11.5000734,10.5000734,-0.100708939,0.732718647,195.059708,-0.0162353255,-0.00232514087,31.6839733,-0.00062529,0.0005660113,1.22032166,113.974449,113.973946,2.04890966E-08,1.09429577E-09,2.12425189E-08,3.70515458E-08,1,0,4,6770.94873,192.464066,1239.57336,2,0,0,0,0,1,0,0,0,0,1,0,0,0,Grip,1.00237526E-06,0.0212311782
576,11.5200739,10.5200739,-0.101033896,0.7326728,195.6939,-0.01624779,-0.00231393962,31.7083015,-0.000623241067,0.0005600625,1.21641159,114.062317,114.061813,2.23517418E-08,2.30764341E-09,6.65760638E-08,4.03888549E-08,1,0,4,6775.84,192.219986,1238.00134,2,0,0,0,0,1,0,0,0,0,1,0,0,0,Grip,-8.272876E-07,0.0212044269
577,11.5400743,10.5400743,-0.1013591,0.7326273,196.328537,-0.016260216,-0.00230284268,31.73255,-0.0006212853,0.000554847065,1.21240616,114.149895,114.1494,1.86264515E-08,2.276272E-09,-3.016092E-08,3.363166E-08,1,0,4,6780.71533,191.977448,1236.43933,2,0,0,0,0,1,0,0,0,0,1,0,0,0,Grip,-1.74457841E-06,0.02117789
578,11.5600748,10.5600748,-0.101684555,0.7325819,196.963669,-0.0162726,-0.00229182024,31.75672,-0.0006192364,0.0005511218,1.20849609,114.23719,114.236687,1.49011612E-08,4.65758454E-09,1.5032164E-08,2.688485E-08,1,0,4,6785.576,191.73645,1234.88708,2,0,0,0,0,1,0,0,0,0,1,0,0,0,Grip,-1.72086163E-06,0.0211514868
579,11.5800753,10.5800753,-0.102010258,0.7325368,197.599289,-0.0162849464,-0.002280932,31.7808132,-0.0006172806,0.000544416253,1.2046814,114.3242,114.3237,1.11758709E-08,7.01835123E-09,1.58914659E-08,2.014835E-08,1,0,4,6790.421,191.496964,1233.34473,2,0,0,0,0,1,0,0,0,0,1,0,0,0,Grip,-3.52113375E-06,0.02112522
580,11.6000757,10.6000757,-0.102336206,0.732491851,198.235382,-0.0162972528,-0.00227011787,31.80483,-0.0006153248,0.0005407026,1.2008667,114.410942,114.410446,7.450581E-09,8.205679E-09,1.6822E-08,1.342209E-08,1,0,4,6795.25,191.259079,1231.81262,2,0,0,0,0,1,0,0,0,0,1,0,0,0,Grip,-5.3058734E-06,0.0210990831
581,11.6200762,10.6200762,-0.102662116,0.732452869,198.871414,-0.016294267,-0.00225934875,31.7990055,0.000149291009,0.0005384558,-0.291252136,114.4974,114.49691,3.7252903E-09,7.889371E-09,4.91914278E-08,6.712272E-09,1,0,4,6800.065,191.022644,102.102554,3,1,0,0,0,1,0,0,0,0,1,0,0,0,Grip,-6.203493E-06,0.00188648747
582,11.6400766,10.6400766,-0.102987833,0.7324009,199.50708,-0.0162837319,-0.003259636,31.77845,0.000526756048,-0.05001436,-1.02777481,114.476433,114.475983,1.86264515E-09,7.26659E-09,1.09513586E-07,3.35830475E-09,1,0,4,6418.24658,212.088013,113.362091,3,1,0,0,0,1,0,0,0,0,1,0,0,0,Grip,-5.96436439E-06,0.001970095
583,11.6600771,10.6600771,-0.103313364,0.73229605,200.14238,-0.01627365,-0.006152552,31.75878,0.0005041249,-0.14464581,-0.9835243,114.402428,114.402054,-1.86264515E-09,6.75743062E-09,1.53130784E-07,-3.36038242E-09,1,0,4,6036.428,237.48439,126.936592,3,1,0,0,0,1,0,0,0,0,1,0,0,0,Grip,-5.49354172E-06,0.00225650612
584,11.6800776,10.6800776,-0.103638716,0.7320949,200.777313,-0.01626391,-0.0111268489,31.7397747,0.000486988574,-0.248714849,-0.9502411,114.331619,114.331314,-1.86264515E-09,5.981895E-09,7.165058E-08,-3.36239259E-09,1,0,4,5654.61,266.414948,142.400116,3,1,0,0,0,1,0,0,0,0,1,0,0,0,Grip,-5.108617E-06,0.00258907257
585,11.700078,10.700078,-0.103963889,0.731758535,201.4119,-0.01625455,-0.0179635081,31.7215157,0.0004679896,-0.341832966,-0.9129524,114.263206,114.26297,0,5.21867571E-09,1.79960963E-07,0,1,0,4,5272.7915,297.743683,159.145477,3,1,0,0,0,1,0,0,0,0,1,0,0,0,Grip,-4.52231234E-06,0.00295074121
586,11.7200785,10.7200785,-0.104288876,0.731258,202.046143,-0.0162455887,-0.0261968,31.7040329,0.0004480593,-0.4116646,-0.8741379,114.197487,114.1973,-1.86264515E-09,3.977019E-09,1.38877E-07,-3.36617934E-09,1,0,4,4890.973,329.995361,176.384155,3,1,0,0,0,1,0,0,0,0,1,0,0,0,Grip,-3.945319E-06,0.00332115847
587,11.7400789,10.7400789,-0.1046137,0.730576,202.680038,-0.016237013,-0.0352414921,31.6873,0.0004287809,-0.4522346,-0.8366585,114.134567,114.13443,0,1.974253E-09,6.54661747E-08,0,1,0,4,4532.557,359.497528,192.153214,3,1,0,0,0,1,0,0,0,0,1,0,0,0,Grip,-3.00662646E-06,0.003657253
588,11.7600794,10.7600794,-0.104938686,0.729701161,203.31427,-0.0162466019,-0.0444882847,31.7060127,-0.000479444861,-0.46233964,0.9356499,114.074356,114.074242,0,9.064411E-11,-4.84634E-09,0,1,0,4,4533.06,359.457428,1601.09814,3,0,0,0,0,1,0,0,0,0,1,0,0,0,Grip,-1.49253526E-06,0.0302160271
589,11.78008,10.78008,-0.105264023,0.7286619,203.949173,-0.0162659,-0.0522253141,31.7436771,-0.0009649433,-0.3868515,1.88322067,114.141777,114.141655,-7.450581E-09,1.07311795E-08,4.461238E-08,-1.34478881E-08,1,0,4,4769.903,340.13147,1515.01636,3,0,0,0,0,1,0,0,0,0,1,0,0,0,Grip,-6.85269441E-08,0.0285387747
590,11.80008,10.80008,-0.10558971,0.727521062,204.584763,-0.016284626,-0.05692229,31.78022,-0.0009362586,-0.234848827,1.82714462,114.277405,114.27726,-9.313226E-09,7.03557657E-09,-4.890638E-09,-1.67905316E-08,1,0,4,4758.002,341.120667,1519.42249,3,0,0,0,0,1,0,0,0,0,1,0,0,0,Grip,-8.112772E-06,0.0277205184
591,11.8200808,10.8200808,-0.105915748,0.726353168,205.221039,-0.0163033511,-0.0579811037,31.8167648,-0.0009362586,-0.05294066,1.82724,114.408989,114.408813,-9.313226E-09,-1.883753E-10,4.397692E-08,-1.67712511E-08,1,0,4,4756.821,341.218781,1519.8595,3,0,0,0,0,1,0,0,0,0,1,0,0,0,Grip,-5.31889555E-06,0.0268778373
592,11.8400812,10.8400812,-0.106242143,0.7252335,205.858032,-0.0163220018,-0.0553816073,31.8531647,-0.0009325333,0.129974827,1.81999207,114.540558,114.540337,-5.58793545E-09,-1.3977749E-09,5.54381536E-08,-1.00512558E-08,1,0,4,4755.12744,341.3594,1520.48584,3,0,0,0,0,1,0,0,0,0,1,0,0,0,Grip,1.42411722E-07,0.0261306129
593,11.8600817,10.8600817,-0.1065689,0.7242284,206.495712,-0.0163405556,-0.04950097,31.8893757,-0.0009276904,0.294031948,1.81055069,114.671577,114.671318,-7.450581E-09,-2.034788E-10,6.032059E-08,-1.33864653E-08,1,0,4,4754.169,341.438965,1520.84021,3,0,0,0,0,1,0,0,0,0,1,0,0,0,Grip,1.05671779E-06,0.0255070329
594,11.8800821,10.8800821,-0.106896028,0.7233927,207.134109,-0.016359,-0.0409548171,31.92537,-0.0009221956,0.427307576,1.7996788,114.8019,114.80162,-9.313226E-09,2.18990781E-09,-1.58834723E-08,-1.67142229E-08,1,0,4,4754.196,341.436737,1520.83032,3,0,0,0,0,1,0,0,0,0,1,0,0,0,Grip,1.53829973E-07,0.025014881
595,11.9000826,10.9000826,-0.107223518,0.722766042,207.773209,-0.016377328,-0.0304772928,31.961134,-0.0009164214,0.52387625,1.78823471,114.931435,114.931137,-9.313226E-09,-4.976572E-09,-1.05686645E-07,-1.66955267E-08,1,0,4,4755.29248,341.345673,1520.42468,3,0,0,0,0,1,0,0,0,0,1,0,0,0,Grip,-1.65557026E-06,0.024649363
596,11.920083,10.920083,-0.107551366,0.7223723,208.41304,-0.016395539,-0.018826833,31.9966717,-0.0009105541,0.582523,1.776886,115.06015,115.059845,-1.11758709E-08,-4.94274977E-09,-5.359476E-08,-2.00123864E-08,1,0,4,4757.429,341.168243,1519.6344,3,0,0,0,0,1,0,0,0,0,1,0,0,0,Grip,3.76228832E-06,0.0243987814
597,11.9400835,10.9400835,-0.107879579,0.7222212,209.053558,-0.0164136365,-0.00671980577,32.03199,-0.000904873,0.6053514,1.76591873,115.188049,115.187752,-7.450581E-09,-1.45939413E-10,7.908446E-09,-1.33268809E-08,1,0,4,4760.516,340.9118,1518.49219,3,0,0,0,0,1,0,0,0,0,1,0,0,0,Grip,3.73671878E-06,0.0242485888
598,11.960084,10.960084,-0.108208157,0.7223097,209.6948,-0.0164316259,0.00521241175,32.0670967,-0.000899471343,0.5966109,1.755333,115.315178,115.3149,-7.450581E-09,1.06404474E-09,-1.47216568E-08,-1.331229E-08,1,0,4,4764.43652,340.586,1517.04089,3,0,0,0,0,1,0,0,0,0,1,0,0,0,Grip,1.10330191E-07,0.024182681
599,11.9800844,10.9800844,-0.108537093,0.7226241,210.336746,-0.0164495148,0.0164479055,32.102,-0.0008944422,0.561774731,1.745224,115.441559,115.441284,-9.313226E-09,2.32238029E-09,-1.65542886E-07,-1.66222645E-08,1,0,4,4769.05957,340.2016,1515.32874,3,0,0,0,0,1,0,0,0,0,1,0,0,0,Grip,-8.044178E-07,0.02418556
600,12.0000849,11.0000849,-0.108866394,0.7231426,210.979385,-0.0164673068,0.0265851337,32.1367264,-0.0008895993,0.506861448,1.73625946,115.56723,115.566971,-1.11758709E-08,-1.18778543E-10,8.368117E-08,-1.99251584E-08,1,0,4,4774.25537,339.7693,1513.40308,3,0,0,0,0,1,0,0,0,0,1,0,0,0,Grip,-1.7557195E-06,0.0242419317
601,12.0200853,11.0200853,-0.109196059,0.7238376,211.622742,-0.0164850131,0.0353430025,32.17128,-0.000885315239,0.43789345,1.72767639,115.692268,115.692017,-9.313226E-09,-8.446214E-11,-3.021583E-08,-1.65864584E-08,1,0,4,4779.896,339.299683,1511.3114,3,0,0,0,0,1,0,0,0,0,1,0,0,0,Grip,8.979657E-08,0.0243373
602,12.0400858,11.0400858,-0.109526075,0.724678159,212.266785,-0.0165026411,0.0425520875,32.2056847,-0.0008814037,0.360454261,1.72023773,115.816689,115.816452,-5.58793545E-09,-3.70265374E-09,6.9768106E-08,-9.94124E-09,1,0,4,4785.859,338.802856,1509.09839,3,0,0,0,0,1,0,0,0,0,1,0,0,0,Grip,6.385338E-08,0.024458928
603,12.0600863,11.0600863,-0.109856449,0.725631833,212.91153,-0.0165201966,0.04814135,32.2399445,-0.0008777715,0.279463083,1.71298981,115.940575,115.940353,-1.86264515E-09,-3.686888E-09,-1.18106964E-08,-3.310225E-09,1,0,4,4792.03564,338.2879,1506.80469,3,0,0,0,0,1,0,0,0,0,1,0,0,0,Grip,2.79920619E-06,0.0245951526
604,12.0800867,11.0800867,-0.110187173,0.726666451,213.556961,-0.0165376868,0.05212258,32.2740746,-0.0008745119,0.199061632,1.70650482,116.06395,116.063713,0,-1.07563238E-08,-7.49793756E-08,0,1,0,4,4798.32568,337.7631,1504.46716,3,0,0,0,0,1,0,0,0,0,1,0,0,0,Grip,2.78728726E-06,0.0247360319
605,12.1000872,11.1000872,-0.110518254,0.7277512,214.203079,-0.0165551137,0.05457323,32.3080864,-0.0008713454,0.122532435,1.700592,116.186829,116.1866,1.11758709E-08,-1.42604346E-08,6.22208063E-08,1.98194545E-08,1,0,4,4804.64258,337.2357,1502.11792,3,0,0,0,0,1,0,0,0,0,1,0,0,0,Grip,8.13178E-06,0.0248732381
606,12.1200876,11.1200876,-0.110849686,0.728857934,214.849884,-0.0165724866,0.0556199439,32.3419838,-0.000868644565,0.0523356721,1.69487,116.309288,116.309036,1.86264515E-08,-1.41934109E-08,-1.68409713E-07,3.29978072E-08,1,0,4,4810.91455,336.711639,1499.78369,3,0,0,0,0,1,0,0,0,0,1,0,0,0,Grip,1.07808883E-05,0.0250002444
607,12.1400881,11.1400881,-0.11118146,0.7299617,215.497375,-0.0165898055,0.0554228835,32.37578,-0.00086594373,-0.00985302,1.68972015,116.431328,116.431053,2.60770321E-08,-1.28760984E-08,-1.05936437E-07,4.614872E-08,1,0,4,4817.08252,336.195984,1497.48694,3,0,0,0,0,1,0,0,0,0,1,0,0,0,Grip,1.07302185E-05,0.0251123682
608,12.1600885,11.1600885,-0.111513592,0.731040955,216.145538,-0.0166070741,0.0541618839,32.4094734,-0.000863429159,-0.06304998,1.684761,116.552994,116.552689,2.98023224E-08,-1.40281813E-08,-1.32093277E-07,5.268658E-08,1,0,4,4823.10547,335.692139,1495.24268,3,0,0,0,0,1,0,0,0,0,1,0,0,0,Grip,9.73433E-06,0.02520612
609,12.180089,11.180089,-0.111846067,0.732078254,216.794388,-0.0166242942,0.05202481,32.4430733,-0.0008610077,-0.106853619,1.67999268,116.674278,116.67395,3.53902578E-08,-1.03435891E-08,-1.53649211E-07,6.250055E-08,1,0,4,4828.95361,335.202576,1493.062,3,0,0,0,0,1,0,0,0,0,1,0,0,0,Grip,1.06053049E-05,0.0252799988
610,12.2000895,11.2000895,-0.112178892,0.7330596,217.4439,-0.0166414678,0.0491975062,32.47658,-0.0008586794,-0.141365275,1.675415,116.795227,116.794853,3.35276127E-08,-6.684247E-09,-1.70896669E-07,5.914998E-08,1,0,4,4834.61035,334.728821,1490.95178,3,0,0,0,0,1,0,0,0,0,1,0,0,0,Grip,7.819753E-06,0.02533334
611,12.22009,11.22009,-0.11251206,0.7339747,218.094086,-0.0166585948,0.0458572432,32.51,-0.0008563511,-0.167013153,1.6708374,116.91584,116.915428,2.98023224E-08,-4.30291225E-09,-1.88241927E-07,5.252375E-08,1,0,4,4840.07275,334.271057,1488.91284,3,0,0,0,0,1,0,0,0,0,1,0,0,0,Grip,5.05329035E-06,0.0253668427
612,12.24009,11.24009,-0.112845562,0.7348162,218.744949,-0.0166756753,0.0421669558,32.5433235,-0.0008540228,-0.184514374,1.66625977,117.036125,117.03566,2.60770321E-08,5.227917E-10,-2.0558717E-07,4.59112428E-08,1,0,4,4845.34473,333.829071,1486.94421,3,0,0,0,0,1,0,0,0,0,1,0,0,0,Grip,3.25300152E-06,0.0253817
613,12.2600908,11.2600908,-0.113179415,0.735580444,219.396469,-0.01669271,0.0382716544,32.57656,-0.0008516945,-0.194765076,1.66187286,117.156075,117.155563,2.60770321E-08,-1.92209471E-09,-1.25003481E-07,4.58644251E-08,1,0,4,4850.437,333.401947,1485.04163,3,0,0,0,0,1,0,0,0,0,1,0,0,0,Grip,-3.952305E-07,0.0253799111
614,12.2800913,11.2800913,-0.113513604,0.7362654,220.04866,-0.0167096984,0.03429632,32.6097069,-0.0008494593,-0.198766783,1.65729523,117.275711,117.275146,2.04890966E-08,3.99518918E-10,-2.35577971E-07,3.599973E-08,1,0,4,4855.36572,332.988342,1483.19934,3,0,0,0,0,1,0,0,0,0,1,0,0,0,Grip,1.45310355E-06,0.0253635645
615,12.3000917,11.3000917,-0.113848135,0.7368717,220.701523,-0.016726641,0.0303459037,32.642765,-0.000847131,-0.197520763,1.65290833,117.395027,117.394409,1.67638063E-08,3.24957949E-10,-1.5518799E-07,2.942451E-08,1,0,4,4860.15234,332.586517,1481.40955,3,0,0,0,0,1,0,0,0,0,1,0,0,0,Grip,-3.02036284E-07,0.0253350921
616,12.3200922,11.3200922,-0.114183009,0.737401366,221.355026,-0.0167435389,0.026505027,32.67573,-0.00084489584,-0.192043841,1.64833069,117.514023,117.513344,9.313226E-09,2.72678014E-09,-2.657617E-07,1.63304676E-08,1,0,4,4864.815,332.194916,1479.66528,3,0,0,0,0,1,0,0,0,0,1,0,0,0,Grip,-2.456682E-07,0.02529684
617,12.3400927,11.3400927,-0.114518218,0.737857938,222.0092,-0.0167603884,0.022839481,32.70861,-0.0008424744,-0.183277309,1.64394379,117.632683,117.631958,3.7252903E-09,6.29532737E-09,-9.243061E-08,6.5256236E-09,1,0,4,4869.377,331.811646,1477.95813,3,0,0,0,0,1,0,0,0,0,1,0,0,0,Grip,-2.06144568E-06,0.0252510235
618,12.3600931,11.3600931,-0.114853762,0.7382457,222.664032,-0.0167771913,0.0193972755,32.741394,-0.0008401461,-0.172110274,1.63917542,117.751038,117.750267,-5.58793545E-09,8.670135E-09,-2.07797015E-07,-9.778639E-09,1,0,4,4873.856,331.435181,1476.28125,3,0,0,0,0,1,0,0,0,0,1,0,0,0,Grip,-4.75926754E-06,0.0251998082
619,12.3800936,11.3800936,-0.115189642,0.73857,223.319519,-0.0167939458,0.0162113253,32.774086,-0.000837724656,-0.159297511,1.63459778,117.869057,117.868233,-9.313226E-09,6.16129459E-09,-1.32103821E-07,-1.62814828E-08,1,0,4,4878.273,331.063843,1474.62732,3,0,0,0,0,1,0,0,0,0,1,0,0,0,Grip,-6.554622E-06,0.0251448378
620,12.400094,11.400094,-0.115525857,0.7388362,223.975647,-0.0168106519,0.0133010866,32.80669,-0.0008353032,-0.14551194,1.63021088,117.986732,117.985886,-1.67638063E-08,7.298375E-09,4.10406145E-08,-2.92775528E-08,1,0,4,4882.6416,330.6964,1472.9906,3,0,0,0,0,1,0,0,0,0,1,0,0,0,Grip,-4.65793846E-06,0.025087662
621,12.4200945,11.4200945,-0.1158624,0.7390499,224.632431,-0.0168273114,0.0106747793,32.8392,-0.0008329749,-0.131315365,1.6254425,118.104111,118.1032,-2.60770321E-08,9.850609E-09,-7.441579E-08,-4.54977922E-08,1,0,4,4886.97754,330.3316,1471.36572,3,0,0,0,0,1,0,0,0,0,1,0,0,0,Grip,-5.517571E-06,0.025029812
622,12.4400949,11.4400949,-0.116199277,0.7392169,225.289871,-0.01684392,0.008331943,32.8716164,-0.00083046034,-0.117141806,1.62086487,118.221138,118.220207,-2.23517418E-08,-9.629912E-10,9.460154E-08,-3.89596551E-08,1,0,4,4891.293,329.968475,1469.74829,3,0,0,0,0,1,0,0,0,0,1,0,0,0,Grip,-7.4470604E-06,0.0249719471
623,12.4600954,11.4600954,-0.116536491,0.7393426,225.947952,-0.0168604851,0.006264787,32.90394,-0.000828225166,-0.103357807,1.6160965,118.33783,118.336868,-2.79396772E-08,5.039548E-09,-1.13795963E-07,-4.86517422E-08,1,0,4,4895.59473,329.606354,1468.13525,3,0,0,0,0,1,0,0,0,0,1,0,0,0,Grip,7.28021348E-07,0.02491503
624,12.4800959,11.4800959,-0.116874039,0.739432335,226.606674,-0.016877,0.00446075527,32.93617,-0.0008257106,-0.0902015939,1.61151886,118.454185,118.4532,-3.16649675E-08,6.16582652E-09,5.49396759E-08,-5.50846941E-08,1,0,4,4899.891,329.244537,1466.52368,3,0,0,0,0,1,0,0,0,0,1,0,0,0,Grip,-3.809898E-06,0.0248595551
625,12.5000963,11.5000963,-0.117211908,0.739490867,227.266037,-0.0168934688,0.00290298532,32.9683075,-0.0008234754,-0.0778884962,1.60694122,118.570221,118.5692,-3.7252903E-08,8.726565E-09,-5.58139E-08,-6.47423661E-08,1,0,4,4904.187,328.8827,1464.912,3,0,0,0,0,1,0,0,0,0,1,0,0,0,Grip,-4.66136453E-06,0.0248059463
626,12.5200968,11.5200968,-0.117550105,0.739522934,227.926041,-0.016909888,0.001572382,33.0003548,-0.00082096085,-0.06653017,1.60236359,118.685921,118.684891,-4.09781933E-08,9.786061E-09,1.12830868E-07,-7.114745E-08,1,0,4,4908.48633,328.520477,1463.29858,3,0,0,0,0,1,0,0,0,0,1,0,0,0,Grip,-6.597283E-06,0.0247544758
627,12.5400972,11.5400972,-0.117888629,0.7395326,228.5867,-0.01692626,0.00044827105,33.03231,-0.000818632543,-0.0562055521,1.597786,118.801285,118.800247,-4.47034836E-08,9.636872E-09,9.521274E-08,-7.754032E-08,1,0,4,4912.791,328.157684,1461.68262,3,0,0,0,0,1,0,0,0,0,1,0,0,0,Grip,-7.398262E-06,0.0247052535
628,12.5600977,11.5600977,-0.118227489,0.739523232,229.247986,-0.0169425867,-0.0004903649,33.0641747,-0.000816304237,-0.0469318,1.59320831,118.916328,118.915268,-5.21540642E-08,7.15627024E-09,7.750347E-08,-9.037653E-08,1,0,4,4917.103,327.7942,1460.0636,3,0,0,0,0,1,0,0,0,0,1,0,0,0,Grip,-7.285475E-06,0.024658354
629,12.5800982,11.5800982,-0.11856667,0.7394986,229.909912,-0.0169588663,-0.00126372371,33.0959473,-0.00081397593,-0.03866794,1.58863068,119.031036,119.029968,-5.58793545E-08,7.06636927E-09,5.9888805E-08,-9.673904E-08,1,0,4,4921.423,327.429932,1458.441,3,0,0,0,0,1,0,0,0,0,1,0,0,0,Grip,-5.41014E-06,0.0246136114
630,12.6000986,11.6000986,-0.11890617,0.739461541,230.572464,-0.0169751,-0.00189230114,33.1276321,-0.0008116476,-0.0314288735,1.58424377,119.145424,119.144333,-5.7742E-08,8.17874746E-09,1.40103026E-07,-9.986807E-08,1,0,4,4925.748,327.065125,1456.81616,3,0,0,0,0,1,0,0,0,0,1,0,0,0,Grip,-5.342175E-06,0.0245710984
631,12.6200991,11.6200991,-0.119246006,0.7394142,231.235657,-0.0169912875,-0.00239508878,33.15923,-0.00080941245,-0.0251393821,1.57985687,119.259483,119.2584,-5.96046448E-08,5.639462E-09,1.27094069E-07,-1.02991386E-07,1,0,4,4930.081,326.699615,1455.18811,3,0,0,0,0,1,0,0,0,0,1,0,0,0,Grip,-6.183133E-06,0.0245305728
632,12.6401,11.6401,-0.119586155,0.73935926,231.899475,-0.01700743,-0.00278936466,33.19073,-0.000807084143,-0.0197137948,1.5750885,119.373238,119.372154,-6.146729E-08,6.785922E-09,1.19322108E-08,-1.06109063E-07,1,0,4,4934.418,326.333649,1453.558,3,0,0,0,0,1,0,0,0,0,1,0,0,0,Grip,-4.263433E-06,0.0244917888
633,12.6601,11.6601,-0.119926624,0.7392981,232.563919,-0.0170235261,-0.00309114135,33.2221451,-0.000804848969,-0.0150888348,1.5707016,119.486641,119.485558,-6.519258E-08,5.56559243E-09,-9.827028E-10,-1.124335E-07,1,0,4,4938.759,325.9673,1451.92615,3,0,0,0,0,1,0,0,0,0,1,0,0,0,Grip,-5.13015675E-06,0.02445475
634,12.6801,11.6801,-0.120267421,0.7392324,233.229,-0.0170395765,-0.00331427157,33.2534752,-0.000802520663,-0.0111565115,1.56650543,119.599731,119.598648,-6.70552254E-08,5.50518E-09,1.76970644E-07,-1.15536935E-07,1,0,4,4943.10156,325.600647,1450.29309,3,0,0,0,0,1,0,0,0,0,1,0,0,0,Grip,-4.20758761E-06,0.0244191326
635,12.7001009,11.7001009,-0.120608531,0.739163637,233.8947,-0.0170555823,-0.00347143086,33.2847137,-0.0008002855,-0.007857964,1.5619278,119.712524,119.711433,-7.264316E-08,7.905657E-09,6.614095E-08,-1.25047535E-07,1,0,4,4947.44336,325.234039,1448.66016,3,0,0,0,0,1,0,0,0,0,1,0,0,0,Grip,-4.161916E-06,0.024384737
636,12.7201014,11.7201014,-0.120949961,0.7390929,234.56102,-0.0170715414,-0.00357385026,33.3158646,-0.0007979572,-0.00512097031,1.55754089,119.824982,119.823906,-7.264316E-08,6.67712152E-09,1.46361856E-07,-1.249306E-07,1,0,4,4951.784,324.867462,1447.02734,3,0,0,0,0,1,0,0,0,0,1,0,0,0,Grip,-5.976676E-06,0.0243515633
637,12.7401018,11.7401018,-0.121291719,0.739020944,235.227966,-0.0170874558,-0.00363153918,33.3469276,-0.000795722,-0.00288444571,1.553154,119.937126,119.93605,-7.4505806E-08,9.040393E-09,1.33451536E-07,-1.28014591E-07,1,0,4,4956.12256,324.501,1445.395,3,0,0,0,0,1,0,0,0,0,1,0,0,0,Grip,-5.047904E-06,0.02431937
638,12.7601023,11.7601023,-0.121633783,0.7389486,235.895523,-0.0171033274,-0.00365303317,33.3779068,-0.000793579966,-0.00107469968,1.54895782,120.04895,120.047882,-8.009374E-08,7.744897E-09,1.24964558E-07,-1.37487945E-07,1,0,4,4960.45654,324.134827,1443.764,3,0,0,0,0,1,0,0,0,0,1,0,0,0,Grip,-6.834537E-06,0.0242882352
639,12.7801027,11.7801027,-0.121976167,0.738876164,236.5637,-0.0171191525,-0.003645481,33.4087944,-0.000791251659,0.000377604738,1.54438019,120.160477,120.159416,-8.009374E-08,7.689809E-09,1.07544075E-07,-1.37360828E-07,1,0,4,4964.78662,323.768951,1442.13428,3,0,0,0,0,1,0,0,0,0,1,0,0,0,Grip,-5.85514226E-06,0.0242576059
640,12.8001032,11.8001032,-0.122318864,0.7388045,237.2325,-0.0171349347,-0.003614544,33.4395981,-0.0007891096,0.001546857,1.540184,120.271667,120.270615,-8.381903E-08,6.5711645E-09,9.915001E-08,-1.43617285E-07,1,0,4,4969.109,323.403625,1440.50708,3,0,0,0,0,1,0,0,0,0,1,0,0,0,Grip,-5.813495E-06,0.0242276452
641,12.8201036,11.8201036,-0.122661881,0.7387339,237.901917,-0.01715067,-0.00356598548,33.4703178,-0.0007867813,0.002427923,1.53598785,120.382561,120.381508,-8.195639E-08,6.48081055E-09,2.77111326E-07,-1.40296891E-07,1,0,4,4973.42334,323.03894,1438.88269,3,0,0,0,0,1,0,0,0,0,1,0,0,0,Grip,-4.9678E-06,0.0241983421
642,12.8401041,11.8401041,-0.123005211,0.7386644,238.57193,-0.0171663631,-0.00350430445,33.50095,-0.000784639269,0.00308405142,1.531601,120.493156,120.492111,-8.381903E-08,7.617829E-09,1.70985174E-07,-1.43354256E-07,1,0,4,4977.73047,322.6748,1437.26074,3,0,0,0,0,1,0,0,0,0,1,0,0,0,Grip,-4.89949252E-06,0.02416946
643,12.8601046,11.8601046,-0.123348854,0.7385963,239.242554,-0.017182013,-0.00343310554,33.531498,-0.0007824972,0.00355994562,1.52740479,120.603432,120.602386,-8.754432E-08,6.28954666E-09,1.625953E-07,-1.49589141E-07,1,0,4,4982.03,322.311279,1435.64148,3,0,0,0,0,1,0,0,0,0,1,0,0,0,Grip,-5.7590787E-06,0.024141049
644,12.880105,11.880105,-0.123692811,0.7385297,239.913788,-0.0171976183,-0.00335554616,33.56196,-0.000780262053,0.003877969,1.52301788,120.7134,120.712372,-8.754432E-08,6.236048E-09,1.49693079E-07,-1.49453356E-07,1,0,4,4986.319,321.948578,1434.026,3,0,0,0,0,1,0,0,0,0,1,0,0,0,Grip,-4.754897E-06,0.0241129026
645,12.9001055,11.9001055,-0.12403708,0.738464832,240.585648,-0.01721318,-0.00327395019,33.5923347,-0.00077812,0.00407979824,1.51882172,120.823059,120.822029,-8.754432E-08,3.728853E-09,1.4148273E-07,-1.49318211E-07,1,0,4,4990.598,321.586639,1432.41382,3,0,0,0,0,1,0,0,0,0,1,0,0,0,Grip,-4.714452E-06,0.0240851
646,12.9201059,11.9201059,-0.124381654,0.738401532,241.2581,-0.0172287,-0.00319093931,33.6226273,-0.000775977969,0.004150544,1.51462555,120.932419,120.931389,-8.754432E-08,5.130362E-09,1.33184713E-07,-1.49183677E-07,1,0,4,4994.867,321.225525,1430.8053,3,0,0,0,0,1,0,0,0,0,1,0,0,0,Grip,-2.81901271E-06,0.0240576454
647,12.9401064,11.9401064,-0.124726534,0.738339961,241.931152,-0.0172441732,-0.00310767512,33.6528358,-0.000773649663,0.00416321,1.51042938,121.041466,121.040451,-8.381903E-08,2.77897283E-09,3.112401E-07,-1.42707222E-07,1,0,4,4999.126,320.865234,1429.20056,3,0,0,0,0,1,0,0,0,0,1,0,0,0,Grip,-3.87855334E-06,0.024030257
648,12.9601068,11.9601068,-0.125071719,0.73828,242.604813,-0.0172596034,-0.00302543864,33.68296,-0.0007715076,0.004111824,1.50623322,121.150223,121.149216,-7.636845E-08,3.64471175E-10,3.032068E-07,-1.29905843E-07,1,0,4,5003.373,320.50592,1427.6001,3,0,0,0,0,1,0,0,0,0,1,0,0,0,Grip,-2.10090343E-06,0.0240030549
649,12.9801073,11.9801073,-0.125417218,0.738221645,243.279083,-0.0172749925,-0.00294533232,33.7129974,-0.0007694587,0.00400531571,1.50184631,121.258667,121.257668,-7.4505806E-08,-2.08520778E-09,1.04218678E-07,-1.26624471E-07,1,0,4,5007.609,320.1475,1426.00354,3,0,0,0,0,1,0,0,0,0,1,0,0,0,Grip,-2.755402E-07,0.0239760019
650,13.0001078,12.0001078,-0.125763029,0.7381648,243.953949,-0.017290337,-0.00286820484,33.74295,-0.000767223537,0.003856374,1.49765015,121.3668,121.3658,-7.07805157E-08,-8.953875E-10,1.89229723E-07,-1.20186471E-07,1,0,4,5011.833,319.79,1424.41125,3,0,0,0,0,1,0,0,0,0,1,0,0,0,Grip,1.576417E-06,0.0239491351
651,13.0201082,12.0201082,-0.126109153,0.7381094,244.62941,-0.01730564,-0.00279454817,33.7728233,-0.0007651746,0.00368283363,1.49364471,121.474632,121.47364,-6.519258E-08,-3.34983641E-09,1.85797887E-07,-1.10600126E-07,1,0,4,5016.04541,319.433533,1422.82349,3,0,0,0,0,1,0,0,0,0,1,0,0,0,Grip,6.769129E-07,0.0239224173
652,13.0401087,12.0401087,-0.126455575,0.738055468,245.305466,-0.017320903,-0.002724928,33.8026123,-0.0007631257,0.00348100439,1.48944855,121.582176,121.581184,-6.146729E-08,-9.491107E-10,8.463089E-08,-1.04188224E-07,1,0,4,5020.24561,319.078064,1421.24011,3,0,0,0,0,1,0,0,0,0,1,0,0,0,Grip,2.53247617E-06,0.0238958
653,13.0601091,12.0601091,-0.1268023,0.7380028,245.982117,-0.0173361227,-0.00265991036,33.8323174,-0.0007609837,0.00325088622,1.48525238,121.689415,121.688423,-5.7742E-08,-2.13147877E-09,7.65956543E-08,-9.77878543E-08,1,0,4,5024.43555,318.7234,1419.66028,3,0,0,0,0,1,0,0,0,0,1,0,0,0,Grip,7.17527655E-07,0.0238693673
654,13.08011,12.08011,-0.127149329,0.7379512,246.659378,-0.0173513,-0.00259951036,33.86194,-0.000758841634,0.00301999971,1.48105621,121.796356,121.79538,-5.401671E-08,-5.75779247E-09,6.855993E-08,-9.1398924E-08,1,0,4,5028.61328,318.369751,1418.08508,3,0,0,0,0,1,0,0,0,0,1,0,0,0,Grip,1.61139792E-06,0.02384304
655,13.10011,12.10011,-0.12749666,0.737900734,247.3372,-0.0173664335,-0.00254378747,33.89148,-0.0007566996,0.00278614461,1.47705078,121.902992,121.902016,-4.84287739E-08,-5.68667424E-09,1.58258445E-07,-8.187244E-08,1,0,4,5032.78,318.017029,1416.514,3,0,0,0,0,1,0,0,0,0,1,0,0,0,Grip,4.35289076E-06,0.0238167066
656,13.1201105,12.1201105,-0.127844289,0.7378515,248.015625,-0.0173815265,-0.00249245856,33.9209366,-0.0007546507,0.00256644562,1.47285461,122.009338,122.008362,-4.656613E-08,-5.67592728E-09,5.70895E-08,-7.8655134E-08,1,0,4,5036.93262,317.6655,1414.94824,3,0,0,0,0,1,0,0,0,0,1,0,0,0,Grip,4.29912552E-06,0.023790393
657,13.140111,12.140111,-0.128192216,0.7378029,248.694626,-0.0173965786,-0.00244561327,33.9503136,-0.0007526018,0.00234226463,1.46884918,122.115379,122.114418,-3.7252903E-08,-6.824668E-09,5.391132E-08,-6.286966E-08,1,0,4,5041.07373,317.31485,1413.38635,3,0,0,0,0,1,0,0,0,0,1,0,0,0,Grip,4.291001E-06,0.02376419
658,13.1601114,12.1601114,-0.128540441,0.7377553,249.374237,-0.0174115878,-0.00240281923,33.9796028,-0.000750459731,0.002139702,1.46446228,122.221138,122.220177,-3.53902578E-08,-5.526481E-09,-5.186187E-08,-5.967469E-08,1,0,4,5045.202,316.965332,1411.82959,3,0,0,0,0,1,0,0,0,0,1,0,0,0,Grip,5.159449E-06,0.02373797
659,13.1801119,12.1801119,-0.12888898,0.7377085,250.054413,-0.0174265541,-0.0023640173,34.008812,-0.0007483177,0.00194009626,1.46045685,122.326584,122.325623,-3.35276127E-08,-5.48793233E-09,3.783405E-08,-5.64853622E-08,1,0,4,5049.31934,316.61673,1410.27686,3,0,0,0,0,1,0,0,0,0,1,0,0,0,Grip,4.17801948E-06,0.0237119347
660,13.2001123,12.2001123,-0.129237831,0.737662435,250.735168,-0.01744148,-0.00232931157,34.0379372,-0.0007462688,0.00173528679,1.45626068,122.431732,122.430771,-2.98023224E-08,-6.6225625E-09,-6.32528057E-08,-5.016624E-08,1,0,4,5053.42334,316.269257,1408.72913,3,0,0,0,0,1,0,0,0,0,1,0,0,0,Grip,4.14887654E-06,0.0236858856
661,13.2201128,12.2201128,-0.129586965,0.7376169,251.4165,-0.0174563639,-0.0022984934,34.0669823,-0.000744219869,0.00154090812,1.45225525,122.536583,122.535637,-2.60770321E-08,-7.758464E-09,-6.65212454E-08,-4.38580372E-08,1,0,4,5057.5166,315.922668,1407.1853,3,0,0,0,0,1,0,0,0,0,1,0,0,0,Grip,5.006657E-06,0.02365994
662,13.2401133,12.2401133,-0.129936382,0.737571955,252.098419,-0.0174712073,-0.00227119029,34.0959473,-0.00074217096,0.00136515591,1.44824982,122.641144,122.6402,-1.86264515E-08,-7.718689E-09,-6.97067861E-08,-3.1300555E-08,1,0,4,5061.59668,315.5772,1405.64661,3,0,0,0,0,1,0,0,0,0,1,0,0,0,Grip,5.86539863E-06,0.0236340947
663,13.2601137,12.2601137,-0.1302861,0.7375275,252.78093,-0.0174860079,-0.00224740268,34.1248322,-0.0007400289,0.00118938042,1.44424438,122.745422,122.744476,-1.3038516E-08,-8.894291E-09,2.015399E-08,-2.1891843E-08,1,0,4,5065.665,315.232727,1404.11218,3,0,0,0,0,1,0,0,0,0,1,0,0,0,Grip,5.83532847E-06,0.0236082356
664,13.2801142,12.2801142,-0.130636111,0.7374834,253.464,-0.0175007675,-0.00222687726,34.1536331,-0.00073798,0.00102627091,1.44004822,122.8494,122.848473,-9.313226E-09,-8.821555E-09,-8.085386E-08,-1.56238418E-08,1,0,4,5069.72168,314.889221,1402.58215,3,0,0,0,0,1,0,0,0,0,1,0,0,0,Grip,6.72408351E-06,0.02358251
665,13.3001146,12.3001146,-0.130986422,0.7374397,254.147644,-0.0175154861,-0.00220891368,34.182354,-0.0007359311,0.000898179132,1.43604279,122.953087,122.952156,-5.58793545E-09,-7.553579E-09,-8.421175E-08,-9.366429E-09,1,0,4,5073.767,314.546722,1401.05652,3,0,0,0,0,1,0,0,0,0,1,0,0,0,Grip,6.66909546E-06,0.02355666
666,13.3201151,12.3201151,-0.131337032,0.73739624,254.831863,-0.0175301638,-0.002193333,34.2109947,-0.0007338822,0.000779028051,1.43203735,123.056488,123.05555,0,-8.683349E-09,-8.740386E-08,0,1,0,4,5077.79834,314.2054,1399.53625,3,0,0,0,0,1,0,0,0,0,1,0,0,0,Grip,5.710506E-06,0.02353095
667,13.3401155,12.3401155,-0.131687924,0.737353146,255.516647,-0.0175448,-0.00217968924,34.2395554,-0.0007318333,0.0006821938,1.42803192,123.159592,123.158661,3.7252903E-09,-9.832125E-09,-9.068096E-08,6.233854E-09,1,0,4,5081.818,313.865051,1398.02026,3,0,0,0,0,1,0,0,0,0,1,0,0,0,Grip,6.564612E-06,0.02350526
668,13.360116,12.360116,-0.132039115,0.7373102,256.202,-0.017559398,-0.00216826447,34.2680359,-0.0007298775,0.000571238343,1.42402649,123.262413,123.26149,7.450581E-09,-1.09485674E-08,-1.87008823E-07,1.24573445E-08,1,0,4,5085.826,313.5257,1396.50867,3,0,0,0,0,1,0,0,0,0,1,0,0,0,Grip,7.43308647E-06,0.0234797448
669,13.3801165,12.3801165,-0.132390589,0.7372675,256.887939,-0.0175739527,-0.00215879129,34.2964363,-0.00072773546,0.00047365902,1.420021,123.364937,123.364021,1.3038516E-08,-9.679776E-09,-9.715671E-08,2.17823E-08,1,0,4,5089.82373,313.187225,1395.0011,3,0,0,0,0,1,0,0,0,0,1,0,0,0,Grip,8.277117E-06,0.0234542489
670,13.4001169,12.4001169,-0.132742375,0.7372249,257.574432,-0.0175884664,-0.00215126923,34.3247566,-0.00072568655,0.00037610298,1.41601563,123.467178,123.466263,1.49011612E-08,-7.27019467E-09,-1.00520658E-07,2.48735184E-08,1,0,4,5093.809,312.849854,1393.49841,3,0,0,0,0,1,0,0,0,0,1,0,0,0,Grip,7.31791033E-06,0.0234288517
671,13.4201174,12.4201174,-0.13309443,0.737182438,258.261536,-0.017602941,-0.002145326,34.353,-0.0007237308,0.00029716175,1.41220093,123.569138,123.56823,1.86264515E-08,-6.02293149E-09,-9.920039E-08,3.10663353E-08,1,0,4,5097.783,312.513428,1391.99988,3,0,0,0,0,1,0,0,0,0,1,0,0,0,Grip,5.496267E-06,0.0234034359
672,13.4401178,12.4401178,-0.133446783,0.737140059,258.949158,-0.0176173747,-0.00214087218,34.3811646,-0.000721681863,0.000222690869,1.4081955,123.670815,123.669907,2.04890966E-08,-6.00429928E-09,-1.02566425E-07,3.41449677E-08,1,0,4,5101.745,312.17807,1390.5061,3,0,0,0,0,1,0,0,0,0,1,0,0,0,Grip,4.553336E-06,0.0233781524
673,13.4601183,12.4601183,-0.133799419,0.73709774,259.637329,-0.01763177,-0.002137059,34.40925,-0.0007197261,0.000190653373,1.40419006,123.7722,123.771294,2.04890966E-08,-4.791197E-09,-1.99065624E-07,3.41171E-08,1,0,4,5105.696,311.843658,1389.0166,3,0,0,0,0,1,0,0,0,0,1,0,0,0,Grip,4.53925031E-06,0.0233527012
674,13.4801188,12.4801188,-0.134152338,0.73705554,260.32608,-0.0176461227,-0.00213348423,34.437252,-0.0007176772,0.000178744085,1.40018463,123.873306,123.8724,2.04890966E-08,-5.95881566E-09,-2.02433526E-07,3.408936E-08,1,0,4,5109.6333,311.510376,1387.5321,3,0,0,0,0,1,0,0,0,0,1,0,0,0,Grip,3.622145E-06,0.0233272724
675,13.5001192,12.5001192,-0.13450554,0.73701334,261.015381,-0.0176604372,-0.00213022227,34.4651833,-0.0007157214,0.000163097866,1.39656067,123.974121,123.973228,2.23517418E-08,-4.691313E-09,-1.03464004E-07,3.715825E-08,1,0,4,5113.55859,311.178162,1386.05225,3,0,0,0,0,1,0,0,0,0,1,0,0,0,Grip,4.50486459E-06,0.0233020112
676,13.52012,12.52012,-0.13485904,0.7369712,261.705231,-0.01767471,-0.00212736242,34.4930344,-0.0007136725,0.00014299294,1.39255524,124.074669,124.073776,2.04890966E-08,-2.21860774E-09,-1.06995834E-07,3.40342261E-08,1,0,4,5117.47266,310.846924,1384.5769,3,0,0,0,0,1,0,0,0,0,1,0,0,0,Grip,3.54663257E-06,0.02327688
677,13.54012,12.54012,-0.135212824,0.7369292,262.39566,-0.0176889431,-0.00212494936,34.52081,-0.0007116236,0.00012065284,1.38874054,124.174934,124.174042,2.60770321E-08,-3.42840267E-09,-1.25498616E-08,4.32814353E-08,1,0,4,5121.37744,310.516479,1383.105,3,0,0,0,0,1,0,0,0,0,1,0,0,0,Grip,1.67726739E-06,0.02325188
678,13.5601206,12.5601206,-0.13556689,0.7368871,263.086639,-0.0177031364,-0.00212302781,34.5485039,-0.0007096678,9.60775651E-05,1.38473511,124.274925,124.274033,2.23517418E-08,-2.21556729E-09,-1.09295243E-07,3.70686344E-08,1,0,4,5125.27051,310.1871,1381.638,3,0,0,0,0,1,0,0,0,0,1,0,0,0,Grip,2.59187232E-06,0.0232269354
679,13.580121,12.580121,-0.13592124,0.736845136,263.778168,-0.01771729,-0.00212153839,34.5761223,-0.000707712,7.447088E-05,1.38092041,124.374626,124.373749,2.42143869E-08,-3.35053651E-09,-1.080637E-07,4.012561E-08,1,0,4,5129.153,309.8586,1380.1748,3,0,0,0,0,1,0,0,0,0,1,0,0,0,Grip,1.67496887E-06,0.02320201
680,13.6001215,12.6001215,-0.136275873,0.7368031,264.470245,-0.0177314039,-0.00212055515,34.60366,-0.0007056631,4.916219E-05,1.376915,124.474052,124.473175,2.23517418E-08,-3.33312E-09,-1.11516322E-07,3.70095457E-08,1,0,4,5133.023,309.5312,1378.71631,3,0,0,0,0,1,0,0,0,0,1,0,0,0,Grip,2.5330055E-06,0.02317721
681,13.620122,12.620122,-0.1366308,0.736761153,265.162872,-0.0177454781,-0.00211998913,34.6311226,-0.000703707337,2.83005647E-05,1.37310028,124.573189,124.572311,2.79396772E-08,-5.697189E-09,-1.10206436E-07,4.62252423E-08,1,0,4,5136.88232,309.204742,1377.26233,3,0,0,0,0,1,0,0,0,0,1,0,0,0,Grip,2.51983874E-06,0.0231524315
682,13.6401224,12.6401224,-0.136985987,0.7367192,265.856079,-0.0177595131,-0.00211976585,34.65851,-0.00070175156,1.11642294E-05,1.36928558,124.67205,124.671173,2.98023224E-08,-5.5919247E-09,-1.08977581E-07,4.92679675E-08,1,0,4,5140.73,308.8793,1375.81274,3,0,0,0,0,1,0,0,0,0,1,0,0,0,Grip,4.30707451E-06,0.0231277049
683,13.6601229,12.6601229,-0.137341455,0.73667717,266.5498,-0.017773509,-0.00212025736,34.6858139,-0.0006997958,-2.45752744E-05,1.36528015,124.770638,124.769775,2.98023224E-08,-7.960926E-09,-2.05485051E-07,4.92291825E-08,1,0,4,5144.56641,308.554871,1374.36755,3,0,0,0,0,1,0,0,0,0,1,0,0,0,Grip,4.227495E-06,0.0231032185
684,13.6801233,12.6801233,-0.1376972,0.7366352,267.24408,-0.0177874658,-0.00212079356,34.713047,-0.00069784,-2.68104486E-05,1.36165619,124.868942,124.868073,3.7252903E-08,-1.02912594E-08,-1.06284773E-07,6.14881941E-08,1,0,4,5148.39355,308.231262,1372.92615,3,0,0,0,0,1,0,0,0,0,1,0,0,0,Grip,6.01845977E-06,0.0230785627
685,13.7001238,12.7001238,-0.138053238,0.736593246,267.938873,-0.0178013835,-0.00212125527,34.7402039,-0.0006958842,-2.30851583E-05,1.35784149,124.96698,124.966118,3.91155481E-08,-9.00414054E-09,-1.0505925E-07,6.45121361E-08,1,0,4,5152.20654,307.908844,1371.49011,3,0,0,0,0,1,0,0,0,0,1,0,0,0,Grip,7.78019148E-06,0.02305403
686,13.7201242,12.7201242,-0.13840954,0.736551166,268.634216,-0.0178152621,-0.00212153839,34.7672844,-0.00069392845,-1.41561031E-05,1.35402679,125.064743,125.063881,4.09781933E-08,-1.01528883E-08,-1.03834616E-07,6.75314951E-08,1,0,4,5156.00928,307.587341,1370.058,3,0,0,0,0,1,0,0,0,0,1,0,0,0,Grip,6.80713E-06,0.0230296236
687,13.7401247,12.7401247,-0.138766125,0.7365092,269.3301,-0.0178291015,-0.00212131487,34.79429,-0.0006919727,1.11758709E-05,1.3502121,125.162231,125.161369,4.47034836E-08,-6.47256559E-09,-1.02532283E-07,7.361355E-08,1,0,4,5159.80127,307.2668,1368.63037,3,0,0,0,0,1,0,0,0,0,1,0,0,0,Grip,7.675583E-06,0.023005154
688,13.7601252,12.7601252,-0.139122978,0.736467242,270.02652,-0.0178429019,-0.00212076376,34.8212166,-0.0006900169,2.75555067E-05,1.3463974,125.259453,125.2586,4.47034836E-08,-4.073204E-09,-1.01388018E-07,7.355661E-08,1,0,4,5163.58252,306.947235,1367.20691,3,0,0,0,0,1,0,0,0,0,1,0,0,0,Grip,4.8932593E-06,0.0229807757
689,13.7801256,12.7801256,-0.139480114,0.7364252,270.72348,-0.0178566631,-0.00211998913,34.84807,-0.0006880611,3.87313776E-05,1.3425827,125.356392,125.355537,4.84287739E-08,-5.2616187E-09,-1.000879E-07,7.962493E-08,1,0,4,5167.352,306.6287,1365.788,3,0,0,0,0,1,0,0,0,0,1,0,0,0,Grip,3.07934215E-06,0.0229564868
690,13.8001261,12.8001261,-0.139837518,0.7363832,271.421,-0.0178703871,-0.00211893162,34.8748474,-0.0006861985,5.287584E-05,1.33895874,125.453056,125.4522,4.84287739E-08,-4.045464E-09,-9.43416E-08,7.956379E-08,1,0,4,5171.111,306.311127,1364.37354,3,0,0,0,0,1,0,0,0,0,1,0,0,0,Grip,3.97778376E-06,0.02293234
691,13.8201265,12.8201265,-0.1401952,0.736341357,272.119019,-0.0178840719,-0.00211757631,34.90155,-0.0006842427,6.776536E-05,1.335144,125.549461,125.548607,4.47034836E-08,6.955775E-10,-9.335454E-08,7.33873051E-08,1,0,4,5174.859,305.994476,1362.96313,3,0,0,0,0,1,0,0,0,0,1,0,0,0,Grip,3.05837057E-06,0.0229082052
692,13.840127,12.840127,-0.140553162,0.7362994,272.817627,-0.0178977177,-0.00211625057,34.9281769,-0.0006822869,6.62868842E-05,1.33132935,125.645592,125.644753,4.656613E-08,6.847192E-10,-9.213454E-08,7.638683E-08,1,0,4,5178.59668,305.678741,1361.55676,3,0,0,0,0,1,0,0,0,0,1,0,0,0,Grip,-5.25856535E-07,0.0228842124
693,13.8601274,12.8601274,-0.1409114,0.736257732,273.516724,-0.0179113261,-0.002114761,34.95473,-0.0006804243,7.448252E-05,1.32770538,125.741447,125.740608,3.91155481E-08,7.31280758E-10,-8.669845E-08,6.411619E-08,1,0,4,5182.32373,305.363983,1360.15479,3,0,0,0,0,1,0,0,0,0,1,0,0,0,Grip,-5.176477E-07,0.02286023
694,13.8801279,12.8801279,-0.141269892,0.7362157,274.216339,-0.0179248955,-0.00211310759,34.98121,-0.0006784685,8.266652E-05,1.32389069,125.837044,125.836205,3.91155481E-08,7.30345839E-10,-8.555616E-08,6.40676561E-08,1,0,4,5186.039,305.0503,1358.75745,3,0,0,0,0,1,0,0,0,0,1,0,0,0,Grip,-5.52848235E-07,0.0228362568
695,13.9001284,12.9001284,-0.141628668,0.736174047,274.9165,-0.0179384258,-0.002110516,35.0076141,-0.0006765127,0.0001295819,1.32026672,125.932365,125.931526,4.09781933E-08,-1.66471326E-09,1.324445E-08,6.706787E-08,1,0,4,5189.744,304.737457,1357.364,3,0,0,0,0,1,0,0,0,0,1,0,0,0,Grip,-5.52141444E-07,0.0228123
696,13.9201288,12.9201288,-0.141987711,0.736132145,275.6172,-0.0179519188,-0.00210762629,35.033947,-0.0006746501,0.000144483056,1.31664276,126.02742,126.026596,4.09781933E-08,-4.3220616E-10,1.89128162E-08,6.701746E-08,1,0,4,5193.437,304.425781,1355.97583,3,0,0,0,0,1,0,0,0,0,1,0,0,0,Grip,1.25852318E-06,0.0227885712
697,13.9401293,12.9401293,-0.142347023,0.73609066,276.3184,-0.0179653727,-0.00210414082,35.0602036,-0.0006726943,0.000174273737,1.31282806,126.122223,126.1214,4.284084E-08,-4.31340269E-10,2.00542356E-08,7.001123E-08,1,0,4,5197.121,304.114868,1354.591,3,0,0,0,0,1,0,0,0,0,1,0,0,0,Grip,3.26747852E-07,0.02276478
698,13.96013,12.96013,-0.1427066,0.736049056,277.0201,-0.01797879,-0.00210095313,35.0863876,-0.00067083165,0.000159384217,1.3092041,126.216743,126.215919,4.09781933E-08,7.935954E-10,2.56461856E-08,6.691729E-08,1,0,4,5200.79346,303.805,1353.21069,3,0,0,0,0,1,0,0,0,0,1,0,0,0,Grip,3.26093243E-07,0.0227412172
699,13.98013,12.98013,-0.143066451,0.736007452,277.722351,-0.0179921687,-0.00209778058,35.1125,-0.000668969,0.000158627518,1.30558014,126.311005,126.310181,4.284084E-08,-3.78280129E-10,3.131455E-08,6.990696E-08,1,0,4,5204.45654,303.495972,1351.83423,3,0,0,0,0,1,0,0,0,0,1,0,0,0,Grip,-5.999581E-07,0.02271774
700,14.0001307,13.0001307,-0.143426567,0.735965967,278.4251,-0.01800551,-0.0020946674,35.13854,-0.00066710636,0.000155658927,1.30195618,126.405006,126.404182,4.47034836E-08,-5.2594995E-09,3.70587E-08,7.28923339E-08,1,0,4,5208.10938,303.187866,1350.46191,3,0,0,0,0,1,0,0,0,0,1,0,0,0,Grip,2.8597978E-07,0.0226943269
701,14.0201311,13.0201311,-0.143786937,0.735924542,279.1284,-0.0180188157,-0.00209176284,35.1645,-0.0006652437,0.000145228114,1.29814148,126.498749,126.49794,3.35276127E-08,1.49258472E-08,-5.538657E-08,5.46288845E-08,1,0,4,5211.75146,302.880737,1349.09387,3,0,0,0,0,1,0,0,0,0,1,0,0,0,Grip,3.97618169E-06,0.0226709582
702,14.0401316,13.0401316,-0.144147575,0.7358832,279.832184,-0.0180320833,-0.002089067,35.19039,-0.00066338107,0.0001347973,1.29451752,126.592216,126.591408,2.42143869E-08,1.000304E-08,-5.0018766E-08,3.94251636E-08,1,0,4,5215.3833,302.574524,1347.72986,3,0,0,0,0,1,0,0,0,0,1,0,0,0,Grip,-1.128394E-05,0.0226477273
703,14.060132,13.060132,-0.144508481,0.7358419,280.5365,-0.0180453137,-0.00208702614,35.2162132,-0.0006615184,0.00010203803,1.29108429,126.685417,126.684608,1.86264515E-08,1.23741062E-08,5.31613544E-08,3.030481E-08,1,0,4,5219.005,302.269226,1346.37,3,0,0,0,0,1,0,0,0,0,1,0,0,0,Grip,-7.562298E-06,0.0226245783
704,14.0801325,13.0801325,-0.144869655,0.7358005,281.241364,-0.0180585068,-0.00208581961,35.2419624,-0.0006596558,6.032642E-05,1.28746033,126.778381,126.777565,9.313226E-09,1.46920369E-08,5.845734E-08,1.51413353E-08,1,0,4,5222.615,301.965,1345.01489,3,0,0,0,0,1,0,0,0,0,1,0,0,0,Grip,-9.354824E-06,0.0226015821
705,14.1001329,13.1001329,-0.1452311,0.735759258,281.946716,-0.0180716626,-0.002085194,35.2676353,-0.000657793134,3.1280797E-05,1.28364563,126.871078,126.870277,-3.7252903E-09,1.461655E-08,-3.40546578E-08,-6.05212547E-09,1,0,4,5226.21729,301.661469,1343.663,3,0,0,0,0,1,0,0,0,0,1,0,0,0,Grip,-1.11071795E-05,0.0225785915
706,14.1201334,13.1201334,-0.1455928,0.7357179,282.6526,-0.0180847812,-0.00208473229,35.29324,-0.0006559305,2.30851583E-05,1.2802124,126.9635,126.9627,-1.11758709E-08,1.45219357E-08,6.898112E-08,-1.81432025E-08,1,0,4,5229.808,301.358978,1342.31555,3,0,0,0,0,1,0,0,0,0,1,0,0,0,Grip,-1.10501114E-05,0.0225555319
707,14.1401339,13.1401339,-0.145954758,0.735676646,283.358978,-0.0180978626,-0.00208383845,35.31877,-0.000654067844,4.4691842E-05,1.27658844,127.055672,127.054878,-2.04890966E-08,1.32748657E-08,7.428365E-08,-3.32384928E-08,1,0,4,5233.387,301.057526,1340.9729,3,0,0,0,0,1,0,0,0,0,1,0,0,0,Grip,-1.09785833E-05,0.022532519
708,14.1601343,13.1601343,-0.146316975,0.7356354,284.065857,-0.0181109067,-0.00208255765,35.34423,-0.0006522052,6.404007E-05,1.27296448,127.147591,127.14679,-2.79396772E-08,1.32317091E-08,7.966238E-08,-4.529257E-08,1,0,4,5236.956,300.757019,1339.6344,3,0,0,0,0,1,0,0,0,0,1,0,0,0,Grip,-1.00357984E-05,0.0225095078
709,14.1801348,13.1801348,-0.146679461,0.735594153,284.773254,-0.0181239117,-0.002080785,35.36962,-0.0006502494,8.86269845E-05,1.26953125,127.239243,127.238457,-3.16649675E-08,1.31241231E-08,2.758363E-07,-5.12947267E-08,1,0,4,5240.513,300.4576,1338.30078,3,0,0,0,0,1,0,0,0,0,1,0,0,0,Grip,-1.00031721E-05,0.0224866513
710,14.2001352,13.2001352,-0.1470422,0.735553,285.48114,-0.0181368832,-0.00207841676,35.39494,-0.000648573041,0.000118417665,1.26590729,127.33065,127.329865,-3.53902578E-08,1.18615135E-08,9.502777E-08,-5.72883927E-08,1,0,4,5244.061,300.159,1336.9707,3,0,0,0,0,1,0,0,0,0,1,0,0,0,Grip,-9.921837E-06,0.0224638321
711,14.2201357,13.2201357,-0.147405192,0.7355119,286.189545,-0.0181498174,-0.002075542,35.4201851,-0.0006467104,0.000143738,1.26228333,127.421791,127.421013,-4.47034836E-08,9.363689E-09,1.00338049E-07,-7.23126945E-08,1,0,4,5247.59961,299.861237,1335.64441,3,0,0,0,0,1,0,0,0,0,1,0,0,0,Grip,-8.967304E-06,0.0224410966
712,14.2401361,13.2401361,-0.147768453,0.7354708,286.898438,-0.0181627143,-0.00207236921,35.4453659,-0.000644847751,0.000158639159,1.25904083,127.51268,127.511894,-4.284084E-08,8.117842E-09,3.01340322E-07,-6.925044E-08,1,0,4,5251.127,299.5645,1334.32275,3,0,0,0,0,1,0,0,0,0,1,0,0,0,Grip,-7.078949E-06,0.0224184729
713,14.2601366,13.2601366,-0.148131967,0.7354298,287.607849,-0.018175574,-0.00206870516,35.4704742,-0.0006429851,0.000183202792,1.25541687,127.603325,127.602547,-4.284084E-08,8.035697E-09,3.06800217E-07,-6.920142E-08,1,0,4,5254.64453,299.268646,1333.00488,3,0,0,0,0,1,0,0,0,0,1,0,0,0,Grip,-6.137089E-06,0.02239585
714,14.2801371,13.2801371,-0.148495734,0.7353889,288.317749,-0.0181883983,-0.00206514518,35.49551,-0.0006412156,0.000177999027,1.25179291,127.693718,127.692947,-4.284084E-08,7.980088E-09,2.19202E-07,-6.915261E-08,1,0,4,5258.152,298.9738,1331.69141,3,0,0,0,0,1,0,0,0,0,1,0,0,0,Grip,-6.074987E-06,0.0223733783
715,14.3001375,13.3001375,-0.148859754,0.735348046,289.0282,-0.01820119,-0.00206149579,35.5204773,-0.0006395392,0.000182469375,1.24835968,127.783844,127.783081,-4.84287739E-08,9.118147E-09,1.36062E-07,-7.811756E-08,1,0,4,5261.65039,298.6797,1330.38147,3,0,0,0,0,1,0,0,0,0,1,0,0,0,Grip,-6.032946E-06,0.02235102
716,14.320138,13.320138,-0.149224043,0.7353073,289.7391,-0.0182139426,-0.00205798051,35.5453758,-0.000637676567,0.000175763853,1.24492645,127.873726,127.872963,-5.029142E-08,9.0614E-09,2.39260572E-07,-8.106526E-08,1,0,4,5265.138,298.3866,1329.076,3,0,0,0,0,1,0,0,0,0,1,0,0,0,Grip,-6.893319E-06,0.0223287
717,14.3401384,13.3401384,-0.14958857,0.735266566,290.4505,-0.0182266589,-0.002054197,35.5702057,-0.0006358139,0.0001891749,1.24149323,127.963364,127.962593,-4.656613E-08,7.778984E-09,3.42532616E-07,-7.50080247E-08,1,0,4,5268.6167,298.09436,1327.77429,3,0,0,0,0,1,0,0,0,0,1,0,0,0,Grip,-6.850418E-06,0.0223063435
718,14.3601389,13.3601389,-0.14995335,0.7352259,291.1624,-0.01823934,-0.00205011573,35.5949631,-0.0006340444,0.000204064418,1.23786926,128.05275,128.052,-4.84287739E-08,1.01117168E-08,2.54866279E-07,-7.795409E-08,1,0,4,5272.08447,297.80307,1326.47681,3,0,0,0,0,1,0,0,0,0,1,0,0,0,Grip,-5.88091143E-06,0.0222840644
719,14.3801394,13.3801394,-0.150318384,0.735185564,291.874817,-0.0182519872,-0.002045841,35.61965,-0.000632368,0.000213738531,1.234436,128.141876,128.141129,-5.7742E-08,1.24585151E-08,1.71588226E-07,-9.288084E-08,1,0,4,5275.5415,297.5128,1325.18384,3,0,0,0,0,1,0,0,0,0,1,0,0,0,Grip,-7.644458E-06,0.0222619325
720,14.40014,13.40014,-0.150683671,0.735145,292.5877,-0.0182645973,-0.002041864,35.64427,-0.0006305054,0.000198849011,1.23100281,128.230759,128.23,-6.146729E-08,1.4752298E-08,2.74648727E-07,-9.880485E-08,1,0,4,5278.98975,297.2233,1323.89441,3,0,0,0,0,1,0,0,0,0,1,0,0,0,Grip,-9.418637E-06,0.022239875
721,14.42014,13.42014,-0.151049212,0.7351047,293.3011,-0.018277172,-0.00203754427,35.6688232,-0.00062873587,0.000215985347,1.22756958,128.319382,128.318634,-6.519258E-08,1.58783884E-08,2.846504E-07,-1.0472089E-07,1,0,4,5282.42773,296.934784,1322.60938,3,0,0,0,0,1,0,0,0,0,1,0,0,0,Grip,-1.1152737E-05,0.0222178921
722,14.4401407,13.4401407,-0.151415,0.7350644,294.014954,-0.0182897132,-0.00203341828,35.69331,-0.0006270595,0.000206299592,1.22432709,128.407776,128.407013,-7.07805157E-08,1.57350915E-08,2.991136E-07,-1.13618967E-07,1,0,4,5285.856,296.647125,1321.328,3,0,0,0,0,1,0,0,0,0,1,0,0,0,Grip,-1.20040613E-05,0.02219591
723,14.4601412,13.4601412,-0.151781052,0.7350242,294.7293,-0.018302219,-0.002029471,35.7177238,-0.00062529,0.0001973589,1.22070313,128.495926,128.495178,-7.4505806E-08,1.32330191E-08,2.11384261E-07,-1.19517168E-07,1,0,4,5289.274,296.360443,1320.05115,3,0,0,0,0,1,0,0,0,0,1,0,0,0,Grip,-1.18957287E-05,0.022174105
724,14.4801416,13.4801416,-0.152147353,0.73498404,295.444153,-0.01831469,-0.00202603033,35.7420731,-0.000623520464,0.000172038563,1.21746063,128.583817,128.583069,-7.636845E-08,1.43693315E-08,3.191257E-07,-1.22421639E-07,1,0,4,5292.684,296.0745,1318.77747,3,0,0,0,0,1,0,0,0,0,1,0,0,0,Grip,-1.00041625E-05,0.0221523382
725,14.5001421,13.5001421,-0.152513891,0.7349439,296.1595,-0.0183271244,-0.00202321517,35.7663536,-0.000621750951,0.000140757766,1.2140274,128.671478,128.670731,-8.009374E-08,1.18734746E-08,3.29063482E-07,-1.28306255E-07,1,0,4,5296.0835,295.7895,1317.50793,3,0,0,0,0,1,0,0,0,0,1,0,0,0,Grip,-1.08632139E-05,0.0221307874
726,14.5201426,13.5201426,-0.152880684,0.734903932,296.8753,-0.018339524,-0.00202114461,35.7905655,-0.000619981438,0.000103528146,1.21059418,128.758881,128.758148,-8.009374E-08,1.05773443E-08,3.39144179E-07,-1.2821944E-07,1,0,4,5299.47461,295.50528,1316.24207,3,0,0,0,0,1,0,0,0,0,1,0,0,0,Grip,-8.976346E-06,0.0221092366
727,14.540143,13.540143,-0.153247729,0.7348639,297.591644,-0.01835189,-0.0020197297,35.81471,-0.000618305057,7.074559E-05,1.207161,128.846039,128.8453,-8.381903E-08,1.04848983E-08,2.56023583E-07,-1.340927E-07,1,0,4,5302.856,295.222046,1314.98047,3,0,0,0,0,1,0,0,0,0,1,0,0,0,Grip,-7.996472E-06,0.0220877919
728,14.5601435,13.5601435,-0.153615013,0.7348239,298.3084,-0.018364219,-0.00201892527,35.83878,-0.0006164424,4.02214937E-05,1.203537,128.932968,128.932236,-8.381903E-08,7.97771E-09,2.615048E-07,-1.34002619E-07,1,0,4,5306.227,294.939667,1313.72266,3,0,0,0,0,1,0,0,0,0,1,0,0,0,Grip,-7.926583E-06,0.0220603012
729,14.5801439,13.5801439,-0.15398255,0.7347839,299.025665,-0.0183765162,-0.00201822515,35.86279,-0.000614859164,3.50060873E-05,1.20048523,129.019623,129.01889,-8.381903E-08,7.913215E-09,2.808634E-07,-1.3391292E-07,1,0,4,5309.589,294.658173,1312.46887,3,0,0,0,0,1,0,0,0,0,1,0,0,0,Grip,-6.03114859E-06,0.0220387131
730,14.6001444,13.6001444,-0.154350325,0.7347439,299.7434,-0.01838878,-0.00201715273,35.88673,-0.0006131828,5.36208972E-05,1.197052,129.106049,129.105316,-8.381903E-08,5.4681375E-09,1.9788628E-07,-1.33823562E-07,1,0,4,5312.93848,294.377777,1311.21985,3,0,0,0,0,1,0,0,0,0,1,0,0,0,Grip,-5.98239E-06,0.0220172685
731,14.6201448,13.6201448,-0.154718339,0.734703958,300.4616,-0.01840101,-0.00201536529,35.9106064,-0.0006115064,8.937204E-05,1.19380951,129.192245,129.191513,-8.381903E-08,6.64230049E-09,2.126443E-07,-1.33734588E-07,1,0,4,5316.279,294.098267,1309.97485,3,0,0,0,0,1,0,0,0,0,1,0,0,0,Grip,-4.13391172E-06,0.0219958238
732,14.6401453,13.6401453,-0.1550866,0.7346641,301.1803,-0.0184132066,-0.00201275875,35.9344139,-0.00060983,0.000130326953,1.19037628,129.2782,129.277481,-8.754432E-08,5.393522E-09,1.29599485E-07,-1.39585808E-07,1,0,4,5319.60938,293.819641,1308.73389,3,0,0,0,0,1,0,0,0,0,1,0,0,0,Grip,-5.021579E-06,0.02197448
733,14.6601458,13.6601458,-0.155455112,0.7346242,301.899475,-0.01842537,-0.002009571,35.9581566,-0.000608153641,0.000159384217,1.18713379,129.3639,129.36319,-8.754432E-08,6.597775E-09,1.4435922E-07,-1.39493636E-07,1,0,4,5322.93,293.541962,1307.497,3,0,0,0,0,1,0,0,0,0,1,0,0,0,Grip,-4.07750258E-06,0.02195317
734,14.6801462,13.6801462,-0.155823857,0.734584451,302.6191,-0.0184374973,-0.00200565369,35.9818344,-0.0006063841,0.000195868779,1.1838913,129.449371,129.448639,-8.754432E-08,5.3276E-09,2.52251937E-07,-1.39401848E-07,1,0,4,5326.242,293.265076,1306.26367,3,0,0,0,0,1,0,0,0,0,1,0,0,0,Grip,-4.98791769E-06,0.0219319649
735,14.7001467,13.7001467,-0.156192854,0.734545,303.339233,-0.0184495915,-0.00200130418,36.0054474,-0.000604707748,0.000217475463,1.1806488,129.5346,129.5339,-8.381903E-08,1.72456116E-09,2.670819E-07,-1.333823E-07,1,0,4,5329.54443,292.9891,1305.03442,3,0,0,0,0,1,0,0,0,0,1,0,0,0,Grip,-4.02766545E-06,0.0219108984
736,14.7201471,13.7201471,-0.1565621,0.7345052,304.0598,-0.018461654,-0.00199711882,36.0289955,-0.0006031245,0.000209268183,1.17740631,129.619614,129.618912,-8.009374E-08,-3.06819414E-09,1.88848531E-07,-1.273709E-07,1,0,4,5332.83838,292.713867,1303.80847,3,0,0,0,0,1,0,0,0,0,1,0,0,0,Grip,-1.30376816E-06,0.0218899362
737,14.7401476,13.7401476,-0.156931579,0.734465837,304.780853,-0.0184736829,-0.001992233,36.052475,-0.0006014481,0.0002442859,1.17397308,129.704391,129.703674,-7.636845E-08,-3.019727E-09,1.06081522E-07,-1.21367577E-07,1,0,4,5336.12354,292.4395,1302.58643,3,0,0,0,0,1,0,0,0,0,1,0,0,0,Grip,2.3195546E-06,0.0218688622
738,14.760148,13.760148,-0.157301292,0.7344265,305.50238,-0.0184856784,-0.00198772,36.0758934,-0.000599771738,0.00022565946,1.17092133,129.788925,129.788223,-6.891787E-08,-2.98369129E-09,2.18782574E-07,-1.0945574E-07,1,0,4,5339.39746,292.166168,1301.3689,3,0,0,0,0,1,0,0,0,0,1,0,0,0,Grip,2.28291356E-06,0.0218480732
739,14.7801485,13.7801485,-0.157671243,0.734387159,306.224365,-0.01849764,-0.001983415,36.0992432,-0.000598095357,0.000215240289,1.1674881,129.87323,129.872513,-6.33299351E-08,-5.32969224E-09,1.36082761E-07,-1.00515891E-07,1,0,4,5342.66357,291.893555,1300.15466,3,0,0,0,0,1,0,0,0,0,1,0,0,0,Grip,2.25567055E-06,0.02182731
740,14.800149,13.800149,-0.158041432,0.734347939,306.946838,-0.0185095686,-0.00197917,36.1225281,-0.000596419,0.000212260056,1.16424561,129.957291,129.956589,-5.401671E-08,-8.856453E-09,1.51184182E-07,-8.567887E-08,1,0,4,5345.92139,291.621735,1298.94385,3,0,0,0,0,1,0,0,0,0,1,0,0,0,Grip,4.029247E-06,0.0218066182
741,14.8201494,13.8201494,-0.15841186,0.7343087,307.669739,-0.0185214654,-0.001975327,36.14575,-0.0005948357,0.000192143489,1.16100311,130.0411,130.0404,-4.284084E-08,-1.001283E-08,7.32197947E-08,-6.790855E-08,1,0,4,5349.169,291.350861,1297.73743,3,0,0,0,0,1,0,0,0,0,1,0,0,0,Grip,6.69547853E-06,0.02178606
742,14.84015,13.84015,-0.158782527,0.7342696,308.393127,-0.0185333285,-0.00197146926,36.1689034,-0.000593159348,0.000192888547,1.15776062,130.12471,130.124008,-3.53902578E-08,-1.11072644E-08,8.83187639E-08,-5.60624542E-08,1,0,4,5352.408,291.08078,1296.53442,3,0,0,0,0,1,0,0,0,0,1,0,0,0,Grip,7.569699E-06,0.02176539
743,14.86015,13.86015,-0.159153432,0.734230638,309.116974,-0.01854516,-0.00196752185,36.1919937,-0.0005915761,0.000197370537,1.15451813,130.208069,130.207382,-2.42143869E-08,-1.22190613E-08,1.04187547E-08,-3.833405E-08,1,0,4,5355.63672,290.811646,1295.33557,3,0,0,0,0,1,0,0,0,0,1,0,0,0,Grip,8.397092E-06,0.0217448212
744,14.8801508,13.8801508,-0.159524575,0.7341917,309.841278,-0.01855696,-0.00196354487,36.21502,-0.000589992851,0.000198849011,1.15127563,130.291183,130.2905,-2.04890966E-08,-1.21139605E-08,-6.76171652E-08,-3.241588E-08,1,0,4,5358.856,290.543427,1294.14087,3,0,0,0,0,1,0,0,0,0,1,0,0,0,Grip,9.23761E-06,0.02172432
745,14.9001513,13.9001513,-0.159895957,0.7341529,310.56604,-0.0185687281,-0.001959389,36.2379837,-0.0005884096,0.000207789708,1.14822388,130.374084,130.3734,-1.11758709E-08,-1.0863265E-08,-4.78529E-08,-1.76701835E-08,1,0,4,5362.06641,290.276,1292.94971,3,0,0,0,0,1,0,0,0,0,1,0,0,0,Grip,9.158154E-06,0.0217039175
746,14.9201517,13.9201517,-0.160267562,0.7341141,311.29126,-0.0185804628,-0.001955293,36.2608833,-0.0005867332,0.000204809476,1.14498138,130.456757,130.45607,-3.7252903E-09,-9.555123E-09,-3.269235E-08,-5.886341E-09,1,0,4,5365.267,290.009521,1291.76282,3,0,0,0,0,1,0,0,0,0,1,0,0,0,Grip,8.212628E-06,0.0216835067
747,14.9401522,13.9401522,-0.16063942,0.7340756,312.016937,-0.0185921658,-0.00195125642,36.28372,-0.00058515,0.000201823423,1.14173889,130.539185,130.5385,-1.86264515E-09,-8.255807E-09,-1.10798467E-07,-2.9413183E-09,1,0,4,5368.459,289.743835,1290.57935,3,0,0,0,0,1,0,0,0,0,1,0,0,0,Grip,7.22367258E-06,0.02166323
748,14.9601526,13.9601526,-0.1610115,0.734037,312.743073,-0.0186038353,-0.00194800925,36.306488,-0.0005834736,0.000162358629,1.1384964,130.6214,130.620728,0,-6.991377E-09,-9.57731E-08,0,1,0,4,5371.64258,289.478943,1289.39941,3,0,0,0,0,1,0,0,0,0,1,0,0,0,Grip,6.24138966E-06,0.021643199
749,14.9801531,13.9801531,-0.161383808,0.7339984,313.469666,-0.0186154731,-0.00194528338,36.3291969,-0.000581890345,0.000136293238,1.13544464,130.703369,130.7027,5.58793545E-09,-5.7481957E-09,-7.608003E-08,8.812908E-09,1,0,4,5374.81836,289.214783,1288.22278,3,0,0,0,0,1,0,0,0,0,1,0,0,0,Grip,5.28548071E-06,0.0216231588
750,15.0001535,14.0001535,-0.161756352,0.7339599,314.196716,-0.0186270773,-0.00194304914,36.3518448,-0.000580213964,0.000111712143,1.13239288,130.785126,130.784439,7.450581E-09,-4.52598137E-09,3.661239E-08,1.17432224E-08,1,0,4,5377.985,288.9515,1287.05017,3,0,0,0,0,1,0,0,0,0,1,0,0,0,Grip,4.34563572E-06,0.021603182
751,15.020154,14.020154,-0.162129119,0.7339214,314.9242,-0.0186386518,-0.0019413511,36.3744278,-0.000578723848,8.49016942E-05,1.12915039,130.866653,130.865982,1.11758709E-08,-2.121722E-09,-1.34563223E-07,1.7603897E-08,1,0,4,5381.1416,288.689117,1285.88147,3,0,0,0,0,1,0,0,0,0,1,0,0,0,Grip,3.42164185E-06,0.0215832628
752,15.0401545,14.0401545,-0.162502125,0.7338829,315.65213,-0.0186501928,-0.00194009987,36.39695,-0.000577047467,6.25615939E-05,1.12609863,130.947952,130.947281,1.11758709E-08,-8.96943E-10,-2.193743E-08,1.75930026E-08,1,0,4,5384.29053,288.4275,1284.71606,3,0,0,0,0,1,0,0,0,0,1,0,0,0,Grip,1.60402169E-06,0.0215633027
753,15.0601549,14.0601549,-0.162875354,0.7338445,316.380554,-0.0186617021,-0.00193907216,36.41941,-0.0005754642,5.13857231E-05,1.12304688,131.029022,131.028351,1.11758709E-08,-2.11193818E-09,-2.44387843E-09,1.75821526E-08,1,0,4,5387.429,288.1668,1283.55493,3,0,0,0,0,1,0,0,0,0,1,0,0,0,Grip,6.780889E-07,0.0215434749
754,15.0801554,14.0801554,-0.163248822,0.7338061,317.1094,-0.0186731778,-0.001938372,36.4418068,-0.000573787838,3.50060873E-05,1.11980438,131.1099,131.109222,1.3038516E-08,-9.143585E-10,1.25124355E-08,2.04999058E-08,1,0,4,5390.55957,287.906921,1282.39734,3,0,0,0,0,1,0,0,0,0,1,0,0,0,Grip,1.59662522E-06,0.0215237066
755,15.1001558,14.1001558,-0.163622513,0.7337676,317.838684,-0.0186846238,-0.00193716551,36.46414,-0.0005722977,6.032642E-05,1.11675262,131.190521,131.18985,9.313226E-09,2.78390755E-10,-6.119144E-08,1.46338213E-08,1,0,4,5393.68164,287.6478,1281.24316,3,0,0,0,0,1,0,0,0,0,1,0,0,0,Grip,6.91254968E-07,0.021503821
756,15.1201563,14.1201563,-0.163996428,0.733729243,318.56842,-0.0186960362,-0.00193505036,36.4864159,-0.000570621341,0.0001057575,1.11370087,131.27092,131.270264,1.3038516E-08,2.634255E-10,5.14991818E-08,2.04748414E-08,1,0,4,5396.793,287.389679,1280.09351,3,0,0,0,0,1,0,0,0,0,1,0,0,0,Grip,-2.104634E-07,0.0214839615
757,15.1401567,14.1401567,-0.164370582,0.733691,319.298584,-0.0187074188,-0.0019319969,36.508625,-0.0005691312,0.000152672874,1.11045837,131.3511,131.350449,1.11758709E-08,3.03211484E-10,-1.19874372E-07,1.75391861E-08,1,0,4,5399.89453,287.132446,1278.94763,3,0,0,0,0,1,0,0,0,0,1,0,0,0,Grip,-1.99149667E-07,0.0214641262
758,15.1601572,14.1601572,-0.164744958,0.73365283,320.0292,-0.0187187679,-0.00192818372,36.5307732,-0.000567454845,0.0001906592,1.10740662,131.431061,131.4304,1.11758709E-08,-8.592578E-10,-7.248746E-09,1.75285528E-08,1,0,4,5402.988,286.876068,1277.80566,3,0,0,0,0,1,0,0,0,0,1,0,0,0,Grip,-2.29227879E-07,0.021444425
759,15.1801577,14.1801577,-0.165119559,0.7336147,320.760254,-0.0187300872,-0.001923596,36.5528641,-0.0005659647,0.00022938475,1.10454559,131.510788,131.510147,1.11758709E-08,-8.48915938E-10,1.68470571E-08,1.75179586E-08,1,0,4,5406.07227,286.620453,1276.66711,3,0,0,0,0,1,0,0,0,0,1,0,0,0,Grip,6.4959886E-07,0.0214248188
760,15.2001581,14.2001581,-0.165494382,0.733576655,321.49176,-0.0187413748,-0.00191835291,36.57489,-0.0005643815,0.000262155663,1.1013031,131.590317,131.589676,1.86264515E-08,-3.30470429E-09,-6.11378255E-08,2.91790165E-08,1,0,4,5409.148,286.365662,1275.53223,3,0,0,0,0,1,0,0,0,0,1,0,0,0,Grip,6.41780446E-07,0.0214052349
761,15.2201586,14.2201586,-0.165869445,0.7335387,322.2237,-0.01875263,-0.00191276718,36.5968552,-0.000562798232,0.000279286178,1.09825134,131.669617,131.668976,1.67638063E-08,-2.09632023E-09,-4.16451655E-08,2.62453526E-08,1,0,4,5412.21533,286.111633,1274.40076,3,0,0,0,0,1,0,0,0,0,1,0,0,0,Grip,2.49835625E-06,0.0213857852
762,15.240159,14.240159,-0.166244715,0.7335009,322.956055,-0.018763857,-0.00190686865,36.61876,-0.0005613081,0.000294926576,1.09519958,131.748688,131.748047,1.49011612E-08,1.55146174E-09,-1.15284749E-07,2.33152448E-08,1,0,4,5415.27441,285.858429,1273.273,3,0,0,0,0,1,0,0,0,0,1,0,0,0,Grip,1.584818E-06,0.0213664286
763,15.2601595,14.2601595,-0.16662021,0.733463168,323.688873,-0.01877505,-0.00190108933,36.6406021,-0.000559631735,0.0002889661,1.09214783,131.827545,131.8269,1.11758709E-08,3.978328E-09,-2.78698176E-09,1.747601E-08,1,0,4,5418.325,285.606018,1272.14868,3,0,0,0,0,1,0,0,0,0,1,0,0,0,Grip,-1.17290506E-06,0.02134713
764,15.28016,14.28016,-0.166995928,0.733425558,324.422119,-0.01878621,-0.00189535471,36.662384,-0.0005580485,0.000286730938,1.08909607,131.906174,131.905533,7.450581E-09,3.926703E-09,1.657925E-08,1.16437509E-08,1,0,4,5421.367,285.354431,1271.02808,3,0,0,0,0,1,0,0,0,0,1,0,0,0,Grip,-3.00761576E-06,0.0213279277
765,15.30016,14.30016,-0.167371869,0.733388066,325.1558,-0.0187973417,-0.00188984349,36.68411,-0.000556558371,0.0002755609,1.086235,131.984589,131.983963,5.58793545E-09,2.73544232E-09,4.06118232E-08,8.727642E-09,1,0,4,5424.40137,285.1036,1269.91077,3,0,0,0,0,1,0,0,0,0,1,0,0,0,Grip,-2.9685873E-06,0.0213087462
766,15.3201609,14.3201609,-0.167748034,0.733350754,325.889923,-0.0188084412,-0.00188488339,36.7057724,-0.0005549751,0.000248005381,1.08318329,132.0628,132.062164,3.7252903E-09,3.86795E-09,6.00423249E-08,5.814994E-09,1,0,4,5427.426,284.853638,1268.79736,3,0,0,0,0,1,0,0,0,0,1,0,0,0,Grip,-2.06799427E-06,0.0212897621
767,15.3401613,14.3401613,-0.168124422,0.73331356,326.624481,-0.0188195109,-0.0018808021,36.727375,-0.000553485,0.000204064418,1.08013153,132.1408,132.140152,5.58793545E-09,2.28172009E-10,-1.35333185E-08,8.71736E-09,1,0,4,5430.444,284.60434,1267.687,3,0,0,0,0,1,0,0,0,0,1,0,0,0,Grip,-2.92417E-06,0.021270873
768,15.3601618,14.3601618,-0.168501034,0.733276367,327.359467,-0.018830549,-0.00187722722,36.7489166,-0.000551901758,0.000178744085,1.07707977,132.218567,132.217926,3.7252903E-09,2.25520533E-10,5.897538E-09,5.808166E-09,1,0,4,5433.45361,284.355774,1266.57983,3,0,0,0,0,1,0,0,0,0,1,0,0,0,Grip,-1.72498034E-07,0.021251861
769,15.3801622,14.3801622,-0.16887787,0.7332392,328.094879,-0.0188415572,-0.001873697,36.7704,-0.000550411642,0.000176508911,1.07421875,132.296112,132.295471,7.450581E-09,-1.01804687E-09,3.00562029E-08,1.16095444E-08,1,0,4,5436.45361,284.108154,1265.47681,3,0,0,0,0,1,0,0,0,0,1,0,0,0,Grip,-1.70493522E-07,0.021232944
770,15.4001627,14.4001627,-0.169254914,0.7332021,328.830719,-0.0188525356,-0.00186988385,36.7918243,-0.0005489215,0.0001906592,1.071167,132.373459,132.372818,7.450581E-09,-3.38917028E-09,-4.35201422E-08,1.16027854E-08,1,0,4,5439.44434,283.86142,1264.37781,3,0,0,0,0,1,0,0,0,0,1,0,0,0,Grip,7.696434E-07,0.0212140121
771,15.4201632,14.4201632,-0.169632182,0.7331651,329.567,-0.0188634824,-0.001865892,36.8131866,-0.0005473383,0.000199594069,1.06811523,132.450577,132.449966,1.11758709E-08,-4.5713926E-09,-2.39024249E-08,1.73940791E-08,1,0,4,5442.426,283.6155,1263.28247,3,0,0,0,0,1,0,0,0,0,1,0,0,0,Grip,2.56221256E-06,0.0211951733
772,15.4401636,14.4401636,-0.170009673,0.7331282,330.30368,-0.0188744012,-0.00186188519,36.83449,-0.0005459413,0.000200339127,1.06525421,132.527481,132.526871,1.3038516E-08,-4.548802E-09,-9.28771939E-08,2.02813535E-08,1,0,4,5445.4,283.3703,1262.19031,3,0,0,0,0,1,0,0,0,0,1,0,0,0,Grip,3.45597277E-06,0.0211764276
773,15.4601641,14.4601641,-0.170387372,0.7330913,331.0408,-0.01888529,-0.00185831031,36.85574,-0.0005444512,0.000178744085,1.06239319,132.604187,132.603561,1.49011612E-08,-4.53657467E-09,-6.865821E-08,2.31653274E-08,1,0,4,5448.36572,283.125916,1261.10181,3,0,0,0,0,1,0,0,0,0,1,0,0,0,Grip,3.438894E-06,0.0211578421
774,15.4801645,14.4801645,-0.1707653,0.7330545,331.778351,-0.0188961476,-0.001855078,36.87693,-0.0005428679,0.000161613571,1.05953217,132.680679,132.680054,2.04890966E-08,-4.480398E-09,4.869235E-08,3.18340163E-08,1,0,4,5451.324,282.882172,1260.01611,3,0,0,0,0,1,0,0,0,0,1,0,0,0,Grip,3.42965041E-06,0.0211393088
775,15.500165,14.500165,-0.171143457,0.7330179,332.516327,-0.0189069752,-0.00185230759,36.89806,-0.0005413778,0.000138522591,1.05648041,132.756958,132.756348,2.60770321E-08,-5.661069E-09,-2.47632812E-08,4.049282E-08,1,0,4,5454.274,282.639343,1258.93445,3,0,0,0,0,1,0,0,0,0,1,0,0,0,Grip,3.38718064E-06,0.0211207941
776,15.5201654,14.5201654,-0.171521813,0.7329812,333.2547,-0.0189177748,-0.00185040093,36.9191322,-0.0005399808,9.533251E-05,1.05361938,132.833023,132.832413,2.60770321E-08,-3.21481219E-09,-9.374006E-08,4.04697076E-08,1,0,4,5457.216,282.3972,1257.85583,3,0,0,0,0,1,0,0,0,0,1,0,0,0,Grip,4.279768E-06,0.02110241
777,15.5401659,14.5401659,-0.171900377,0.7329445,333.9935,-0.0189285427,-0.0018487029,36.9401474,-0.0005383976,8.49016942E-05,1.05075836,132.90889,132.908279,2.79396772E-08,-1.97302819E-09,2.3486157E-08,4.3335735E-08,1,0,4,5460.15039,282.155731,1256.7804,3,0,0,0,0,1,0,0,0,0,1,0,0,0,Grip,2.430398E-06,0.021084005
778,15.5601664,14.5601664,-0.172279164,0.7329079,334.732727,-0.01893928,-0.001847273,36.9611053,-0.000536907464,7.149647E-05,1.04789734,132.984543,132.983932,2.79396772E-08,1.64595793E-09,4.758013E-08,4.331116E-08,1,0,4,5463.075,281.915222,1255.70911,3,0,0,0,0,1,0,0,0,0,1,0,0,0,Grip,1.49160928E-06,0.02106569
779,15.5801668,14.5801668,-0.17265816,0.732871234,335.472382,-0.0189499911,-0.00184609625,36.9820061,-0.0005355105,5.88363037E-05,1.04503632,133.059982,133.059387,2.42143869E-08,4.03722566E-09,-2.15798046E-08,3.75151252E-08,1,0,4,5465.99268,281.675385,1254.64075,3,0,0,0,0,1,0,0,0,0,1,0,0,0,Grip,-1.24434416E-06,0.0210474283
780,15.6001673,14.6001673,-0.17303738,0.7328347,336.212463,-0.0189606715,-0.00184500893,37.0028458,-0.000534020364,5.43659553E-05,1.04198456,133.135239,133.134628,1.3038516E-08,3.9596304E-09,-9.546288E-08,2.01890735E-08,1,0,4,5468.90137,281.4364,1253.57629,3,0,0,0,0,1,0,0,0,0,1,0,0,0,Grip,-3.05214257E-06,0.02102915
781,15.6201677,14.6201677,-0.173416808,0.7327981,336.952942,-0.01897132,-0.0018440109,37.02363,-0.0005324371,4.99014277E-05,1.03912354,133.210251,133.209656,1.11758709E-08,5.1429474E-09,2.170385E-08,1.72952053E-08,1,0,4,5471.802,281.198181,1252.51526,3,0,0,0,0,1,0,0,0,0,1,0,0,0,Grip,-2.99348039E-06,0.02101096
782,15.6401682,14.6401682,-0.173796445,0.7327615,337.693817,-0.018981941,-0.00184241717,37.0443535,-0.000531040132,7.968629E-05,1.03626251,133.285065,133.28447,5.58793545E-09,5.064562E-09,-4.7453895E-08,8.642766E-09,1,0,4,5474.695,280.960632,1251.45715,3,0,0,0,0,1,0,0,0,0,1,0,0,0,Grip,-3.888068E-06,0.0209926516
783,15.6601686,14.6601686,-0.174176291,0.7327252,338.43512,-0.018992532,-0.00183966151,37.06502,-0.00052955,0.000137783354,1.03340149,133.35968,133.359085,3.7252903E-09,3.84885146E-09,-2.34185791E-08,5.75863046E-09,1,0,4,5477.57666,280.724182,1250.40393,3,0,0,0,0,1,0,0,0,0,1,0,0,0,Grip,-3.828809E-06,0.0209743939
784,15.6801691,14.6801691,-0.17455636,0.7326888,339.176819,-0.0190030932,-0.00183628034,37.0856361,-0.0005280599,0.00016905833,1.0307312,133.434082,133.4335,3.7252903E-09,2.614077E-09,9.835175E-08,5.75542947E-09,1,0,4,5480.45068,280.488434,1249.35388,3,0,0,0,0,1,0,0,0,0,1,0,0,0,Grip,-2.90973162E-06,0.020956222
785,15.70017,14.70017,-0.174936637,0.7326524,339.918945,-0.0190136246,-0.00183184154,37.1061935,-0.0005265698,0.00022193999,1.02787018,133.5083,133.5077,7.450581E-09,2.61726441E-09,1.22507387E-07,1.15044818E-08,1,0,4,5483.31738,280.2534,1248.30688,3,0,0,0,0,1,0,0,0,0,1,0,0,0,Grip,-1.97624217E-06,0.0209381022
786,15.72017,14.72017,-0.175317124,0.7326162,340.661469,-0.0190241281,-0.00182644953,37.12669,-0.0005251728,0.000269600423,1.02481842,133.5823,133.581711,5.58793545E-09,3.806062E-09,-4.4323567E-08,8.623598E-09,1,0,4,5486.176,280.0191,1247.26343,3,0,0,0,0,1,0,0,0,0,1,0,0,0,Grip,-1.97865188E-06,0.0209200718
787,15.7401705,14.7401705,-0.175697818,0.73258,341.404419,-0.0190346036,-0.00182044669,37.1471329,-0.0005237758,0.000300141983,1.02214813,133.6561,133.6555,1.86264515E-09,2.52727328E-09,-1.56848312E-08,2.87295032E-09,1,0,4,5489.027,279.785553,1246.22314,3,0,0,0,0,1,0,0,0,0,1,0,0,0,Grip,-2.877383E-06,0.02090206
788,15.7601709,14.7601709,-0.176078722,0.732544065,342.147766,-0.01904505,-0.00181395246,37.16752,-0.0005222857,0.000324711436,1.01928711,133.729691,133.7291,1.86264515E-09,2.511812E-09,8.41113845E-09,2.87137469E-09,1,0,4,5491.86865,279.552856,1245.18665,3,0,0,0,0,1,0,0,0,0,1,0,0,0,Grip,-1.91061849E-06,0.0208842
789,15.7801714,14.7801714,-0.176459849,0.7325082,342.8915,-0.0190554671,-0.001807473,37.1878471,-0.0005208887,0.0003239722,1.01642609,133.80307,133.80249,-3.7252903E-09,3.7047283E-09,-6.074347E-08,-5.73961E-09,1,0,4,5494.704,279.32077,1244.15283,3,0,0,0,0,1,0,0,0,0,1,0,0,0,Grip,-1.8989299E-06,0.0208664313
790,15.8001719,14.8001719,-0.17684117,0.732472539,343.635681,-0.0190658551,-0.00180090428,37.2081223,-0.0005193986,0.000328436727,1.0137558,133.876266,133.875687,-3.7252903E-09,7.29338234E-09,6.102847E-08,-5.736483E-09,1,0,4,5497.53174,279.089417,1243.12231,3,0,0,0,0,1,0,0,0,0,1,0,0,0,Grip,-2.80077461E-06,0.02084878
791,15.8201723,14.8201723,-0.1772227,0.732437,344.380249,-0.0190762151,-0.00179478235,37.22834,-0.0005180016,0.000306096626,1.01089478,133.949249,133.948669,-1.11758709E-08,7.244556E-09,-8.183831E-09,-1.72001009E-08,1,0,4,5500.35156,278.858826,1242.09521,3,0,0,0,0,1,0,0,0,0,1,0,0,0,Grip,-5.513797E-06,0.0208311472
792,15.8401728,14.8401728,-0.177604437,0.7324015,345.1252,-0.0190865435,-0.00178912212,37.2485046,-0.000516418368,0.000283011468,1.00822449,134.022034,134.021454,-1.11758709E-08,7.178172E-09,2.066626E-07,-1.719079E-08,1,0,4,5503.16357,278.628967,1241.07141,3,0,0,0,0,1,0,0,0,0,1,0,0,0,Grip,-5.47688433E-06,0.020813562
793,15.8601732,14.8601732,-0.177986369,0.7323661,345.870575,-0.0190968439,-0.0017837747,37.26861,-0.0005150214,0.00026737107,1.00517273,134.09462,134.094055,-1.86264515E-08,8.34179747E-09,3.96590529E-08,-2.86358581E-08,1,0,4,5505.96826,278.3998,1240.05066,3,0,0,0,0,1,0,0,0,0,1,0,0,0,Grip,-5.426698E-06,0.0207960941
794,15.8801737,14.8801737,-0.178368509,0.7323308,346.616333,-0.0191071164,-0.00177906791,37.28866,-0.0005136244,0.0002353394,1.00250244,134.166992,134.166428,-2.60770321E-08,9.486225E-09,6.812589E-08,-4.006865E-08,1,0,4,5508.766,278.171326,1239.033,3,0,0,0,0,1,0,0,0,0,1,0,0,0,Grip,-6.30639852E-06,0.0207786839
795,15.9001741,14.9001741,-0.178750858,0.7322955,347.362549,-0.0191173609,-0.00177525473,37.3086548,-0.0005122274,0.0001906592,0.999832153,134.239182,134.2386,-3.16649675E-08,9.436309E-09,9.665217E-08,-4.86287064E-08,1,0,4,5511.554,277.943726,1238.01917,3,0,0,0,0,1,0,0,0,0,1,0,0,0,Grip,-7.171586E-06,0.0207614247
796,15.9201746,14.9201746,-0.179133415,0.732260346,348.109131,-0.0191275775,-0.00177230546,37.3285942,-0.000510830432,0.000147463288,0.99697113,134.311172,134.3106,-3.7252903E-08,8.181335E-09,2.7444969E-08,-5.71796832E-08,1,0,4,5514.33643,277.7167,1237.008,3,0,0,0,0,1,0,0,0,0,1,0,0,0,Grip,-7.133849E-06,0.0207442138
797,15.9401751,14.9401751,-0.179516166,0.7322254,348.8561,-0.0191377643,-0.0017695796,37.34848,-0.0005093403,0.000136293238,0.994300842,134.38295,134.382385,-4.284084E-08,9.30031E-09,1.49047523E-07,-6.572162E-08,1,0,4,5517.111,277.490417,1236.00012,3,0,0,0,0,1,0,0,0,0,1,0,0,0,Grip,-6.18508875E-06,0.0207268074
798,15.9601755,14.9601755,-0.179899126,0.7321904,349.6035,-0.0191479232,-0.001767107,37.3683128,-0.000507943332,0.000123627251,0.991630554,134.454544,134.453979,-4.47034836E-08,1.04106075E-08,1.7757678E-07,-6.854269E-08,1,0,4,5519.87549,277.265076,1234.99634,3,0,0,0,0,1,0,0,0,0,1,0,0,0,Grip,-7.031034E-06,0.0207095556
799,15.980176,14.980176,-0.1802823,0.7321553,350.351257,-0.0191580541,-0.0017645451,37.388092,-0.000506546348,0.0001280976,0.988960266,134.52594,134.525375,-4.84287739E-08,1.03609947E-08,2.06106989E-07,-7.42153E-08,1,0,4,5522.633,277.040375,1233.99548,3,0,0,0,0,1,0,0,0,0,1,0,0,0,Grip,-7.870419E-06,0.0206923485
800,16.0001755,15.0001755,-0.180665657,0.7321204,351.099426,-0.0191681571,-0.00176174473,37.4078178,-0.000505149364,0.000140018528,0.98629,134.597137,134.596573,-5.21540642E-08,1.03183737E-08,2.3458071E-07,-7.98820139E-08,1,0,4,5525.38232,276.816437,1232.998,3,0,0,0,0,1,0,0,0,0,1,0,0,0,Grip,-7.832912E-06,0.0206751935
801,16.0201759,15.0201759,-0.181049228,0.732085466,351.847961,-0.0191782322,-0.00175922748,37.4274864,-0.0005037524,0.000125862425,0.983428955,134.668152,134.667587,-5.58793545E-08,9.106529E-09,1.653787E-07,-8.55428937E-08,1,0,4,5528.12451,276.59317,1232.00354,3,0,0,0,0,1,0,0,0,0,1,0,0,0,Grip,-7.800691E-06,0.02065812
802,16.0401764,15.0401764,-0.181432992,0.7320506,352.5969,-0.01918828,-0.00175675482,37.4471,-0.0005023554,0.000123633072,0.980758667,134.738968,134.7384,-5.58793545E-08,7.877749E-09,1.93968972E-07,-8.549808E-08,1,0,4,5530.86,276.370575,1231.01208,3,0,0,0,0,1,0,0,0,0,1,0,0,0,Grip,-6.88453565E-06,0.0206410959
803,16.0601768,15.0601768,-0.181816965,0.7320158,353.346222,-0.0191982966,-0.001754461,37.4666634,-0.0005008653,0.000114692375,0.9780884,134.80957,134.809,-5.21540642E-08,5.439194E-09,3.15749048E-07,-7.975655E-08,1,0,4,5533.587,276.1488,1230.02429,3,0,0,0,0,1,0,0,0,0,1,0,0,0,Grip,-5.955578E-06,0.0206241868
804,16.0801773,15.0801773,-0.182201132,0.731981158,354.095947,-0.0192082878,-0.00175228633,37.48617,-0.0004995614,0.000108731911,0.9754181,134.88,134.87944,-4.656613E-08,3.016194E-09,2.51321723E-07,-7.117414E-08,1,0,4,5536.30664,275.927643,1229.03918,3,0,0,0,0,1,0,0,0,0,1,0,0,0,Grip,-4.11203064E-06,0.0206073262
805,16.1001778,15.1001778,-0.1825855,0.731946468,354.846069,-0.0192182511,-0.00175049889,37.5056267,-0.000498164445,8.937204E-05,0.9727478,134.950226,134.949677,-4.09781933E-08,6.196081E-10,2.80026626E-07,-6.260076E-08,1,0,4,5539.01855,275.707275,1228.05762,3,0,0,0,0,1,0,0,0,0,1,0,0,0,Grip,-2.2802426E-06,0.0205905139
806,16.1201782,15.1201782,-0.182970077,0.7319117,355.596558,-0.0192281883,-0.00174881576,37.52503,-0.0004968606,8.41566361E-05,0.9700775,135.020264,135.019714,-3.35276127E-08,-5.87607962E-10,2.15655774E-07,-5.119232E-08,1,0,4,5541.72363,275.487549,1227.07886,3,0,0,0,0,1,0,0,0,0,1,0,0,0,Grip,-4.684237E-07,0.02057366
807,16.1401787,15.1401787,-0.18335484,0.731877,356.347443,-0.0192380976,-0.00174699852,37.54438,-0.0004954636,9.086216E-05,0.967597961,135.090118,135.089569,-3.16649675E-08,4.196673E-09,3.419821E-07,-4.83233755E-08,1,0,4,5544.42,275.268646,1226.10388,3,0,0,0,0,1,0,0,0,0,1,0,0,0,Grip,4.442316E-07,0.0205569565
808,16.16018,15.1601791,-0.1837398,0.7318424,357.098724,-0.01924798,-0.00174504728,37.56368,-0.000494159758,9.756186E-05,0.9649277,135.159775,135.159225,-2.98023224E-08,2.99943581E-09,2.77442581E-07,-4.545746E-08,1,0,4,5547.11,275.050385,1225.13171,3,0,0,0,0,1,0,0,0,0,1,0,0,0,Grip,-3.1726845E-06,0.02054021
809,16.18018,15.18018,-0.184124947,0.7318078,357.850372,-0.019257836,-0.00174306612,37.5829239,-0.0004927628,9.90578E-05,0.9622574,135.229248,135.2287,-2.60770321E-08,5.810747E-10,3.06091977E-07,-3.975491E-08,1,0,4,5549.79248,274.832764,1224.16235,3,0,0,0,0,1,0,0,0,0,1,0,0,0,Grip,-2.26757334E-06,0.0205235444
810,16.20018,15.20018,-0.1845103,0.731773436,358.602417,-0.0192676652,-0.00174102548,37.60211,-0.0004914589,0.000102032209,0.959396362,135.298538,135.297989,-1.67638063E-08,-6.70115E-09,1.44098635E-07,-2.55436845E-08,1,0,4,5552.46729,274.6159,1223.19641,3,0,0,0,0,1,0,0,0,0,1,0,0,0,Grip,-4.3929245E-07,0.0205068924
811,16.22018,15.2201805,-0.184895858,0.7317389,359.354858,-0.0192774683,-0.00173905934,37.6212463,-0.0004901551,9.830692E-05,0.9567261,135.367615,135.367065,-9.313226E-09,-1.1420112E-08,7.983852E-08,-1.41837191E-08,1,0,4,5555.13428,274.3998,1222.23389,3,0,0,0,0,1,0,0,0,0,1,0,0,0,Grip,5.066069E-06,0.0204904266
812,16.240181,15.240181,-0.1852816,0.7317044,360.107666,-0.0192872453,-0.0017368847,37.64033,-0.0004888512,0.000108731911,0.9542465,135.4365,135.435959,9.313226E-09,-1.25506379E-08,1.13533915E-07,1.41765275E-08,1,0,4,5557.794,274.184357,1221.27417,3,0,0,0,0,1,0,0,0,0,1,0,0,0,Grip,8.633604E-06,0.0204739012
813,16.2601814,15.2601814,-0.185667545,0.731669962,360.86084,-0.0192969963,-0.001733846,37.6593628,-0.000487547368,0.000151933637,0.951576233,135.5052,135.504669,1.3038516E-08,-7.682197E-09,4.92159629E-08,1.9837108E-08,1,0,4,5560.44531,273.9697,1220.318,3,0,0,0,0,1,0,0,0,0,1,0,0,0,Grip,9.488282E-06,0.0204572845
814,16.2801819,15.2801819,-0.186053678,0.73163563,361.6144,-0.0193067212,-0.00172969024,37.67834,-0.000486243516,0.000207789708,0.948905945,135.573715,135.573181,1.86264515E-08,-7.610411E-09,-1.51026072E-08,2.83244486E-08,1,0,4,5563.08838,273.755859,1219.3656,3,0,0,0,0,1,0,0,0,0,1,0,0,0,Grip,5.80774076E-06,0.02044071
815,16.3001823,15.3001823,-0.18644,0.7316014,362.368347,-0.01931642,-0.00172453653,37.6972733,-0.000484939665,0.000257685315,0.9466171,135.642044,135.6415,2.60770321E-08,-3.91737753E-09,1.16102029E-07,3.96343154E-08,1,0,4,5565.724,273.542633,1218.41577,3,0,0,0,0,1,0,0,0,0,1,0,0,0,Grip,5.7534703E-06,0.020424217
816,16.3201828,15.3201828,-0.186826527,0.7315675,363.122681,-0.0193260927,-0.0017184891,37.7161522,-0.0004836358,0.000302371336,0.943946838,135.71019,135.709656,2.42143869E-08,-1.48050383E-09,5.156232E-08,3.6784872E-08,1,0,4,5568.35254,273.330139,1217.46936,3,0,0,0,0,1,0,0,0,0,1,0,0,0,Grip,2.96153735E-06,0.0204078034
817,16.3401833,15.3401833,-0.187213242,0.731533468,363.87738,-0.01933574,-0.00171215867,37.73498,-0.000482331961,0.000316521619,0.9414673,135.778152,135.777618,3.35276127E-08,-6.32713171E-09,8.508637E-08,5.090748E-08,1,0,4,5570.97461,273.118256,1216.52551,3,0,0,0,0,1,0,0,0,0,1,0,0,0,Grip,1.1192609E-06,0.0203914326
818,16.3601837,15.3601837,-0.187600151,0.7314996,364.632446,-0.01934536,-0.00170511322,37.7537575,-0.0004810281,0.000352272764,0.938797,135.845947,135.845413,3.91155481E-08,-2.678669E-09,2.07655333E-08,5.93625238E-08,1,0,4,5573.589,272.9071,1215.58508,3,0,0,0,0,1,0,0,0,0,1,0,0,0,Grip,4.7833114E-06,0.0203752071
819,16.3801842,15.3801842,-0.187987253,0.731465936,365.3879,-0.0193549544,-0.00169779966,37.7724838,-0.000479724258,0.000365678,0.936317444,135.913544,135.913,3.91155481E-08,-1.43120316E-09,5.40695169E-08,5.93330967E-08,1,0,4,5576.19727,272.696533,1214.64709,3,0,0,0,0,1,0,0,0,0,1,0,0,0,Grip,2.02507385E-06,0.0203590281
820,16.4001846,15.4001846,-0.188374549,0.7314323,366.143738,-0.0193645228,-0.0016905457,37.7911568,-0.0004784204,0.000362697756,0.933647156,135.980957,135.980423,3.91155481E-08,-1.36630018E-09,-1.03609228E-08,5.93037761E-08,1,0,4,5578.79834,272.4866,1213.712,3,0,0,0,0,1,0,0,0,0,1,0,0,0,Grip,1.08198958E-06,0.020342961
821,16.4201851,15.4201851,-0.188762024,0.7313989,366.899933,-0.0193740651,-0.00168341084,37.80978,-0.000477116555,0.0003567431,0.9311676,136.048172,136.047653,4.09781933E-08,2.182565E-09,2.2943059E-08,6.20971647E-08,1,0,4,5581.39258,272.277374,1212.78015,3,0,0,0,0,1,0,0,0,0,1,0,0,0,Grip,1.03292291E-06,0.02032685
822,16.4401855,15.4401855,-0.189149708,0.7313658,367.6565,-0.0193835814,-0.0016766336,37.82835,-0.0004758127,0.000338861719,0.9284973,136.115219,136.1147,3.91155481E-08,2.12255369E-09,-4.148738E-08,5.92454654E-08,1,0,4,5583.97949,272.068848,1211.85132,3,0,0,0,0,1,0,0,0,0,1,0,0,0,Grip,-1.65001916E-06,0.02031092
823,16.460186,15.460186,-0.18953757,0.7313326,368.413422,-0.0193930715,-0.00167061586,37.84687,-0.000474508852,0.000300887041,0.926017761,136.182068,136.181549,3.53902578E-08,5.75693E-09,-8.291201E-09,5.35768052E-08,1,0,4,5586.56,271.8609,1210.925,3,0,0,0,0,1,0,0,0,0,1,0,0,0,Grip,-1.60465049E-06,0.0202950519
824,16.4801865,15.4801865,-0.189925626,0.7312995,369.170715,-0.0194025356,-0.00166507484,37.86534,-0.000473205,0.000277051,0.9235382,136.248749,136.24823,3.16649675E-08,8.080432E-09,2.4905555E-08,4.791376E-08,1,0,4,5589.1333,271.653656,1210.002,3,0,0,0,0,1,0,0,0,0,1,0,0,0,Grip,-4.352239E-06,0.0202792585
825,16.5001869,15.5001869,-0.190313861,0.7312666,369.9284,-0.0194119737,-0.00166020414,37.8837624,-0.000471901149,0.000243535032,0.921058655,136.315231,136.314728,2.23517418E-08,6.79602064E-09,5.79956634E-08,3.380503E-08,1,0,4,5591.699,271.4471,1209.08191,3,0,0,0,0,1,0,0,0,0,1,0,0,0,Grip,-6.1088067E-06,0.0202634763
826,16.5201874,15.5201874,-0.190702289,0.7312337,370.686462,-0.0194213856,-0.00165637606,37.90213,-0.0004705973,0.000191404251,0.918388367,136.381561,136.381042,1.49011612E-08,9.046476E-09,-6.64736044E-09,2.25257661E-08,1,0,4,5594.259,271.24115,1208.16455,3,0,0,0,0,1,0,0,0,0,1,0,0,0,Grip,-5.1377915E-06,0.0202477723
827,16.5401878,15.5401878,-0.191090912,0.7312009,371.444916,-0.0194307733,-0.0016535013,37.92045,-0.000469386578,0.000143738,0.9159088,136.447678,136.447174,5.58793545E-09,1.14495506E-08,-6.663383E-08,8.443082E-09,1,0,4,5596.811,271.0359,1207.25024,3,0,0,0,0,1,0,0,0,0,1,0,0,0,Grip,-6.83913549E-06,0.0202322081
828,16.5601883,15.5601883,-0.191479713,0.73116827,372.2037,-0.0194401331,-0.00165157986,37.9387169,-0.0004679896,9.60717443E-05,0.91342926,136.513626,136.513123,-1.86264515E-09,1.01469695E-08,5.9591887E-08,-2.81300538E-09,1,0,4,5599.35645,270.831268,1206.33887,3,0,0,0,0,1,0,0,0,0,1,0,0,0,Grip,-8.65586E-06,0.0202166885
829,16.5801888,15.5801888,-0.191868708,0.7311355,372.96283,-0.0194494687,-0.00165035843,37.9569359,-0.000466778874,6.107148E-05,0.9109497,136.579391,136.578888,-5.58793545E-09,9.976774E-09,-3.39683837E-10,-8.434965E-09,1,0,4,5601.89551,270.6273,1205.4303,3,0,0,0,0,1,0,0,0,0,1,0,0,0,Grip,-7.67110851E-06,0.0202010721
830,16.60019,15.6001892,-0.192257881,0.7311027,373.722321,-0.01945878,-0.00164919661,37.9751053,-0.000465568155,5.80912456E-05,0.908470154,136.644974,136.64447,-1.3038516E-08,1.11332277E-08,-6.032356E-08,-1.96721661E-08,1,0,4,5604.42627,270.424042,1204.525,3,0,0,0,0,1,0,0,0,0,1,0,0,0,Grip,-7.542441E-06,0.0201855339
831,16.62019,15.62019,-0.192647249,0.731070042,374.482178,-0.0194680654,-0.00164790067,37.9932251,-0.0004642643,6.479677E-05,0.9059906,136.710388,136.709885,-2.23517418E-08,9.8674E-09,-2.72270544E-08,-3.370763E-08,1,0,4,5606.94971,270.2215,1203.6228,3,0,0,0,0,1,0,0,0,0,1,0,0,0,Grip,-8.41671954E-06,0.02017
832,16.64019,15.64019,-0.1930368,0.7310373,375.2424,-0.0194773246,-0.00164659,38.0113,-0.000462960452,6.55360054E-05,0.9037018,136.77562,136.775131,-2.60770321E-08,8.641545E-09,1.03709873E-07,-3.93068724E-08,1,0,4,5609.466,270.019653,1202.72375,3,0,0,0,0,1,0,0,0,0,1,0,0,0,Grip,-7.459754E-06,0.0201544762
833,16.66019,15.6601906,-0.19342652,0.731004834,376.003,-0.0194865577,-0.00164507062,38.0293236,-0.0004616566,7.596682E-05,0.9012222,136.840683,136.8402,-2.98023224E-08,8.581672E-09,1.368608E-07,-4.49008475E-08,1,0,4,5611.97461,269.818451,1201.82751,3,0,0,0,0,1,0,0,0,0,1,0,0,0,Grip,-6.533008E-06,0.0201390237
834,16.680191,15.680191,-0.193816438,0.7309722,376.763947,-0.0194957666,-0.00164362579,38.0473,-0.000460445881,7.224153E-05,0.8987427,136.905579,136.905075,-3.35276127E-08,1.09183471E-08,7.688037E-08,-5.048959E-08,1,0,4,5614.47754,269.617859,1200.93408,3,0,0,0,0,1,0,0,0,0,1,0,0,0,Grip,-6.487744E-06,0.0201236811
835,16.7001915,15.7001915,-0.194206536,0.7309396,377.525238,-0.01950495,-0.001641883,38.0652237,-0.000459142029,8.713687E-05,0.8962631,136.970291,136.969788,-4.09781933E-08,1.08313927E-08,1.09980867E-07,-6.168044E-08,1,0,4,5616.97363,269.417877,1200.04333,3,0,0,0,0,1,0,0,0,0,1,0,0,0,Grip,-8.25427E-06,0.0201083086
836,16.720192,15.720192,-0.194596827,0.730907,378.2869,-0.0195141081,-0.0016398126,38.0831,-0.0004579313,0.000103522325,0.893783569,137.034821,137.034317,-4.656613E-08,8.363478E-09,5.00023027E-08,-7.00585048E-08,1,0,4,5619.4624,269.218628,1199.15576,3,0,0,0,0,1,0,0,0,0,1,0,0,0,Grip,-8.188533E-06,0.0200929455
837,16.7401924,15.7401924,-0.1949873,0.730874538,379.04892,-0.01952324,-0.001637489,38.1009254,-0.000456627458,0.000116182491,0.891304,137.099167,137.098679,-4.656613E-08,1.24779822E-11,8.326061E-08,-7.002572E-08,1,0,4,5621.944,269.02002,1198.27112,3,0,0,0,0,1,0,0,0,0,1,0,0,0,Grip,-6.322789E-06,0.020077724
838,16.7601929,15.7601929,-0.195377946,0.730842,379.811279,-0.019532349,-0.00163501641,38.1187019,-0.000455416739,0.000123627251,0.888824463,137.163345,137.162842,-4.84287739E-08,1.1428818E-11,2.338696E-08,-7.279279E-08,1,0,4,5624.419,268.822021,1197.38928,3,0,0,0,0,1,0,0,0,0,1,0,0,0,Grip,-9.43335454E-09,0.02006251
839,16.7801933,15.7801933,-0.195768774,0.7308098,380.574,-0.0195414331,-0.00163215655,38.1364326,-0.00045420602,0.00014299294,0.886535645,137.227341,137.226837,-4.284084E-08,1.74057123E-11,6.140232E-08,-6.436368E-08,1,0,4,5626.887,268.6247,1196.51025,3,0,0,0,0,1,0,0,0,0,1,0,0,0,Grip,-8.640186E-09,0.0200473834
840,16.8001938,15.8001938,-0.19615978,0.7307774,381.3371,-0.019550493,-0.00162959448,38.1541176,-0.0004529953,0.00012810342,0.8842468,137.291168,137.29068,-3.7252903E-08,-7.723638E-09,9.941714E-08,-5.594248E-08,1,0,4,5629.34863,268.427979,1195.634,3,0,0,0,0,1,0,0,0,0,1,0,0,0,Grip,-1.31587177E-08,0.0200323
841,16.8201942,15.8201942,-0.196550965,0.730745137,382.100525,-0.0195595287,-0.00162673462,38.1717529,-0.000451784581,0.00014299294,0.8817673,137.354828,137.354355,-2.98023224E-08,-7.04627956E-09,3.974877E-08,-4.47333051E-08,1,0,4,5631.80371,268.231873,1194.76062,3,0,0,0,0,1,0,0,0,0,1,0,0,0,Grip,5.83907E-06,0.0200172365
842,16.8401947,15.8401947,-0.196942329,0.7307129,382.864319,-0.01956854,-0.00162387476,38.1893425,-0.000450573862,0.00014299294,0.879478455,137.41832,137.417847,-2.60770321E-08,-6.39636033E-09,7.7711185E-08,-3.91236128E-08,1,0,4,5634.252,268.036438,1193.89014,3,0,0,0,0,1,0,0,0,0,1,0,0,0,Grip,5.32698732E-06,0.02000228
843,16.8601952,15.8601952,-0.197333887,0.730680645,383.628448,-0.0195775274,-0.00162088079,38.2068825,-0.000449363142,0.000149698462,0.8769989,137.481644,137.481155,-1.86264515E-08,-6.38340936E-09,1.80414013E-08,-2.79326073E-08,1,0,4,5636.694,267.8416,1193.02234,3,0,0,0,0,1,0,0,0,0,1,0,0,0,Grip,4.83564827E-06,0.0199873261
844,16.8801956,15.8801956,-0.197725624,0.7306487,384.392975,-0.01958649,-0.001617589,38.2243729,-0.000448152423,0.000164587982,0.874519348,137.544785,137.544312,-1.49011612E-08,-6.370433E-09,-4.168015E-08,-2.23358629E-08,1,0,4,5639.129,267.647369,1192.1571,3,0,0,0,0,1,0,0,0,0,1,0,0,0,Grip,4.825857E-06,0.0199723449
845,16.9001961,15.9001961,-0.198117539,0.73061657,385.1578,-0.01959543,-0.00161469937,38.2418175,-0.0004469417,0.000144483056,0.8722305,137.607758,137.607269,-3.7252903E-09,-6.95365854E-09,-3.51587648E-09,-5.581418E-09,1,0,4,5641.556,267.4539,1191.29529,3,0,0,0,0,1,0,0,0,0,1,0,0,0,Grip,4.81604729E-06,0.0199575424
846,16.9201965,15.9201965,-0.198509634,0.7305846,385.923,-0.0196043458,-0.00161090109,38.2592163,-0.000445824116,0.000189914135,0.8699417,137.670547,137.670074,0,-7.475659E-09,-5.86370952E-08,0,1,0,4,5643.978,267.260925,1190.43579,3,0,0,0,0,1,0,0,0,0,1,0,0,0,Grip,5.256966E-06,0.0199425686
847,16.940197,15.940197,-0.198901892,0.7305527,386.688538,-0.0196132381,-0.00160631328,38.27657,-0.0004446134,0.000229390571,0.8676529,137.733185,137.732712,5.58793545E-09,-6.22021323E-09,-2.05760955E-08,8.364526E-09,1,0,4,5646.391,267.068726,1189.57971,3,0,0,0,0,1,0,0,0,0,1,0,0,0,Grip,5.65159826E-06,0.0199277028
848,16.9601974,15.9601974,-0.199294329,0.7305209,387.4544,-0.0196221061,-0.00160065317,38.2938728,-0.000443402678,0.000283005647,0.86517334,137.795654,137.795181,1.11758709E-08,-6.15321927E-09,-8.02501E-08,1.67214917E-08,1,0,4,5648.79834,266.877136,1188.72632,3,0,0,0,0,1,0,0,0,0,1,0,0,0,Grip,4.702481E-06,0.0199128054
849,16.9801979,15.9801979,-0.199686959,0.7304894,388.220642,-0.0196309518,-0.00159423333,38.31113,-0.0004422851,0.000320991967,0.8628845,137.857956,137.857468,7.450581E-09,-4.315223E-09,-1.3547367E-07,1.114264E-08,1,0,4,5651.198,266.6862,1187.87573,3,0,0,0,0,1,0,0,0,0,1,0,0,0,Grip,4.65183348E-06,0.01989805
850,17.0001984,16.0001984,-0.200079754,0.730457842,388.9872,-0.0196397733,-0.00158735178,38.32834,-0.000441074371,0.000344077125,0.860404968,137.920074,137.919617,9.313226E-09,-6.08468032E-09,-1.95199021E-07,1.39220466E-08,1,0,4,5653.59229,266.49585,1187.028,3,0,0,0,0,1,0,0,0,0,1,0,0,0,Grip,3.26230838E-06,0.01988333
851,17.0201988,16.0201988,-0.200472727,0.730426431,389.75412,-0.01964857,-0.00158012751,38.3455048,-0.000439863652,0.000361213461,0.8583069,137.982025,137.981567,1.86264515E-08,-7.227553E-09,-5.93065721E-08,2.78316286E-08,1,0,4,5655.98047,266.30603,1186.1825,3,0,0,0,0,1,0,0,0,0,1,0,0,0,Grip,4.600018E-06,0.01986865
852,17.0402,16.0402,-0.20086588,0.730395257,390.521362,-0.0196573436,-0.00157269486,38.36262,-0.000438652933,0.000371632632,0.855827332,138.043823,138.043365,1.86264515E-08,-5.98533934E-09,-1.19083289E-07,2.78192083E-08,1,0,4,5658.361,266.116943,1185.34021,3,0,0,0,0,1,0,0,0,0,1,0,0,0,Grip,5.46402953E-06,0.019854106
853,17.0602,16.0602,-0.2012592,0.730364144,391.288971,-0.0196660943,-0.00156548561,38.3796921,-0.000437535346,0.000360462582,0.8535385,138.105453,138.10498,2.42143869E-08,-5.96427E-09,-1.74109189E-07,3.61488866E-08,1,0,4,5660.73633,265.9283,1184.5,3,0,0,0,0,1,0,0,0,0,1,0,0,0,Grip,4.524916E-06,0.01983967
854,17.0802,16.0802,-0.201652691,0.7303333,392.056915,-0.01967482,-0.00155835075,38.3967171,-0.000436324626,0.0003567431,0.8512497,138.1669,138.166428,2.60770321E-08,-6.536101E-09,-1.36103E-07,3.89123045E-08,1,0,4,5663.106,265.7403,1183.6626,3,0,0,0,0,1,0,0,0,0,1,0,0,0,Grip,4.508988E-06,0.0198252331
855,17.1002,16.1002,-0.202046365,0.730302453,392.8252,-0.019683525,-0.00155196071,38.4136963,-0.000435207039,0.000319501851,0.8489609,138.2282,138.227722,2.60770321E-08,-4.69684158E-09,-1.91229589E-07,3.88951058E-08,1,0,4,5665.46875,265.552856,1182.82764,3,0,0,0,0,1,0,0,0,0,1,0,0,0,Grip,4.941292E-06,0.0198108368
856,17.1202011,16.1202011,-0.2024402,0.7302718,393.5938,-0.0196922049,-0.00154597289,38.43063,-0.00043399632,0.0002993911,0.846672058,138.289322,138.288849,2.60770321E-08,-5.91009952E-09,-1.53273746E-07,3.88779675E-08,1,0,4,5667.82471,265.3661,1181.99585,3,0,0,0,0,1,0,0,0,0,1,0,0,0,Grip,3.55081215E-06,0.0197965764
857,17.1402016,16.1402016,-0.202834219,0.7302412,394.362762,-0.0197008625,-0.00154071487,38.4475174,-0.000432878733,0.000262900721,0.84438324,138.350281,138.349808,2.79396772E-08,-6.45050457E-09,-2.0835212E-07,4.163667E-08,1,0,4,5670.17529,265.17984,1181.16626,3,0,0,0,0,1,0,0,0,0,1,0,0,0,Grip,4.468035E-06,0.01978232
858,17.160202,16.160202,-0.203228414,0.7302108,395.13205,-0.0197094977,-0.00153597817,38.46436,-0.000431761146,0.000236835331,0.8420944,138.411072,138.4106,2.42143869E-08,-5.266008E-09,-2.6352933E-07,3.60693129E-08,1,0,4,5672.519,264.9942,1180.33936,3,0,0,0,0,1,0,0,0,0,1,0,0,0,Grip,4.87658144E-06,0.0197681636
859,17.1802025,16.1802025,-0.203622773,0.7301804,395.901672,-0.0197181087,-0.00153217989,38.4811554,-0.000430550426,0.000189914135,0.8398056,138.47171,138.471237,2.42143869E-08,-2.79595236E-09,-2.25525682E-07,3.605357E-08,1,0,4,5674.857,264.809143,1179.515,3,0,0,0,0,1,0,0,0,0,1,0,0,0,Grip,3.981102E-06,0.0197540112
860,17.2002029,16.2002029,-0.204017311,0.730150044,396.671631,-0.0197266974,-0.00152929022,38.49791,-0.000429432839,0.000144483056,0.8377075,138.532166,138.531723,2.04890966E-08,2.89322732E-10,-1.83017832E-07,3.049359E-08,1,0,4,5677.18848,264.624664,1178.69336,3,0,0,0,0,1,0,0,0,0,1,0,0,0,Grip,2.11373981E-06,0.0197400171
861,17.2202034,16.2202034,-0.204412013,0.7301197,397.441925,-0.01973526,-0.00152742839,38.5146179,-0.000428129,9.309151E-05,0.8354187,138.592484,138.592026,2.04890966E-08,-7.99935951E-10,-5.19799634E-08,3.048036E-08,1,0,4,5679.514,264.440765,1177.87427,3,0,0,0,0,1,0,0,0,0,1,0,0,0,Grip,-2.18727976E-07,0.01972602
862,17.2402039,16.2402039,-0.2048069,0.7300894,398.212555,-0.0197437964,-0.00152654957,38.5312729,-0.000426825136,4.39409632E-05,0.8327484,138.652634,138.652176,1.86264515E-08,-2.14253587E-10,-1.16411023E-07,2.769744E-08,1,0,4,5681.833,264.257477,1177.05786,3,0,0,0,0,1,0,0,0,0,1,0,0,0,Grip,6.04751563E-07,0.0197159778
863,17.2602043,16.2602043,-0.205201939,0.7300592,398.983551,-0.01975231,-0.00152699638,38.5478859,-0.000425707549,-2.23401E-05,0.8306503,138.712585,138.712143,1.67638063E-08,-1.460067E-09,-7.390318E-08,2.49169521E-08,1,0,4,5684.189,264.07135,1176.22876,3,0,0,0,0,1,0,0,0,0,1,0,0,0,Grip,1.619757E-07,0.0197019018
864,17.2802048,16.2802048,-0.205597162,0.730028868,399.754852,-0.0197608043,-0.00152860512,38.5644569,-0.0004246831,-8.043717E-05,0.828552246,138.7724,138.771957,1.86264515E-08,-2.453105E-10,-1.24431125E-07,2.76736056E-08,1,0,4,5686.493,263.8894,1175.41833,3,0,0,0,0,1,0,0,0,0,1,0,0,0,Grip,1.10381063E-06,0.0196880624
865,17.3002052,16.3002052,-0.20599255,0.729998469,400.526459,-0.0197692756,-0.00153048185,38.5809822,-0.0004235655,-9.383657E-05,0.8262634,138.832062,138.831619,1.3038516E-08,9.2578023E-10,-1.7970612E-07,1.93632275E-08,1,0,4,5688.79346,263.707916,1174.61,3,0,0,0,0,1,0,0,0,0,1,0,0,0,Grip,1.85454724E-07,0.01967412
866,17.3202057,16.3202057,-0.206388116,0.7299681,401.2984,-0.0197777227,-0.00153191178,38.5974655,-0.0004223548,-7.149647E-05,0.824165344,138.891541,138.8911,9.313226E-09,8.52940052E-10,-4.41141239E-08,1.382497E-08,1,0,4,5691.086,263.527039,1173.80432,3,0,0,0,0,1,0,0,0,0,1,0,0,0,Grip,-6.998898E-07,0.019660145
867,17.3402061,16.3402061,-0.206783846,0.729937553,402.070679,-0.0197861474,-0.00153268641,38.613903,-0.0004212372,-3.87313776E-05,0.8218765,138.950882,138.950439,9.313226E-09,8.49601833E-10,-9.92929046E-08,1.38190837E-08,1,0,4,5693.37158,263.346863,1173.00171,3,0,0,0,0,1,0,0,0,0,1,0,0,0,Grip,-6.44822649E-07,0.0196461678
868,17.3602066,16.3602066,-0.20717974,0.7299073,402.8433,-0.01979455,-0.00153228419,38.6303,-0.0004201196,2.01107468E-05,0.819778442,139.010056,139.009613,3.7252903E-09,1.46693979E-09,-5.68806229E-08,5.525288E-09,1,0,4,5695.65137,263.1672,1172.20154,3,0,0,0,0,1,0,0,0,0,1,0,0,0,Grip,-6.42298971E-07,0.019632265
869,17.3802071,16.3802071,-0.2075758,0.7298769,403.6162,-0.01980293,-0.00153128617,38.64665,-0.000419002026,4.99014277E-05,0.8174896,139.069092,139.068649,0,1.45124435E-09,-1.12154694E-07,0,1,0,4,5697.924,262.988251,1171.40442,3,0,0,0,0,1,0,0,0,0,1,0,0,0,Grip,-1.10900646E-06,0.0196184255
870,17.4002075,16.4002075,-0.20797202,0.7298465,404.389465,-0.0198112857,-0.00152940943,38.6629524,-0.0004177913,9.383657E-05,0.8152008,139.127945,139.1275,-3.7252903E-09,1.42368617E-09,-7.429626E-08,-5.52062129E-09,1,0,4,5700.191,262.809784,1170.6095,3,0,0,0,0,1,0,0,0,0,1,0,0,0,Grip,-1.09714074E-06,0.0196046233
871,17.420208,16.420208,-0.2083684,0.729816139,405.163055,-0.01981962,-0.00152671337,38.67921,-0.00041667372,0.000134803122,0.812912,139.186646,139.1862,-7.450581E-09,2.01334527E-09,-1.29522476E-07,-1.10366019E-08,1,0,4,5702.452,262.6319,1169.81714,3,0,0,0,0,1,0,0,0,0,1,0,0,0,Grip,-1.07630672E-06,0.0195908546
872,17.4402084,16.4402084,-0.20876497,0.72978586,405.936951,-0.01982793,-0.00152319809,38.69543,-0.000415556133,0.000175763853,0.811004639,139.245163,139.244736,-7.450581E-09,2.58497668E-09,1.07201581E-08,-1.10319744E-08,1,0,4,5704.70654,262.4546,1169.02734,3,0,0,0,0,1,0,0,0,0,1,0,0,0,Grip,-1.522089E-06,0.01957712
873,17.4602089,16.4602089,-0.2091617,0.7297559,406.711182,-0.019836219,-0.00151916151,38.7116051,-0.000414438546,0.000201829243,0.8087158,139.303558,139.303116,-7.450581E-09,2.54593724E-09,-4.45060664E-08,-1.10273648E-08,1,0,4,5706.954,262.277954,1168.2406,3,0,0,0,0,1,0,0,0,0,1,0,0,0,Grip,-1.95424241E-06,0.0195634812
874,17.48021,16.48021,-0.209558591,0.7297257,407.485748,-0.0198444873,-0.00151509512,38.7277336,-0.0004134141,0.00020331936,0.806427,139.361786,139.361343,-1.3038516E-08,3.73844555E-09,-1.92911472E-07,-1.92898515E-08,1,0,4,5709.198,262.101654,1167.45532,3,0,0,0,0,1,0,0,0,0,1,0,0,0,Grip,-1.92472839E-06,0.0195499137
875,17.50021,16.50021,-0.209955648,0.729695737,408.26062,-0.0198527314,-0.00151055213,38.743824,-0.000412203372,0.000227149576,0.804519653,139.419846,139.419418,-2.04890966E-08,4.89311169E-09,4.03230338E-08,-3.03000363E-08,1,0,4,5711.43555,261.925964,1166.67273,3,0,0,0,0,1,0,0,0,0,1,0,0,0,Grip,-2.82626479E-06,0.0195363462
876,17.52021,16.52021,-0.210352868,0.7296658,409.035828,-0.0198609531,-0.00150588993,38.75987,-0.000411085784,0.00023311004,0.802230835,139.477783,139.477356,-2.42143869E-08,4.24864E-09,-1.49960488E-08,-3.5794308E-08,1,0,4,5713.66553,261.750977,1165.89331,3,0,0,0,0,1,0,0,0,0,1,0,0,0,Grip,-3.69919235E-06,0.01952291
877,17.54021,16.54021,-0.210750252,0.7296362,409.81134,-0.0198691525,-0.00150121283,38.7758675,-0.0004099682,0.0002338551,0.799942,139.535538,139.53511,-2.04890966E-08,1.22845434E-09,-7.012835E-08,-3.02749967E-08,1,0,4,5715.891,261.5764,1165.11572,3,0,0,0,0,1,0,0,0,0,1,0,0,0,Grip,-3.21197172E-06,0.01950951
878,17.5602112,16.5602112,-0.2111478,0.7296064,410.5872,-0.0198773313,-0.00149683363,38.79183,-0.000408943743,0.000218959758,0.798034668,139.59314,139.592712,-2.42143869E-08,1.81469006E-09,-2.30639614E-08,-3.576482E-08,1,0,4,5718.11035,261.402435,1164.34082,3,0,0,0,0,1,0,0,0,0,1,0,0,0,Grip,-9.287115E-07,0.0194960721
879,17.5802116,16.5802116,-0.211545512,0.7295767,411.363342,-0.0198854879,-0.00149233523,38.8077431,-0.000407826155,0.000224920223,0.79574585,139.650589,139.650162,-2.79396772E-08,1.21920884E-09,-7.833584E-08,-4.12501748E-08,1,0,4,5720.32275,261.229065,1163.5686,3,0,0,0,0,1,0,0,0,0,1,0,0,0,Grip,-1.37190568E-06,0.0194828026
880,17.6002121,16.6002121,-0.211943388,0.729547143,412.1398,-0.01989362,-0.00148786674,38.823616,-0.000406615436,0.000223424286,0.793647766,139.707886,139.707458,-2.60770321E-08,-5.199042E-12,5.730535E-08,-3.84844228E-08,1,0,4,5722.531,261.056152,1162.79846,3,0,0,0,0,1,0,0,0,0,1,0,0,0,Grip,-9.21721835E-07,0.0194695
881,17.6202126,16.6202126,-0.212341428,0.7295177,412.9166,-0.019901732,-0.00148362154,38.839447,-0.000405590981,0.000212260056,0.7915497,139.76503,139.7646,-2.60770321E-08,-1.22229182E-09,6.682044E-09,-3.84687375E-08,1,0,4,5724.732,260.88385,1162.031,3,0,0,0,0,1,0,0,0,0,1,0,0,0,Grip,3.930476E-09,0.0194562264
882,17.640213,16.640213,-0.212739632,0.729488432,413.6937,-0.0199098233,-0.00147955515,38.8552361,-0.000404566526,0.00020331936,0.7894516,139.822021,139.8216,-2.04890966E-08,-2.41213138E-09,-4.38034036E-08,-3.021315E-08,1,0,4,5726.92725,260.7121,1161.266,3,0,0,0,0,1,0,0,0,0,1,0,0,0,Grip,9.240526E-07,0.0194430519
883,17.6602135,16.6602135,-0.213137984,0.729459167,414.47113,-0.0199178923,-0.001475891,38.87098,-0.000403448939,0.000183208613,0.7871628,139.87886,139.878433,-2.23517418E-08,-2.39676612E-09,-9.902923E-08,-3.29464527E-08,1,0,4,5729.1167,260.5409,1160.50342,3,0,0,0,0,1,0,0,0,0,1,0,0,0,Grip,1.82357132E-06,0.0194299445
884,17.6802139,16.6802139,-0.213536516,0.729429841,415.248871,-0.0199259389,-0.0014723012,38.8866844,-0.000402331352,0.000179489143,0.785255432,139.935532,139.9351,-2.04890966E-08,-3.61187147E-09,4.125945E-08,-3.018872E-08,1,0,4,5731.301,260.370148,1159.7428,3,0,0,0,0,1,0,0,0,0,1,0,0,0,Grip,1.81195514E-06,0.0194168389
885,17.7002144,16.7002144,-0.2139352,0.7294007,416.026917,-0.0199339651,-0.0014681156,38.9023476,-0.0004013069,0.000209279824,0.783157349,139.992081,139.991669,-1.67638063E-08,-3.61622932E-09,-9.318757E-09,-2.46899141E-08,1,0,4,5733.47852,260.200073,1158.98523,3,0,0,0,0,1,0,0,0,0,1,0,0,0,Grip,2.73057481E-06,0.0194035918
886,17.7202148,16.7202148,-0.214334041,0.7293718,416.805267,-0.01994197,-0.0014632449,38.9179649,-0.000400282443,0.000243535032,0.78086853,140.048462,140.04805,-1.67638063E-08,-5.91709E-09,-1.57586186E-07,-2.46800074E-08,1,0,4,5735.649,260.0306,1158.23047,3,0,0,0,0,1,0,0,0,0,1,0,0,0,Grip,2.73386922E-06,0.0193904452
887,17.7402153,16.7402153,-0.214733034,0.7293428,417.583923,-0.019949954,-0.001457838,38.9335442,-0.000399164855,0.000270345481,0.7789612,140.104691,140.104279,-9.313226E-09,-1.05119358E-09,-1.72076362E-08,-1.37056286E-08,1,0,4,5737.81348,259.861664,1157.47791,3,0,0,0,0,1,0,0,0,0,1,0,0,0,Grip,4.47331968E-06,0.0193772633
888,17.7602158,16.7602158,-0.215132192,0.72931397,418.3629,-0.0199579149,-0.00145168626,38.94908,-0.000398047268,0.000307586743,0.7768631,140.160767,140.160355,-9.313226E-09,-4.5018797E-10,2.53000838E-08,-1.37001619E-08,1,0,4,5739.97168,259.6934,1156.72839,3,0,0,0,0,1,0,0,0,0,1,0,0,0,Grip,7.947023E-07,0.0193642117
889,17.7802162,16.7802162,-0.215531513,0.72928524,419.1422,-0.0199658573,-0.00144492381,38.9645767,-0.000397115946,0.000338122481,0.774765,140.2167,140.2163,-9.313226E-09,-3.45735884E-09,-1.18411592E-07,-1.36947129E-08,1,0,4,5742.12451,259.525543,1155.98083,3,0,0,0,0,1,0,0,0,0,1,0,0,0,Grip,3.403421E-07,0.0193511918
890,17.8002167,16.8002167,-0.215930983,0.7292568,419.9218,-0.0199737772,-0.00143766985,38.98003,-0.000395998359,0.000362697756,0.772666931,140.272491,140.272079,-1.3038516E-08,-3.976964E-09,-7.594897E-08,-1.91649967E-08,1,0,4,5744.27246,259.3582,1155.23535,3,0,0,0,0,1,0,0,0,0,1,0,0,0,Grip,2.61376317E-06,0.01933822
891,17.8202171,16.8202171,-0.216330618,0.7292284,420.701721,-0.0199816748,-0.0014305946,38.99544,-0.000394880772,0.00035376288,0.770568848,140.328125,140.327713,0,-1.10533671E-08,-3.317213E-08,0,1,0,4,5746.41455,259.191345,1154.49219,3,0,0,0,0,1,0,0,0,0,1,0,0,0,Grip,3.00658485E-06,0.0193254128
892,17.8402176,16.8402176,-0.216730416,0.729200065,421.481934,-0.019989552,-0.00142365345,39.0108147,-0.000393856317,0.000347057357,0.7686615,140.3836,140.3832,9.313226E-09,-1.22080879E-08,1.411612E-08,1.367848E-08,1,0,4,5748.55127,259.025055,1153.75146,3,0,0,0,0,1,0,0,0,0,1,0,0,0,Grip,8.35634546E-06,0.0193125531
893,17.860218,16.860218,-0.217130363,0.729171932,422.262451,-0.0199974086,-0.00141698041,39.0261459,-0.000392831862,0.000333652133,0.7665634,140.43895,140.438538,2.04890966E-08,-1.15786207E-08,-3.628653E-08,3.00808338E-08,1,0,4,5750.682,258.859253,1153.013,3,0,0,0,0,1,0,0,0,0,1,0,0,0,Grip,9.229314E-06,0.0192998219
894,17.8802185,16.8802185,-0.217530474,0.729144,423.043274,-0.0200052448,-0.00141072448,39.0414352,-0.0003918074,0.000312796328,0.764465332,140.494141,140.493729,2.98023224E-08,-1.15512941E-08,-8.66904E-08,4.3736808E-08,1,0,4,5752.80762,258.694,1152.277,3,0,0,0,0,1,0,0,0,0,1,0,0,0,Grip,8.753437E-06,0.0192871559
895,17.900219,16.900219,-0.217930734,0.7291161,423.8244,-0.02001306,-0.00140519836,39.0566826,-0.000390782952,0.000276305946,0.762367249,140.549179,140.548767,3.35276127E-08,-9.663717E-09,-1.37184244E-07,4.91846954E-08,1,0,4,5754.92773,258.5292,1151.54285,3,0,0,0,0,1,0,0,0,0,1,0,0,0,Grip,8.732778E-06,0.01927452
896,17.92022,16.92022,-0.218331158,0.7290883,424.605835,-0.0200208575,-0.00140023825,39.071888,-0.00038985163,0.000248005381,0.760269165,140.604065,140.603653,3.91155481E-08,-1.14008882E-08,-2.8072256E-07,5.73598165E-08,1,0,4,5757.04248,258.36496,1150.81128,3,0,0,0,0,1,0,0,0,0,1,0,0,0,Grip,7.30577E-06,0.0192619134
897,17.94022,16.94022,-0.218731731,0.729060531,425.387573,-0.020028634,-0.00139612716,39.0870552,-0.000388827175,0.000205554534,0.7583618,140.658813,140.6584,4.09781933E-08,-1.07516023E-08,-2.33483291E-07,6.006792E-08,1,0,4,5759.15039,258.201324,1150.0824,3,0,0,0,0,1,0,0,0,0,1,0,0,0,Grip,8.619071E-06,0.0192494057
898,17.96022,16.96022,-0.219132453,0.729033,426.169617,-0.0200363882,-0.00139293959,39.10218,-0.0003877096,0.0001593784,0.756263733,140.713409,140.713013,4.84287739E-08,-1.18809114E-08,-1.90759252E-07,7.09618959E-08,1,0,4,5761.254,258.0381,1149.35535,3,0,0,0,0,1,0,0,0,0,1,0,0,0,Grip,8.128211E-06,0.0192370266
899,17.98022,16.98022,-0.219533339,0.729005337,426.951965,-0.0200441238,-0.00139122666,39.1172676,-0.000386778265,8.564675E-05,0.7543564,140.767853,140.767456,5.401671E-08,-1.05867262E-08,-2.366099E-07,7.911928E-08,1,0,4,5763.352,257.875366,1148.63049,3,0,0,0,0,1,0,0,0,0,1,0,0,0,Grip,8.981969E-06,0.0192246437
900,18.0002213,17.0002213,-0.219934374,0.7289777,427.734619,-0.0200518388,-0.00139072025,39.1323128,-0.0003857538,2.53203325E-05,0.7522583,140.822174,140.821777,5.401671E-08,-1.05201625E-08,-2.87107952E-07,7.908886E-08,1,0,4,5765.445,257.713135,1147.908,3,0,0,0,0,1,0,0,0,0,1,0,0,0,Grip,8.003564E-06,0.0192123875
901,18.0202217,17.0202217,-0.220335558,0.72895,428.517578,-0.0200595334,-0.00139149476,39.147316,-0.000384729356,-3.87255568E-05,0.7501602,140.876343,140.875931,5.401671E-08,-8.675498E-09,-3.37606735E-07,7.905855E-08,1,0,4,5767.533,257.551331,1147.18726,3,0,0,0,0,1,0,0,0,0,1,0,0,0,Grip,7.953243E-06,0.0192001276
902,18.0402222,17.0402222,-0.2207369,0.7289225,429.3008,-0.0200672075,-0.0013932375,39.16228,-0.0003837049,-8.713687E-05,0.748252869,140.930344,140.929947,5.58793545E-08,-7.425641E-09,-2.90371247E-07,8.175345E-08,1,0,4,5769.615,257.390137,1146.46924,3,0,0,0,0,1,0,0,0,0,1,0,0,0,Grip,6.558676E-06,0.0191878341
903,18.0602226,17.0602226,-0.2211384,0.7288948,430.084351,-0.0200748611,-0.00139605266,39.1772079,-0.000382680446,-0.000140757766,0.7463455,140.984222,140.983826,5.58793545E-08,-3.18320947E-09,-2.43179841E-07,8.17223E-08,1,0,4,5771.69,257.229553,1145.754,3,0,0,0,0,1,0,0,0,0,1,0,0,0,Grip,5.613784E-06,0.0191756673
904,18.0802231,17.0802231,-0.221540049,0.728867,430.868225,-0.0200824942,-0.001399419,39.1920967,-0.000381656,-0.0001683191,0.7444382,141.037964,141.037567,5.21540642E-08,-1.38739331E-09,-1.96075561E-07,7.62451648E-08,1,0,4,5773.76074,257.069366,1145.04041,3,0,0,0,0,1,0,0,0,0,1,0,0,0,Grip,2.40650638E-06,0.0191633943
905,18.1002235,17.1002235,-0.221941859,0.7288391,431.652374,-0.0200901069,-0.0014027555,39.2069435,-0.000380631536,-0.000166823156,0.7423401,141.091553,141.091156,4.84287739E-08,3.84809434E-10,-2.466631E-07,7.077228E-08,1,0,4,5775.825,256.90976,1144.32959,3,0,0,0,0,1,0,0,0,0,1,0,0,0,Grip,1.04886931E-06,0.01915115
906,18.120224,17.120224,-0.222343817,0.7288112,432.4368,-0.020097699,-0.00140521326,39.2217522,-0.000379607081,-0.000122888014,0.740432739,141.145,141.1446,4.09781933E-08,3.966769E-09,-1.99645129E-07,5.986162E-08,1,0,4,5777.8833,256.750671,1143.621,3,0,0,0,0,1,0,0,0,0,1,0,0,0,Grip,-2.90915921E-07,0.019138705
907,18.1402245,17.1402245,-0.222745925,0.728783369,433.221527,-0.02010527,-0.00140646438,39.23652,-0.000378582627,-6.255577E-05,0.738334656,141.198318,141.197922,3.35276127E-08,5.13227949E-09,-2.5031872E-07,4.8959258E-08,1,0,4,5779.93359,256.592346,1142.91577,3,0,0,0,0,1,0,0,0,0,1,0,0,0,Grip,-2.99887733E-06,0.0191263836
908,18.1602249,17.1602249,-0.223148182,0.728755355,434.006561,-0.0201128218,-0.00140634528,39.2512474,-0.000377558172,5.95464371E-06,0.7364273,141.25148,141.251083,2.04890966E-08,7.478057E-09,-2.03385682E-07,2.990832E-08,1,0,4,5781.98,256.434357,1142.212,3,0,0,0,0,1,0,0,0,0,1,0,0,0,Grip,-3.880003E-06,0.0191139951
909,18.1802254,17.1802254,-0.223550588,0.72872746,434.79187,-0.02012035,-0.00140457274,39.2659378,-0.000376440585,8.86269845E-05,0.734519958,141.3045,141.304123,1.3038516E-08,7.999212E-09,-6.3234E-08,1.90254461E-08,1,0,4,5784.019,256.277039,1141.51123,3,0,0,0,0,1,0,0,0,0,1,0,0,0,Grip,-5.65341134E-06,0.0191017017
910,18.2002258,17.2002258,-0.223953143,0.7286997,435.577484,-0.02012786,-0.00140135537,39.2805862,-0.000375509262,0.000160868512,0.7324219,141.357391,141.357,1.86264515E-09,8.56028848E-09,-2.07123918E-07,2.71690737E-09,1,0,4,5786.05273,256.1202,1140.81274,3,0,0,0,0,1,0,0,0,0,1,0,0,0,Grip,-6.047404E-06,0.0190894343
911,18.2202263,17.2202263,-0.224355847,0.728672,436.3634,-0.02013535,-0.00139705068,39.2952,-0.0003744848,0.000215234468,0.730705261,141.410126,141.409729,-7.450581E-09,7.881256E-09,-6.245362E-08,-1.08635874E-08,1,0,4,5788.081,255.963867,1140.11633,3,0,0,0,0,1,0,0,0,0,1,0,0,0,Grip,-6.47157776E-06,0.0190772638
912,18.2402267,17.2402267,-0.2247587,0.728644252,437.1496,-0.02014282,-0.00139201607,39.3097725,-0.000373460352,0.000251730671,0.7286072,141.462738,141.462341,-1.67638063E-08,1.02244027E-08,-1.13209772E-07,-2.44340121E-08,1,0,4,5790.10547,255.807938,1139.42175,3,0,0,0,0,1,0,0,0,0,1,0,0,0,Grip,-5.958229E-06,0.0190652162
913,18.2602272,17.2602272,-0.2251617,0.7286167,437.9361,-0.0201502685,-0.00138601335,39.3243065,-0.0003724359,0.000300136162,0.7266998,141.5152,141.5148,-2.98023224E-08,1.015425E-08,-6.631499E-08,-4.342219E-08,1,0,4,5792.125,255.652435,1138.72913,3,0,0,0,0,1,0,0,0,0,1,0,0,0,Grip,-7.729648E-06,0.0190530345
914,18.2802277,17.2802277,-0.225564852,0.7285894,438.72287,-0.0201576967,-0.0013795041,39.3388023,-0.000371411443,0.000325462315,0.7247925,141.56752,141.567123,-3.91155481E-08,1.0698E-08,-1.93769E-08,-5.69706167E-08,1,0,4,5794.137,255.497574,1138.03943,3,0,0,0,0,1,0,0,0,0,1,0,0,0,Grip,-7.676613E-06,0.0190411136
915,18.3002281,17.3002281,-0.225968152,0.7285622,439.509949,-0.0201651044,-0.00137305446,39.35326,-0.000370387,0.000322482083,0.722885132,141.6197,141.619308,-4.84287739E-08,8.23224156E-09,2.75620753E-08,-7.050914E-08,1,0,4,5796.146,255.343079,1137.3512,3,0,0,0,0,1,0,0,0,0,1,0,0,0,Grip,-8.087688E-06,0.0190292485
916,18.3202286,17.3202286,-0.2263716,0.728534937,440.2973,-0.0201724917,-0.001366724,39.36768,-0.000369362533,0.000316521619,0.7209778,141.671753,141.671371,-5.029142E-08,9.360373E-09,7.458587E-08,-7.319421E-08,1,0,4,5798.14941,255.189041,1136.66516,3,0,0,0,0,1,0,0,0,0,1,0,0,0,Grip,-6.22357447E-06,0.0190173462
917,18.340229,17.340229,-0.2267752,0.728508,441.08493,-0.02017986,-0.00136034889,39.38206,-0.0003684312,0.0003187568,0.719070435,141.723663,141.723282,-5.7742E-08,8.685854E-09,2.84360091E-08,-8.40071053E-08,1,0,4,5800.14746,255.035522,1135.98132,3,0,0,0,0,1,0,0,0,0,1,0,0,0,Grip,-7.07644176E-06,0.0190055054
918,18.36023,17.36023,-0.227178946,0.7284811,441.872864,-0.0201872084,-0.00135451,39.3964043,-0.000367406756,0.000291946344,0.7171631,141.775436,141.775055,-6.33299351E-08,8.017152E-09,7.541906E-08,-9.210328E-08,1,0,4,5802.14,254.882477,1135.29956,3,0,0,0,0,1,0,0,0,0,1,0,0,0,Grip,-6.56650536E-06,0.0189937241
919,18.38023,17.38023,-0.227582842,0.728454351,442.661072,-0.0201945361,-0.00134907325,39.41071,-0.0003663823,0.0002718356,0.715255737,141.827072,141.826691,-6.519258E-08,6.76873757E-09,1.224444E-07,-9.477778E-08,1,0,4,5804.128,254.7299,1134.62,3,0,0,0,0,1,0,0,0,0,1,0,0,0,Grip,-6.060967E-06,0.018982036
920,18.40023,17.40023,-0.227986872,0.7284276,443.4496,-0.0202018451,-0.00134408334,39.4249763,-0.000365450978,0.0002494955,0.7133484,141.878571,141.878189,-7.264316E-08,6.728732E-09,7.625491E-08,-1.0557131E-07,1,0,4,5806.11035,254.5778,1133.9425,3,0,0,0,0,1,0,0,0,0,1,0,0,0,Grip,-5.11716553E-06,0.018970307
921,18.42023,17.42023,-0.228391051,0.728401065,444.238373,-0.0202091336,-0.00133933173,39.4392052,-0.000364426523,0.000237580389,0.71144104,141.929932,141.92955,-7.636845E-08,6.67389477E-09,1.23239957E-07,-1.10945194E-07,1,0,4,5808.088,254.426163,1133.26709,3,0,0,0,0,1,0,0,0,0,1,0,0,0,Grip,-5.086921E-06,0.0189587064
922,18.4402313,17.4402313,-0.228795379,0.7283746,445.027435,-0.0202164035,-0.00133516116,39.4533958,-0.0003634952,0.000208528945,0.7095337,141.981155,141.980774,-8.195639E-08,7.828114E-09,7.709343E-08,-1.190203E-07,1,0,4,5810.06,254.27504,1132.594,3,0,0,0,0,1,0,0,0,0,1,0,0,0,Grip,-5.045464E-06,0.0189470984
923,18.4602318,17.4602318,-0.229199857,0.728348136,445.816772,-0.0202236529,-0.00133152667,39.4675522,-0.000362470746,0.000181724317,0.7078171,142.032242,142.03186,-8.195639E-08,7.172424E-09,2.21855458E-07,-1.189776E-07,1,0,4,5812.027,254.124374,1131.92285,3,0,0,0,0,1,0,0,0,0,1,0,0,0,Grip,-5.91805428E-06,0.0189354829
924,18.4802322,17.4802322,-0.229604468,0.7283217,446.6064,-0.0202308837,-0.0013282795,39.4816666,-0.000361539423,0.000162358629,0.705719,142.083191,142.082825,-8.568168E-08,3.54890251E-09,7.801677E-08,-1.24341213E-07,1,0,4,5813.98828,253.9742,1131.25391,3,0,0,0,0,1,0,0,0,0,1,0,0,0,Grip,-5.42235239E-06,0.01892399
925,18.5002327,17.5002327,-0.230009228,0.728295445,447.396332,-0.020238094,-0.00132515153,39.4957466,-0.000360514969,0.000156398164,0.7040024,142.134,142.133636,-8.568168E-08,4.130288E-09,2.22779633E-07,-1.24296875E-07,1,0,4,5815.94531,253.824448,1130.58691,3,0,0,0,0,1,0,0,0,0,1,0,0,0,Grip,-2.68297026E-06,0.01891243
926,18.5202332,17.5202332,-0.230414137,0.7282692,448.186554,-0.0202452876,-0.00132244057,39.50979,-0.000359676778,0.00013554818,0.702095032,142.1847,142.184326,-8.754432E-08,5.29533528E-09,8.354403E-08,-1.2695385E-07,1,0,4,5817.89551,253.6753,1129.92261,3,0,0,0,0,1,0,0,0,0,1,0,0,0,Grip,-3.12249767E-06,0.018901024
927,18.5402336,17.5402336,-0.2308192,0.728243,448.97702,-0.02025246,-0.00132001273,39.5237961,-0.000358652323,0.000121392077,0.7003784,142.235245,142.234879,-8.568168E-08,5.828114E-09,2.28348483E-07,-1.24208668E-07,1,0,4,5819.842,253.5265,1129.25977,3,0,0,0,0,1,0,0,0,0,1,0,0,0,Grip,-4.00327326E-06,0.0188895483
928,18.5602341,17.5602341,-0.231224388,0.7282169,449.767761,-0.0202596132,-0.00131700386,39.53776,-0.000357627869,0.00015044352,0.698280334,142.285675,142.285309,-8.381903E-08,2.78986234E-09,1.77684413E-07,-1.21465561E-07,1,0,4,5821.782,253.378281,1128.59961,3,0,0,0,0,1,0,0,0,0,1,0,0,0,Grip,-4.406054E-06,0.0188779943
929,18.5802345,17.5802345,-0.231629729,0.7281908,450.5588,-0.020266749,-0.00131328008,39.551693,-0.000356789678,0.000186188845,0.6965637,142.335953,142.3356,-8.381903E-08,3.68049174E-10,1.362248E-07,-1.21422772E-07,1,0,4,5823.717,253.23053,1127.94153,3,0,0,0,0,1,0,0,0,0,1,0,0,0,Grip,-2.109136E-06,0.0188664384
930,18.600235,17.600235,-0.2320352,0.7281648,451.350128,-0.0202738643,-0.00130867749,39.56559,-0.000355765224,0.000230129808,0.6948471,142.386108,142.385742,-7.82310963E-08,4.001344E-10,2.81070328E-07,-1.13288117E-07,1,0,4,5825.645,253.083359,1127.286,3,0,0,0,0,1,0,0,0,0,1,0,0,0,Grip,-2.78245153E-07,0.018854972
931,18.6202354,17.6202354,-0.232440829,0.7281389,452.141724,-0.0202809628,-0.00130333006,39.57945,-0.000354927033,0.00026737107,0.692939758,142.436127,142.435776,-7.264316E-08,-1.94011709E-10,1.41957329E-07,-1.0515928E-07,1,0,4,5827.56836,252.936661,1126.63257,3,0,0,0,0,1,0,0,0,0,1,0,0,0,Grip,-3.025016E-07,0.0188435316
932,18.6402359,17.6402359,-0.232846588,0.7281132,452.9336,-0.02028804,-0.00129740173,39.5932732,-0.000353902578,0.0002964167,0.691223145,142.486023,142.485672,-6.70552254E-08,-1.36830525E-09,2.86802759E-07,-9.703621E-08,1,0,4,5829.488,252.790314,1125.98071,3,0,0,0,0,1,0,0,0,0,1,0,0,0,Grip,1.46672846E-07,0.01883215
933,18.6602364,17.6602364,-0.2332525,0.7280874,453.725739,-0.0202951021,-0.0012911011,39.6070557,-0.0003530644,0.0003150315,0.689125061,142.5358,142.535431,-6.891787E-08,-4.36337677E-09,4.987485E-08,-9.96969547E-08,1,0,4,5831.40137,252.64447,1125.331,3,0,0,0,0,1,0,0,0,0,1,0,0,0,Grip,1.0344387E-06,0.0188208222
934,18.6802368,17.6802368,-0.233658537,0.728062,454.518158,-0.0203021448,-0.00128445786,39.6208038,-0.000352133065,0.000332162017,0.687408447,142.5854,142.585052,-5.96046448E-08,-6.116637E-09,1.01708167E-07,-8.619447E-08,1,0,4,5833.311,252.499023,1124.68323,3,0,0,0,0,1,0,0,0,0,1,0,0,0,Grip,3.29871273E-06,0.018809557
935,18.7002373,17.7002373,-0.234064728,0.728036642,455.310852,-0.0203091688,-0.00127806782,39.6345139,-0.000351201743,0.000319501851,0.6855011,142.6349,142.634552,-5.21540642E-08,-7.27578531E-09,5.580646E-08,-7.539408E-08,1,0,4,5835.215,252.35408,1124.0376,3,0,0,0,0,1,0,0,0,0,1,0,0,0,Grip,4.62417756E-06,0.01879835
936,18.7202377,17.7202377,-0.234471053,0.72801137,456.103821,-0.0203161743,-0.00127207988,39.64819,-0.00035027042,0.000299396925,0.6837845,142.684265,142.6839,-4.47034836E-08,-6.65593447E-09,1.07598744E-07,-6.46012E-08,1,0,4,5837.11426,252.209549,1123.3938,3,0,0,0,0,1,0,0,0,0,1,0,0,0,Grip,5.50049344E-06,0.0187872313
937,18.7402382,17.7402382,-0.234877512,0.7279863,456.897064,-0.0203231629,-0.00126647938,39.6618271,-0.00034943223,0.000280025415,0.681877136,142.73349,142.733139,-4.284084E-08,-7.226752E-09,-3.151578E-08,-6.18882E-08,1,0,4,5839.00928,252.06546,1122.75208,3,0,0,0,0,1,0,0,0,0,1,0,0,0,Grip,5.0318863E-06,0.01877617
938,18.7602386,17.7602386,-0.23528412,0.727961063,457.690582,-0.0203301329,-0.00126150437,39.67543,-0.0003485009,0.000248750439,0.6801605,142.7826,142.782227,-3.91155481E-08,-5.37627365E-09,2.02757811E-08,-5.6487238E-08,1,0,4,5840.899,251.9218,1122.11218,3,0,0,0,0,1,0,0,0,0,1,0,0,0,Grip,5.46342426E-06,0.0187651068
939,18.78024,17.78024,-0.235690862,0.7279362,458.484375,-0.0203370862,-0.00125684217,39.689,-0.000347662717,0.00023311004,0.6784439,142.831558,142.8312,-3.53902578E-08,-4.16251833E-09,-2.10653042E-08,-5.10900264E-08,1,0,4,5842.78369,251.77861,1121.47437,3,0,0,0,0,1,0,0,0,0,1,0,0,0,Grip,4.0644627E-06,0.0187541284
940,18.80024,17.80024,-0.236097738,0.727911353,459.2784,-0.0203440189,-0.00125322258,39.70253,-0.000346638262,0.000180979259,0.67653656,142.8804,142.880051,-3.16649675E-08,-4.13558077E-09,2.60838018E-08,-4.569655E-08,1,0,4,5844.66357,251.63588,1120.83862,3,0,0,0,0,1,0,0,0,0,1,0,0,0,Grip,3.14686372E-06,0.0187432077
941,18.82024,17.82024,-0.236504763,0.727886558,460.072723,-0.0203509349,-0.001250601,39.7160263,-0.000345800072,0.000131077832,0.674819946,142.929123,142.928757,-3.35276127E-08,-4.099359E-09,-1.53758446E-08,-4.836814E-08,1,0,4,5846.53857,251.493591,1120.20483,3,0,0,0,0,1,0,0,0,0,1,0,0,0,Grip,3.126499E-06,0.0187323783
942,18.84024,17.84024,-0.236911923,0.727861643,460.8673,-0.0203578323,-0.0012492754,39.72949,-0.000344868749,6.628106E-05,0.673103333,142.9777,142.977341,-2.60770321E-08,-4.662059E-09,3.64536739E-08,-3.76069167E-08,1,0,4,5848.40967,251.351669,1119.57263,3,0,0,0,0,1,0,0,0,0,1,0,0,0,Grip,3.09911547E-06,0.0187216364
943,18.86024,17.86024,-0.237319216,0.727836967,461.66217,-0.0203647129,-0.00124911149,39.7429161,-0.000344030559,8.195639E-06,0.6713867,143.026169,143.025818,-2.60770321E-08,-3.42969719E-09,-4.96689356E-09,-3.75942122E-08,1,0,4,5850.27637,251.210129,1118.94214,3,0,0,0,0,1,0,0,0,0,1,0,0,0,Grip,3.52451661E-06,0.0187108517
944,18.8802414,17.8802414,-0.237726644,0.7278122,462.4573,-0.020371573,-0.00125048193,39.75631,-0.0003430061,-6.852206E-05,0.6696701,143.074509,143.074158,-2.23517418E-08,-3.40468476E-09,1.39916011E-07,-3.22127534E-08,1,0,4,5852.1377,251.069092,1118.314,3,0,0,0,0,1,0,0,0,0,1,0,0,0,Grip,2.592851E-06,0.01870019
945,18.9002419,17.9002419,-0.2381342,0.7277873,463.2527,-0.0203784164,-0.00125305878,39.7696648,-0.0003421679,-0.000128842657,0.667762756,143.122726,143.122375,-1.86264515E-08,-6.35690833E-09,7.9967144E-10,-2.68349485E-08,1,0,4,5853.995,250.9284,1117.68738,3,0,0,0,0,1,0,0,0,0,1,0,0,0,Grip,2.57394163E-06,0.018689502
946,18.9202423,17.9202423,-0.238541916,0.7277622,464.04834,-0.0203852411,-0.00125633564,39.7829857,-0.0003412366,-0.000163842924,0.666046143,143.1708,143.170456,-1.3038516E-08,-3.28661848E-10,5.258869E-08,-1.87781737E-08,1,0,4,5855.847,250.7882,1117.06287,3,0,0,0,0,1,0,0,0,0,1,0,0,0,Grip,4.80582275E-06,0.0186788067
947,18.9402428,17.9402428,-0.238949761,0.7277373,464.844269,-0.02039205,-0.00125982112,39.79627,-0.0003403984,-0.000174273737,0.6641388,143.218765,143.218414,-1.49011612E-08,-2.12666373E-09,-8.656686E-08,-2.14536069E-08,1,0,4,5857.69336,250.648529,1116.44067,3,0,0,0,0,1,0,0,0,0,1,0,0,0,Grip,2.48468353E-07,0.0186680853
948,18.9602432,17.9602432,-0.23935774,0.7277123,465.640472,-0.02039884,-0.0012636194,39.80952,-0.0003395602,-0.000189914135,0.6626129,143.266571,143.266235,-1.3038516E-08,-2.11877316E-09,-3.02146752E-08,-1.87656557E-08,1,0,4,5859.534,250.509338,1115.82068,3,0,0,0,0,1,0,0,0,0,1,0,0,0,Grip,1.60775778E-06,0.01865739
949,18.9802437,17.9802437,-0.239765853,0.7276871,466.43692,-0.0204056129,-0.00126726879,39.82274,-0.0003386289,-0.000182469375,0.6608963,143.314285,143.313934,-1.3038516E-08,-9.235083E-10,2.14965041E-08,-1.87594278E-08,1,0,4,5861.36963,250.3706,1115.20276,3,0,0,0,0,1,0,0,0,0,1,0,0,0,Grip,1.60179241E-06,0.0186467152
950,19.0002441,18.0002441,-0.2401741,0.727661967,467.233673,-0.0204123687,-0.00127039675,39.83592,-0.0003377907,-0.000156398164,0.658988953,143.361862,143.361526,-1.3038516E-08,-3.283506E-09,-1.17620793E-07,-1.87532212E-08,1,0,4,5863.20068,250.232285,1114.58667,3,0,0,0,0,1,0,0,0,0,1,0,0,0,Grip,6.981723E-07,0.018636
951,19.0202446,18.0202446,-0.240582481,0.7276366,468.03064,-0.020419104,-0.0012729736,39.8490677,-0.000336766243,-0.000128842657,0.6574631,143.409317,143.408981,-1.11758709E-08,-4.449569E-09,1.2495714E-07,-1.60688849E-08,1,0,4,5865.02637,250.094421,1113.97266,3,0,0,0,0,1,0,0,0,0,1,0,0,0,Grip,2.4823305E-06,0.0186252743
952,19.0402451,18.0402451,-0.240991011,0.7276113,468.827881,-0.0204258226,-0.00127397163,39.86218,-0.000335928053,-4.99014277E-05,0.6555557,143.45665,143.456314,-9.313226E-09,-3.22117644E-09,-1.41604728E-08,-1.33863329E-08,1,0,4,5866.846,249.957092,1113.361,3,0,0,0,0,1,0,0,0,0,1,0,0,0,Grip,3.36387416E-06,0.0186145082
953,19.0602455,18.0602455,-0.241399661,0.727586031,469.6254,-0.0204325225,-0.00127330131,39.8752556,-0.00033499673,3.351597E-05,0.6538391,143.50386,143.50351,-3.7252903E-09,-2.01013561E-09,3.76266236E-08,-5.352777E-09,1,0,4,5868.66064,249.820236,1112.75134,3,0,0,0,0,1,0,0,0,0,1,0,0,0,Grip,2.43520935E-06,0.0186036974
954,19.080246,18.080246,-0.241808444,0.7275609,470.423157,-0.0204392076,-0.00127091806,39.8883,-0.000334251672,0.000119162723,0.652313232,143.550934,143.550583,-3.7252903E-09,-1.84676011E-10,8.075429E-10,-5.35102629E-09,1,0,4,5870.46973,249.683853,1112.1438,3,0,0,0,0,1,0,0,0,0,1,0,0,0,Grip,1.51966253E-06,0.01859298
955,19.1002464,18.1002464,-0.242217362,0.727535546,471.2212,-0.0204458721,-0.00126701558,39.90131,-0.000333227217,0.000195123721,0.6504059,143.5979,143.597549,-1.86264515E-09,1.646213E-09,4.791594E-08,-2.674641E-09,1,0,4,5872.27344,249.547943,1111.53845,3,0,0,0,0,1,0,0,0,0,1,0,0,0,Grip,1.39615054E-07,0.0185823124
956,19.1202469,18.1202469,-0.242626414,0.7275105,472.01947,-0.02045252,-0.001261415,39.9142876,-0.000332389027,0.000280031236,0.64888,143.64473,143.644379,-5.58793545E-09,-1.540972E-10,1.04153564E-07,-8.021313E-09,1,0,4,5874.074,249.412323,1110.93445,3,0,0,0,0,1,0,0,0,0,1,0,0,0,Grip,-1.244537E-06,0.0185716711
957,19.1402473,18.1402473,-0.2430356,0.727485657,472.818024,-0.02045915,-0.00125484623,39.92723,-0.000331550837,0.000328436727,0.6471634,143.691452,143.6911,-1.86264515E-09,-1.95380356E-09,6.276997E-08,-2.67290456E-09,1,0,4,5875.86865,249.277252,1110.33276,3,0,0,0,0,1,0,0,0,0,1,0,0,0,Grip,1.16497475E-07,0.0185611136
958,19.1602478,18.1602478,-0.24344492,0.727460861,473.616821,-0.0204657633,-0.00124766666,39.940136,-0.0003306195,0.0003589783,0.645256042,143.738037,143.7377,1.86264515E-09,-3.75507136E-09,1.6783785E-08,2.67204081E-09,1,0,4,5877.66064,249.142456,1109.7323,3,0,0,0,0,1,0,0,0,0,1,0,0,0,Grip,1.47707544E-06,0.0185505822
959,19.1802483,18.1802483,-0.243854374,0.7274363,474.4159,-0.0204723589,-0.00124001061,39.95301,-0.000329781324,0.000382802682,0.643730164,143.7845,143.784164,7.450581E-09,-4.925838E-09,7.317189E-08,1.068472E-08,1,0,4,5879.44775,249.008057,1109.13367,3,0,0,0,0,1,0,0,0,0,1,0,0,0,Grip,2.83883378E-06,0.0185402017
960,19.2002487,18.2002487,-0.244263947,0.727411747,475.2152,-0.0204789378,-0.001232414,39.9658546,-0.000328943133,0.000379828271,0.6422043,143.830841,143.830521,1.49011612E-08,-6.12552853E-09,1.29559638E-07,2.136257E-08,1,0,4,5881.23,248.874115,1108.53711,3,0,0,0,0,1,0,0,0,0,1,0,0,0,Grip,3.72393333E-06,0.0185298286
961,19.22025,18.22025,-0.244673654,0.7273874,476.014771,-0.0204855,-0.00122478767,39.97866,-0.000328104943,0.0003813184,0.640296936,143.87709,143.876755,1.3038516E-08,2.860347E-09,-9.634171E-09,1.86862614E-08,1,0,4,5883.009,248.740509,1107.942,3,0,0,0,0,1,0,0,0,0,1,0,0,0,Grip,4.63089964E-06,0.01851951
962,19.24025,18.24025,-0.2450835,0.7273633,476.8146,-0.0204920452,-0.00121744431,39.991436,-0.000327266753,0.0003671681,0.638771057,143.923187,143.922852,9.313226E-09,4.63025929E-09,4.6604363E-08,1.33430662E-08,1,0,4,5884.782,248.607346,1107.34888,3,0,0,0,0,1,0,0,0,0,1,0,0,0,Grip,-2.16242233E-06,0.0185092315
963,19.26025,18.26025,-0.245493472,0.727339268,477.6147,-0.0204985719,-0.001210667,40.0041771,-0.00032633543,0.00033886754,0.637054443,143.969177,143.968857,5.58793545E-09,6.39899866E-09,9.824088E-08,8.00329047E-09,1,0,4,5886.551,248.474625,1106.75769,3,0,0,0,0,1,0,0,0,0,1,0,0,0,Grip,-3.500476E-06,0.0184990354
964,19.28025,18.28025,-0.245903566,0.7273154,478.415,-0.0205050819,-0.00120448554,40.0168839,-0.00032549724,0.000309071038,0.6353378,144.015045,144.014725,1.86264515E-09,6.963037E-09,5.67455523E-08,2.666916E-09,1,0,4,5888.31641,248.3422,1106.16785,3,0,0,0,0,1,0,0,0,0,1,0,0,0,Grip,-4.837643E-06,0.0184888635
965,19.300251,18.300251,-0.2463138,0.727291465,479.2156,-0.0205115732,-0.00119904871,40.0295563,-0.000324565917,0.000271841418,0.6336212,144.060791,144.060455,-1.86264515E-09,6.29958263E-09,1.08345986E-07,-2.66607181E-09,1,0,4,5890.07666,248.210251,1105.58008,3,0,0,0,0,1,0,0,0,0,1,0,0,0,Grip,-5.26405574E-06,0.0184787158
966,19.3202515,18.3202515,-0.246724159,0.7272678,480.016449,-0.0205180477,-0.0011938056,40.0422,-0.000323727727,0.000262155663,0.632095337,144.106415,144.106079,-3.7252903E-09,5.657467E-09,1.645861E-07,-5.33045963E-09,1,0,4,5891.832,248.0787,1104.99414,3,0,0,0,0,1,0,0,0,0,1,0,0,0,Grip,-4.76248442E-06,0.0184685886
967,19.3402519,18.3402519,-0.247134656,0.727244258,480.817535,-0.0205245074,-0.0011892179,40.0548058,-0.000322982669,0.00022938475,0.6303787,144.151917,144.151611,-7.450581E-09,6.821963E-09,2.99598E-08,-1.06575637E-08,1,0,4,5893.58252,247.947632,1104.4104,3,0,0,0,0,1,0,0,0,0,1,0,0,0,Grip,-4.277045E-06,0.0184585154
968,19.3602524,18.3602524,-0.247545272,0.7272207,481.6189,-0.0205309484,-0.00118543452,40.06738,-0.000322051346,0.000189169077,0.6286621,144.197311,144.196991,-1.11758709E-08,4.3897086E-09,8.15983938E-08,-1.598133E-08,1,0,4,5895.32959,247.816849,1103.82788,3,0,0,0,0,1,0,0,0,0,1,0,0,0,Grip,-5.157404E-06,0.0184484944
969,19.3802528,18.3802528,-0.247956023,0.7271973,482.4205,-0.0205373727,-0.001182098,40.07992,-0.000321213156,0.000166823156,0.62713623,144.242569,144.242264,-1.49011612E-08,6.175572E-09,1.37803113E-07,-2.1301771E-08,1,0,4,5897.07129,247.686554,1103.24744,3,0,0,0,0,1,0,0,0,0,1,0,0,0,Grip,-3.31861952E-06,0.0184384324
970,19.4002533,18.4002533,-0.248366892,0.727173746,483.222351,-0.0205437783,-0.00117938709,40.09243,-0.000320281833,0.00013554818,0.6254196,144.287735,144.287415,-1.67638063E-08,4.93564034E-09,1.89442588E-07,-2.39570159E-08,1,0,4,5898.808,247.556686,1102.669,3,0,0,0,0,1,0,0,0,0,1,0,0,0,Grip,-4.66873234E-06,0.018428456
971,19.4202538,18.4202538,-0.2487779,0.7271504,484.024445,-0.0205501672,-0.00117673574,40.104908,-0.000319443643,0.000132567948,0.623893738,144.332764,144.332443,-1.67638063E-08,5.52091572E-09,2.45684618E-07,-2.39495623E-08,1,0,4,5900.541,247.427155,1102.092,3,0,0,0,0,1,0,0,0,0,1,0,0,0,Grip,-3.731344E-06,0.0184185021
972,19.4402542,18.4402542,-0.249189034,0.7271271,484.826782,-0.0205565412,-0.00117451639,40.11735,-0.000318698585,0.000110967085,0.6221771,144.377686,144.377365,-1.67638063E-08,2.4715674E-09,1.110966E-07,-2.39421354E-08,1,0,4,5902.269,247.2981,1101.51721,3,0,0,0,0,1,0,0,0,0,1,0,0,0,Grip,-4.173812E-06,0.0184085332
973,19.4602547,18.4602547,-0.249600291,0.7271038,485.629364,-0.0205628965,-0.00117257994,40.12976,-0.000317767262,9.682262E-05,0.6204605,144.42247,144.422165,-1.49011612E-08,2.46921461E-09,1.62773262E-07,-2.12753157E-08,1,0,4,5903.992,247.169434,1100.94409,3,0,0,0,0,1,0,0,0,0,1,0,0,0,Grip,-1.86850491E-06,0.0183985867
974,19.4802551,18.4802551,-0.250011683,0.727080643,486.43222,-0.0205692369,-0.00117092661,40.14214,-0.0003170222,8.266652E-05,0.618934631,144.467148,144.466827,-1.67638063E-08,3.65889341E-09,1.25883986E-07,-2.3927349E-08,1,0,4,5905.711,247.0412,1100.37292,3,0,0,0,0,1,0,0,0,0,1,0,0,0,Grip,-1.86672617E-06,0.01838873
975,19.5002556,18.5002556,-0.2504232,0.7270573,487.235321,-0.02057556,-0.00116946688,40.1544876,-0.000316184,7.2986586E-05,0.617408752,144.511719,144.5114,-9.313226E-09,-1.17602594E-09,1.8227108E-07,-1.32888838E-08,1,0,4,5907.42529,246.913315,1099.80334,3,0,0,0,0,1,0,0,0,0,1,0,0,0,Grip,-2.76612332E-06,0.0183789078
976,19.520256,18.520256,-0.250834823,0.7270341,488.038666,-0.0205818675,-0.00116781355,40.1668,-0.000315345824,8.266652E-05,0.615692139,144.556168,144.555847,-1.3038516E-08,5.33322231E-09,1.40744191E-07,-1.8598735E-08,1,0,4,5909.135,246.785889,1099.23572,3,0,0,0,0,1,0,0,0,0,1,0,0,0,Grip,8.890756E-07,0.0183690079
977,19.5402565,18.5402565,-0.251246572,0.727010965,488.8423,-0.02058816,-0.00116623461,40.1790848,-0.000314600766,7.894705E-05,0.61416626,144.6005,144.600174,-1.3038516E-08,1.64846548E-09,1.03891495E-07,-1.85930489E-08,1,0,4,5910.84,246.658813,1098.66968,3,0,0,0,0,1,0,0,0,0,1,0,0,0,Grip,-4.031916E-06,0.0183592122
978,19.560257,18.560257,-0.251658469,0.726987839,489.646118,-0.0205944367,-0.00116473017,40.1913376,-0.0003138557,7.522176E-05,0.6126404,144.644714,144.6444,-1.49011612E-08,9.545046E-10,6.70389753E-08,-2.124272E-08,1,0,4,5912.541,246.53215,1098.10547,3,0,0,0,0,1,0,0,0,0,1,0,0,0,Grip,-1.24623989E-06,0.0183494352
979,19.5802574,18.5802574,-0.2520705,0.726964653,490.4502,-0.020600697,-0.00116260024,40.20356,-0.000313017517,0.000106496736,0.6111145,144.688828,144.6885,-1.11758709E-08,5.16250243E-09,1.23354454E-07,-1.59271956E-08,1,0,4,5914.2373,246.4059,1097.54321,3,0,0,0,0,1,0,0,0,0,1,0,0,0,Grip,-7.21605431E-07,0.0183395147
980,19.6002579,18.6002579,-0.252482623,0.726941645,491.254517,-0.0206069425,-0.00115929346,40.2157478,-0.000312272459,0.000165338861,0.6093979,144.732819,144.732513,-1.86264515E-08,5.168313E-09,-1.13030811E-08,-2.6537279E-08,1,0,4,5915.92773,246.280136,1096.983,3,0,0,0,0,1,0,0,0,0,1,0,0,0,Grip,-3.902852E-06,0.0183296483
981,19.6202583,18.6202583,-0.252894878,0.7269187,492.059082,-0.0206131712,-0.00115510786,40.2279,-0.000311434269,0.000209279824,0.6076813,144.7767,144.776382,-2.79396772E-08,6.341418E-09,-5.28277653E-08,-3.97938962E-08,1,0,4,5917.61426,246.154724,1096.42432,3,0,0,0,0,1,0,0,0,0,1,0,0,0,Grip,-3.90724426E-06,0.01831977
982,19.6402588,18.6402588,-0.253307253,0.7268959,492.8639,-0.0206193831,-0.00115008827,40.2400246,-0.000310596079,0.0002509798,0.6061554,144.82045,144.820145,-3.35276127E-08,7.511367E-09,3.38239436E-09,-4.77382862E-08,1,0,4,5919.29541,246.02977,1095.8678,3,0,0,0,0,1,0,0,0,0,1,0,0,0,Grip,-4.794112E-06,0.0183100123
983,19.66026,18.66026,-0.253719777,0.7268732,493.668945,-0.0206255782,-0.00114445784,40.2521133,-0.0003097579,0.000281521352,0.6044388,144.8641,144.863785,-3.91155481E-08,9.26344246E-09,-3.810594E-08,-5.56779369E-08,1,0,4,5920.97266,245.905167,1095.31274,3,0,0,0,0,1,0,0,0,0,1,0,0,0,Grip,-5.678593E-06,0.0183003079
984,19.68026,18.68026,-0.25413242,0.7268506,494.474243,-0.0206317585,-0.00113842532,40.2641754,-0.00030901283,0.000301626278,0.603103638,144.907623,144.9073,-3.7252903E-08,-3.29419714E-09,2.284759E-08,-5.30107265E-08,1,0,4,5922.646,245.780945,1094.75952,3,0,0,0,0,1,0,0,0,0,1,0,0,0,Grip,-7.00316241E-06,0.01829059
985,19.70026,18.70026,-0.254545182,0.726828,495.279755,-0.02063792,-0.00113225868,40.276207,-0.0003080815,0.0003083318,0.601577759,144.951035,144.950745,-3.35276127E-08,-1.48116908E-09,1.722962E-07,-4.76954E-08,1,0,4,5924.31445,245.6571,1094.20789,3,0,0,0,0,1,0,0,0,0,1,0,0,0,Grip,2.490413E-06,0.01828102
986,19.72026,18.72026,-0.254958063,0.7268057,496.0855,-0.0206440669,-0.00112585374,40.288208,-0.00030733645,0.0003202469,0.6000519,144.994354,144.994049,-3.35276127E-08,-8.69372E-10,1.3544539E-07,-4.76811941E-08,1,0,4,5925.97949,245.53363,1093.65784,3,0,0,0,0,1,0,0,0,0,1,0,0,0,Grip,1.11976374E-06,0.0182714369
987,19.7402611,18.7402611,-0.255371064,0.726783454,496.8915,-0.0206501987,-0.00111989561,40.3001747,-0.0003065914,0.0002979068,0.598335266,145.037552,145.037262,-3.35276127E-08,3.36164E-10,8.95372665E-10,-4.7667033E-08,1,0,4,5927.641,245.410446,1093.10925,3,0,0,0,0,1,0,0,0,0,1,0,0,0,Grip,6.572452E-07,0.0182619058
988,19.7602615,18.7602615,-0.255784184,0.726761341,497.697754,-0.0206563137,-0.0011143547,40.31211,-0.0003057532,0.000277045183,0.5968094,145.080643,145.080338,-2.98023224E-08,-2.63137373E-10,5.7246563E-08,-4.235815E-08,1,0,4,5929.29834,245.287628,1092.56213,3,0,0,0,0,1,0,0,0,0,1,0,0,0,Grip,-2.5414E-07,0.01825246
989,19.780262,18.780262,-0.256197423,0.7267393,498.504242,-0.0206624139,-0.00110942428,40.3240166,-0.000305008143,0.0002465211,0.5952835,145.123611,145.1233,-2.98023224E-08,9.558118E-10,2.043068E-08,-4.23456434E-08,1,0,4,5930.951,245.165222,1092.017,3,0,0,0,0,1,0,0,0,0,1,0,0,0,Grip,1.98931843E-07,0.0182430334
990,19.8002625,18.8002625,-0.256610781,0.726717234,499.310974,-0.0206685,-0.0011050452,40.33589,-0.000304263085,0.000218953937,0.5937576,145.166473,145.166168,-3.35276127E-08,1.53091007E-09,-1.64543259E-08,-4.76248232E-08,1,0,4,5932.59961,245.0432,1091.47339,3,0,0,0,0,1,0,0,0,0,1,0,0,0,Grip,-7.22593654E-07,0.01823369
991,19.8202629,18.8202629,-0.2570243,0.7266954,500.11792,-0.0206745677,-0.00110142562,40.3477325,-0.0003034249,0.000180979259,0.592041,145.209213,145.208923,-3.53902578E-08,-3.21945115E-09,-5.7871997E-08,-5.02559E-08,1,0,4,5934.24463,244.9215,1090.93127,3,0,0,0,0,1,0,0,0,0,1,0,0,0,Grip,-1.15736793E-06,0.0182243362
992,19.8402634,18.8402634,-0.2574379,0.7266736,500.9251,-0.02068062,-0.001099385,40.3595428,-0.0003025867,0.000102032209,0.590515137,145.251846,145.251541,-3.35276127E-08,-2.00165329E-09,-1.52108326E-09,-4.759692E-08,1,0,4,5935.88525,244.800171,1090.39087,3,0,0,0,0,1,0,0,0,0,1,0,0,0,Grip,2.433905E-06,0.01821516
993,19.8602638,18.8602638,-0.25785166,0.7266518,501.732544,-0.0206866562,-0.00109907216,40.3713264,-0.000301841646,1.56403985E-05,0.58918,145.294357,145.294067,-3.16649675E-08,1.61888192E-09,5.93973439E-08,-4.49395223E-08,1,0,4,5937.52246,244.679169,1089.85193,3,0,0,0,0,1,0,0,0,0,1,0,0,0,Grip,1.5132498E-06,0.0182060413
994,19.8802643,18.8802643,-0.258265525,0.72663,502.5402,-0.0206926763,-0.00110029359,40.38308,-0.000301003456,-6.107148E-05,0.5876541,145.336792,145.336487,-3.16649675E-08,2.19794427E-09,1.1567959E-07,-4.49264448E-08,1,0,4,5939.15625,244.558472,1089.31433,3,0,0,0,0,1,0,0,0,0,1,0,0,0,Grip,-1.22387473E-06,0.0181969367
995,19.9002647,18.9002647,-0.2586795,0.726608,503.348083,-0.0206986815,-0.00110284064,40.3948021,-0.0003002584,-0.000127352541,0.586128235,145.379089,145.3788,-3.53902578E-08,9.743574E-10,7.879565E-08,-5.019733E-08,1,0,4,5940.785,244.438171,1088.77844,3,0,0,0,0,1,0,0,0,0,1,0,0,0,Grip,-1.6616458E-06,0.0181878172
996,19.9202652,18.9202652,-0.2590936,0.7265861,504.156219,-0.0207046717,-0.00110607292,40.40649,-0.00029951334,-0.000161613571,0.5844116,145.4213,145.42099,-3.53902578E-08,3.69672237E-10,-5.5754068E-08,-5.01828126E-08,1,0,4,5942.41,244.318283,1088.24451,3,0,0,0,0,1,0,0,0,0,1,0,0,0,Grip,-7.3661414E-07,0.018178653
997,19.9402657,18.9402657,-0.259507835,0.72656405,504.964569,-0.0207106471,-0.00111002009,40.41815,-0.000298768282,-0.0001973589,0.5830765,145.463379,145.463074,-3.91155481E-08,1.5974071E-09,5.13065146E-09,-5.54492132E-08,1,0,4,5944.03,244.198792,1087.71228,3,0,0,0,0,1,0,0,0,0,1,0,0,0,Grip,-2.794722E-07,0.0181695111
998,19.9602661,18.9602661,-0.259922177,0.726542,505.773163,-0.0207166057,-0.001114161,40.4297829,-0.0002979301,-0.00020704465,0.5815506,145.505356,145.505051,-3.7252903E-08,3.97498034E-09,6.144746E-08,-5.279358E-08,1,0,4,5945.645,244.0797,1087.18176,3,0,0,0,0,1,0,0,0,0,1,0,0,0,Grip,-1.20763968E-06,0.018160291
999,19.9802666,18.9802666,-0.260336637,0.7265198,506.582,-0.02072255,-0.00111830188,40.4413834,-0.000297185034,-0.00020704465,0.5800247,145.547226,145.546921,-3.91155481E-08,2.14370721E-09,2.45982577E-08,-5.5417356E-08,1,0,4,5947.25537,243.961014,1086.65308,3,0,0,0,0,1,0,0,0,0,1,0,0,0,Grip,-3.005085E-06,0.0181511827
1000,20.000267,19.000267,-0.260751218,0.7264974,507.391052,-0.0207284782,-0.00112204056,40.4529533,-0.000296439976,-0.0001869339,0.57849884,145.588989,145.588684,-4.09781933E-08,-8.63838168E-10,-1.22507675E-08,-5.803967E-08,1,0,4,5948.86133,243.842743,1086.12634,3,0,0,0,0,1,0,0,0,0,1,0,0,0,Grip,-1.62064259E-06,0.018142
1001,20.0202675,19.0202675,-0.261165917,0.7264751,508.200348,-0.02073439,-0.00112497492,40.4644928,-0.000295601785,-0.00014671823,0.576972961,145.630646,145.630341,-4.09781933E-08,3.58129332E-10,4.406622E-08,-5.80231223E-08,1,0,4,5950.463,243.724838,1085.6012,3,0,0,0,0,1,0,0,0,0,1,0,0,0,Grip,6.53061647E-07,0.018132804
1002,20.0402679,19.0402679,-0.261580735,0.726452768,509.009857,-0.0207402855,-0.00112719426,40.4760056,-0.0002947636,-0.000110967085,0.5756378,145.67218,145.671875,-3.7252903E-08,2.73704881E-09,1.98117363E-07,-5.2733288E-08,1,0,4,5952.06,243.60733,1085.07776,3,0,0,0,0,1,0,0,0,0,1,0,0,0,Grip,-2.70745772E-07,0.0181236751
1003,20.0602684,19.0602684,-0.261995673,0.7264304,509.8196,-0.0207461659,-0.00112860941,40.4874878,-0.000294018537,-7.075723E-05,0.574111938,145.713623,145.713333,-3.91155481E-08,6.28367758E-09,1.61235263E-07,-5.53542527E-08,1,0,4,5953.653,243.4902,1084.556,3,0,0,0,0,1,0,0,0,0,1,0,0,0,Grip,-2.069209E-06,0.0181145929
1004,20.0802689,19.0802689,-0.2624107,0.726408,510.629578,-0.0207520314,-0.00112924981,40.49894,-0.000293273479,-3.20200343E-05,0.57258606,145.754959,145.754684,-4.09781933E-08,5.035204E-09,1.24353519E-07,-5.797377E-08,1,0,4,5955.2417,243.373383,1084.03564,3,0,0,0,0,1,0,0,0,0,1,0,0,0,Grip,-4.75046E-06,0.018105451
1005,20.10027,19.10027,-0.262825847,0.7263854,511.439819,-0.02075788,-0.0011289817,40.51036,-0.0002924353,1.34052243E-05,0.5710602,145.796188,145.7959,-4.47034836E-08,3.219409E-09,1.80571135E-07,-6.322629E-08,1,0,4,5956.826,243.256989,1083.51721,3,0,0,0,0,1,0,0,0,0,1,0,0,0,Grip,-3.806614E-06,0.0180963613
1006,20.12027,19.12027,-0.2632411,0.726363063,512.250244,-0.0207637139,-0.00112759648,40.52175,-0.00029169023,6.92612957E-05,0.5695343,145.837311,145.837021,-4.09781933E-08,-3.95648847E-10,1.437565E-07,-5.79411328E-08,1,0,4,5958.40674,243.1409,1083.00012,3,0,0,0,0,1,0,0,0,0,1,0,0,0,Grip,-2.433873E-06,0.0180873536
1007,20.14027,19.14027,-0.2636565,0.7263407,513.0609,-0.0207695346,-0.00112490042,40.5331154,-0.0002910383,0.000134803122,0.568199158,145.878311,145.878021,-3.7252903E-08,-1.60270175E-09,1.1157676E-07,-5.265899E-08,1,0,4,5959.983,243.025238,1082.485,3,0,0,0,0,1,0,0,0,0,1,0,0,0,Grip,2.99110525E-07,0.0180781372
1008,20.16027,19.16027,-0.264072,0.7263185,513.8718,-0.02077534,-0.001120551,40.54445,-0.000290293247,0.000217469642,0.5666733,145.91922,145.91893,-3.16649675E-08,-2.19396856E-09,7.479501E-08,-4.47476332E-08,1,0,4,5961.553,242.91,1081.97168,3,0,0,0,0,1,0,0,0,0,1,0,0,0,Grip,1.21164248E-06,0.0180690363
1009,20.1802711,19.1802711,-0.264487624,0.726296365,514.6829,-0.02078113,-0.00111486111,40.5557556,-0.000289455056,0.000284495763,0.565338135,145.960022,145.959732,-2.60770321E-08,-2.77982415E-09,2.28879443E-07,-3.68407136E-08,1,0,4,5963.12,242.795135,1081.46008,3,0,0,0,0,1,0,0,0,0,1,0,0,0,Grip,1.65864014E-06,0.0180599242
1010,20.2002716,19.2002716,-0.264903367,0.7262744,515.494263,-0.0207869057,-0.00110757735,40.567028,-0.00028880313,0.000364187872,0.5636215,146.000732,146.000443,-2.79396772E-08,-3.34821815E-09,1.1653789E-09,-3.94612272E-08,1,0,4,5964.68262,242.680618,1080.95,3,0,0,0,0,1,0,0,0,0,1,0,0,0,Grip,2.101547E-06,0.0180508569
1011,20.2202721,19.2202721,-0.265319228,0.726252437,516.305847,-0.0207926668,-0.00109875936,40.5782738,-0.000288058072,0.000440899748,0.5622864,146.0413,146.041016,-1.67638063E-08,-4.50597337E-09,6.221558E-08,-2.36701752E-08,1,0,4,5966.242,242.566376,1080.44116,3,0,0,0,0,1,0,0,0,0,1,0,0,0,Grip,2.531253E-06,0.0180417821
1012,20.2402725,19.2402725,-0.2657352,0.72623086,517.1176,-0.0207984149,-0.00108858594,40.5894928,-0.000287406147,0.0005086709,0.560951233,146.0818,146.081512,-1.49011612E-08,-5.670692E-09,3.00349541E-08,-2.10343369E-08,1,0,4,5967.796,242.452591,1079.93433,3,0,0,0,0,1,0,0,0,0,1,0,0,0,Grip,3.40651582E-06,0.0180327855
1013,20.260273,19.260273,-0.266151279,0.7262094,517.9296,-0.0208041463,-0.00107787631,40.60068,-0.000286567956,0.0005354814,0.559425354,146.122177,146.1219,-1.3038516E-08,-3.84600574E-09,8.635194E-08,-1.83999731E-08,1,0,4,5969.346,242.339142,1079.429,3,0,0,0,0,1,0,0,0,0,1,0,0,0,Grip,4.287043E-06,0.0180239677
1014,20.2802734,19.2802734,-0.266567469,0.7261883,518.7419,-0.0208098628,-0.00106677937,40.6118431,-0.0002858229,0.000554847065,0.5580902,146.16246,146.162186,-7.450581E-09,-3.203945E-09,1.47303311E-07,-1.05113811E-08,1,0,4,5970.895,242.225876,1078.92444,3,0,0,0,0,1,0,0,0,0,1,0,0,0,Grip,2.90758021E-06,0.0180150382
1015,20.3002739,19.3002739,-0.266983777,0.7261673,519.5543,-0.0208155662,-0.001056025,40.6229744,-0.000285170972,0.000537716551,0.556564331,146.202652,146.202377,-9.313226E-09,-3.7821275E-09,1.732332E-08,-1.31356259E-08,1,0,4,5972.438,242.113052,1078.42188,3,0,0,0,0,1,0,0,0,0,1,0,0,0,Grip,2.42218243E-06,0.018006321
1016,20.3202744,19.3202744,-0.2674002,0.7261466,520.367,-0.0208212547,-0.00104574731,40.6340752,-0.0002844259,0.000513886334,0.555038452,146.242722,146.242447,-7.450581E-09,-3.77002563E-09,-1.94596339E-08,-1.050563E-08,1,0,4,5973.979,242.000412,1077.92017,3,0,0,0,0,1,0,0,0,0,1,0,0,0,Grip,2.85928832E-06,0.0179976188
1017,20.3402748,19.3402748,-0.267816752,0.726125836,521.179932,-0.0208269283,-0.00103621441,40.64515,-0.000283680856,0.000476645073,0.5537033,146.282684,146.28241,0,-2.55657939E-09,4.155587E-08,0,1,0,4,5975.516,241.8882,1077.42041,3,0,0,0,0,1,0,0,0,0,1,0,0,0,Grip,2.85013925E-06,0.0179889984
1018,20.3602753,19.3602753,-0.268233418,0.726105452,521.993042,-0.020832587,-0.00102776883,40.6561928,-0.0002829358,0.000422279118,0.5521774,146.32254,146.322266,-1.86264515E-09,-1.32000022E-10,4.70811168E-09,-2.62497868E-09,1,0,4,5977.04932,241.77626,1076.92175,3,0,0,0,0,1,0,0,0,0,1,0,0,0,Grip,1.932774E-06,0.01798046
1019,20.3802757,19.3802757,-0.268650174,0.7260852,522.8064,-0.02083823,-0.00102130428,40.66721,-0.00028219074,0.000323227141,0.5508423,146.3623,146.36203,0,4.4814813E-10,6.562677E-08,0,1,0,4,5978.57959,241.664612,1076.42444,3,0,0,0,0,1,0,0,0,0,1,0,0,0,Grip,9.979201E-08,0.017972067
1020,20.4002762,19.4002762,-0.269067049,0.72606504,523.619934,-0.02084386,-0.0010171188,40.6782,-0.000281445682,0.000209274,0.549507141,146.401962,146.401688,1.86264515E-09,-1.46671772E-10,1.2654543E-07,2.62355848E-09,1,0,4,5980.107,241.5532,1075.92822,3,0,0,0,0,1,0,0,0,0,1,0,0,0,Grip,-3.38799964E-07,0.0179636925
1021,20.4202766,19.4202766,-0.269484043,0.7260449,524.4337,-0.0208494756,-0.00101519725,40.6891632,-0.000280793756,9.60775651E-05,0.548172,146.441528,146.441254,3.7252903E-09,1.05030273E-09,9.43318454E-08,5.24570343E-09,1,0,4,5981.63037,241.442154,1075.43359,3,0,0,0,0,1,0,0,0,0,1,0,0,0,Grip,1.10883853E-07,0.0179553628
1022,20.4402771,19.4402771,-0.269901156,0.7260246,525.247742,-0.0208550766,-0.00101521215,40.7000961,-0.0002800487,-7.4505806E-07,0.5466461,146.481,146.480728,3.7252903E-09,2.833098E-09,5.74844954E-08,5.24429433E-09,1,0,4,5983.15039,241.33139,1074.94019,3,0,0,0,0,1,0,0,0,0,1,0,0,0,Grip,-7.94028836E-07,0.0179469846
1023,20.4602776,19.4602776,-0.270318359,0.7260045,526.061951,-0.0208606627,-0.00101655279,40.711,-0.00027930364,-6.703194E-05,0.545120239,146.520355,146.520081,0,3.40030981E-09,2.06373247E-08,0,1,0,4,5984.6665,241.221,1074.44849,3,0,0,0,0,1,0,0,0,0,1,0,0,0,Grip,-2.141822E-06,0.0179386288
1024,20.480278,19.480278,-0.270735681,0.7259843,526.8764,-0.0208662339,-0.00101911474,40.7218742,-0.000278558582,-0.0001280976,0.5437851,146.5596,146.559326,-1.86264515E-09,4.60076777E-09,8.14928356E-08,-2.62074473E-09,1,0,4,5986.17773,241.111,1073.9585,3,0,0,0,0,1,0,0,0,0,1,0,0,0,Grip,-2.570634E-06,0.0179302245
1025,20.5002785,19.5002785,-0.271153122,0.725964,527.69104,-0.02087179,-0.00102254061,40.7327232,-0.000277813524,-0.0001712935,0.542449951,146.598755,146.59848,-3.7252903E-09,5.16683274E-09,1.42348654E-07,-5.24009369E-09,1,0,4,5987.684,241.001419,1073.47046,3,0,0,0,0,1,0,0,0,0,1,0,0,0,Grip,-3.47818036E-06,0.01792182
1026,20.5202789,19.5202789,-0.271570683,0.7259437,528.5059,-0.0208773334,-0.001026324,40.7435455,-0.0002771616,-0.000189169077,0.5411148,146.637817,146.637543,-1.86264515E-09,-2.30094832E-10,1.10135531E-07,-2.61935074E-09,1,0,4,5989.18652,240.892166,1072.98389,3,0,0,0,0,1,0,0,0,0,1,0,0,0,Grip,-3.90612558E-06,0.0179134011
1027,20.54028,19.54028,-0.271988332,0.72592324,529.321,-0.0208828617,-0.00103022659,40.7543373,-0.00027641654,-0.000195129542,0.5395889,146.676773,146.6765,1.86264515E-09,-2.01441419E-09,7.335195E-08,2.61865729E-09,1,0,4,5990.68457,240.7833,1072.4989,3,0,0,0,0,1,0,0,0,0,1,0,0,0,Grip,1.7395169E-07,0.0179050453
1028,20.56028,19.56028,-0.2724061,0.725902557,530.1363,-0.0208883751,-0.00103380135,40.7651024,-0.000275671482,-0.000178738264,0.5382538,146.715622,146.715347,0,4.57005E-09,1.34208335E-07,0,1,0,4,5992.179,240.6747,1072.01514,3,0,0,0,0,1,0,0,0,0,1,0,0,0,Grip,1.522897E-06,0.0178966448
1029,20.58028,19.58028,-0.272824,0.725882053,530.9518,-0.0208938736,-0.00103672082,40.77584,-0.000274926424,-0.000145973172,0.53691864,146.754379,146.7541,-3.7252903E-09,4.545029E-09,1.95033778E-07,-5.23455235E-09,1,0,4,5993.669,240.566528,1071.53345,3,0,0,0,0,1,0,0,0,0,1,0,0,0,Grip,-3.45495778E-06,0.0178881641
1030,20.60028,19.60028,-0.273241967,0.72586143,531.7675,-0.02089936,-0.00103917858,40.78655,-0.0002742745,-0.000122888014,0.535392761,146.79303,146.792755,-7.450581E-09,5.72391157E-09,6.50245653E-08,-1.04663558E-08,1,0,4,5995.1543,240.45874,1071.05322,3,0,0,0,0,1,0,0,0,0,1,0,0,0,Grip,-3.43604165E-06,0.0178797953
1031,20.6202812,19.6202812,-0.273660064,0.725840747,532.583435,-0.02090483,-0.001040966,40.79723,-0.00027352944,-8.937204E-05,0.5340576,146.831589,146.831314,-1.11758709E-08,7.435847E-09,1.258509E-07,-1.56954219E-08,1,0,4,5996.63672,240.351181,1070.57422,3,0,0,0,0,1,0,0,0,0,1,0,0,0,Grip,-4.327277E-06,0.0178714134
1032,20.6402817,19.6402817,-0.27407828,0.725820065,533.3996,-0.0209102873,-0.001041949,40.8078842,-0.0002728775,-4.915055E-05,0.5327225,146.870041,146.869766,-1.67638063E-08,8.562231E-09,9.354545E-08,-2.35369875E-08,1,0,4,5998.11426,240.244064,1070.097,3,0,0,0,0,1,0,0,0,0,1,0,0,0,Grip,-5.62150035E-06,0.0178630445
1033,20.6602821,19.6602821,-0.2744966,0.725799263,534.215942,-0.02091573,-0.00104208314,40.818512,-0.000272132456,-6.70552254E-06,0.5313873,146.908386,146.908112,-2.04890966E-08,7.28987448E-09,1.54372714E-07,-2.875994E-08,1,0,4,5999.58838,240.1372,1069.62109,3,0,0,0,0,1,0,0,0,0,1,0,0,0,Grip,-6.4730466E-06,0.0178547576
1034,20.6802826,19.6802826,-0.274915,0.7257786,535.032532,-0.0209211577,-0.00104136812,40.829113,-0.0002713874,3.57511453E-05,0.5300522,146.946655,146.946381,-2.42143869E-08,5.43147571E-09,2.15200444E-07,-3.39801929E-08,1,0,4,6001.05859,240.030746,1069.14685,3,0,0,0,0,1,0,0,0,0,1,0,0,0,Grip,-5.511145E-06,0.0178464539
1035,20.7002831,19.7002831,-0.275333554,0.725757957,535.8493,-0.0209265724,-0.00103999779,40.8396873,-0.000270735472,6.851624E-05,0.528717041,146.984818,146.984543,-2.23517418E-08,2.44087417E-09,1.82957947E-07,-3.1358212E-08,1,0,4,6002.52539,239.92453,1068.67383,3,0,0,0,0,1,0,0,0,0,1,0,0,0,Grip,-4.10619532E-06,0.0178381354
1036,20.7202835,19.7202835,-0.2757522,0.725737333,536.6663,-0.0209319741,-0.00103818055,40.850235,-0.000270083547,9.086216E-05,0.5273819,147.022888,147.022629,-1.67638063E-08,5.678388E-11,1.50777E-07,-2.35125857E-08,1,0,4,6003.988,239.8187,1068.20239,3,0,0,0,0,1,0,0,0,0,1,0,0,0,Grip,-1.84530086E-06,0.0178298652
1037,20.740284,19.740284,-0.276170939,0.7257168,537.4835,-0.02093736,-0.00103581219,40.8607559,-0.0002693385,0.000118417665,0.526046753,147.060852,147.0606,-1.3038516E-08,-5.98273764E-10,2.11697525E-07,-1.82828579E-08,1,0,4,6005.447,239.7132,1067.73242,3,0,0,0,0,1,0,0,0,0,1,0,0,0,Grip,-4.29286118E-08,0.0178216733
1038,20.7602844,19.7602844,-0.276589781,0.7256963,538.300964,-0.0209427364,-0.00103317585,40.87125,-0.0002687797,0.000131817069,0.5247116,147.098724,147.098465,-1.3038516E-08,1.77309334E-09,8.632301E-08,-1.8278163E-08,1,0,4,6006.903,239.607925,1067.26355,3,0,0,0,0,1,0,0,0,0,1,0,0,0,Grip,4.52294955E-07,0.0178134665
1039,20.7802849,19.7802849,-0.277008742,0.725675762,539.1186,-0.020948099,-0.00103019678,40.8817139,-0.000268127769,0.0001489534,0.52318573,147.1365,147.136246,-1.67638063E-08,2.37564723E-09,-4.36529923E-08,-2.3494481E-08,1,0,4,6008.35449,239.503036,1066.79639,3,0,0,0,0,1,0,0,0,0,1,0,0,0,Grip,-1.34045854E-06,0.0178053044
1040,20.8002853,19.8002853,-0.277427822,0.7256554,539.936462,-0.0209534448,-0.001026756,40.89215,-0.000267289579,0.000172038563,0.5218506,147.174179,147.17392,-1.86264515E-08,3.57442032E-09,1.1033918E-07,-2.60983146E-08,1,0,4,6009.803,239.3984,1066.33032,3,0,0,0,0,1,0,0,0,0,1,0,0,0,Grip,-1.79598931E-06,0.0177972279
1041,20.8202858,19.8202858,-0.277847,0.725635052,540.7545,-0.0209587775,-0.00102309173,40.90256,-0.000266637653,0.000183214433,0.520515442,147.211746,147.211487,-2.04890966E-08,3.5708676E-09,7.809747E-08,-2.87008426E-08,1,0,4,6011.24756,239.294113,1065.86584,3,0,0,0,0,1,0,0,0,0,1,0,0,0,Grip,-2.70226178E-06,0.0177891329
1042,20.8402863,19.8402863,-0.278266281,0.725614846,541.572754,-0.0209640972,-0.00101932324,40.91295,-0.000265985727,0.000188424019,0.519371033,147.249237,147.248962,-1.86264515E-08,3.563981E-09,1.43589773E-07,-2.60850488E-08,1,0,4,6012.688,239.19017,1065.40283,3,0,0,0,0,1,0,0,0,0,1,0,0,0,Grip,-2.69957582E-06,0.0177810229
1043,20.8602867,19.8602867,-0.278685659,0.7255947,542.391235,-0.020969402,-0.001015525,40.92331,-0.000265240669,0.000189914135,0.5180359,147.286621,147.286362,-1.86264515E-08,2.34476438E-09,2.04480614E-07,-2.60784443E-08,1,0,4,6014.125,239.086548,1064.94128,3,0,0,0,0,1,0,0,0,0,1,0,0,0,Grip,-2.69436964E-06,0.017773021
1044,20.8802872,19.8802872,-0.279105157,0.7255746,543.2099,-0.0209746938,-0.00101172668,40.9336433,-0.000264588743,0.000189914135,0.516700745,147.323929,147.323669,-1.49011612E-08,1.14637033E-09,1.72269438E-07,-2.085749E-08,1,0,4,6015.559,238.983154,1064.48071,3,0,0,0,0,1,0,0,0,0,1,0,0,0,Grip,-1.77264178E-06,0.0177650042
1045,20.9002876,19.9002876,-0.279524744,0.725554466,544.0288,-0.0209799726,-0.001007854,40.94395,-0.000263936818,0.0001936336,0.5153656,147.36113,147.36087,-1.3038516E-08,5.29233268E-10,1.40028249E-07,-1.82457089E-08,1,0,4,6016.989,238.880157,1064.022,3,0,0,0,0,1,0,0,0,0,1,0,0,0,Grip,-8.66655967E-07,0.0177570023
1046,20.9202881,19.9202881,-0.27994445,0.725534558,544.8479,-0.0209852383,-0.00100381731,40.95423,-0.0002632849,0.000201835064,0.514030457,147.398239,147.397964,-1.49011612E-08,2.30979458E-09,1.07787237E-07,-2.08470023E-08,1,0,4,6018.41553,238.7774,1063.56421,3,0,0,0,0,1,0,0,0,0,1,0,0,0,Grip,-4.00100333E-07,0.0177490152
1047,20.9402885,19.9402885,-0.280364245,0.72551465,545.6672,-0.0209904891,-0.0009999744,40.9644852,-0.000262539834,0.000192143489,0.5126953,147.435242,147.434982,-1.3038516E-08,2.27713359E-09,1.68678611E-07,-1.82365625E-08,1,0,4,6019.838,238.675,1063.10815,3,0,0,0,0,1,0,0,0,0,1,0,0,0,Grip,-1.7462047E-06,0.0177411065
1048,20.960289,19.960289,-0.28078416,0.725495,546.4867,-0.0209957268,-0.0009961165,40.9747162,-0.0002618879,0.000192894368,0.5115509,147.472153,147.4719,-1.11758709E-08,4.040183E-09,2.34171708E-07,-1.56274353E-08,1,0,4,6021.2583,238.572784,1062.65283,3,0,0,0,0,1,0,0,0,0,1,0,0,0,Grip,-1.721513E-06,0.01773318
1049,20.98029,19.98029,-0.2812042,0.725475252,547.3064,-0.0210009534,-0.0009926609,40.98492,-0.0002613291,0.000172783621,0.510215759,147.508987,147.508728,-1.11758709E-08,2.21303442E-09,1.08798893E-07,-1.56235433E-08,1,0,4,6022.67334,238.471039,1062.19958,3,0,0,0,0,1,0,0,0,0,1,0,0,0,Grip,-3.054378E-06,0.0177253038
1050,21.00029,20.00029,-0.281624317,0.725455642,548.1263,-0.0210061669,-0.0009892201,40.9951,-0.0002606772,0.000172038563,0.5088806,147.545731,147.545456,-5.58793545E-09,-2.55280219E-09,7.66473462E-08,-7.809832E-09,1,0,4,6024.086,238.369492,1061.74731,3,0,0,0,0,1,0,0,0,0,1,0,0,0,Grip,-1.67305393E-06,0.01771744
