tick,time,measurement_time,pos_x,pos_y,pos_z,vel_x,vel_y,vel_z,accel_x,accel_y,accel_z,speed_kph,forward_speed_kph,lateral_speed_mps,yaw_rate_rad_s,lateral_accel_mps2,slip_angle_deg,slip_angle_valid,airborne,grounded_wheels,engine_rpm,engine_torque,drivetrain_torque,gear,shifting,nitrous_active,nitrous_seconds,raw_steering,raw_throttle,raw_brake,raw_handbrake,raw_nitrous,final_steering,final_throttle,final_brake,final_handbrake,final_nitrous,handling,assist_yaw_torque,average_longitudinal_slip
52,1.0399996,0.0399996042,4.784309E-09,0.676981032,17.8185463,5.699517E-09,0.0588636734,12.0281706,-5.537264E-08,-0.23693946,-9.492397,43.9854622,43.9687843,1.09943263E-08,-6.46328058E-09,-5.95647549E-08,5.23895132E-08,1,0,4,900,25.5528011,238.4015,1,0,0,0,0,1,0,0,0,0,0.13,0.78,0,0,Grip,4.952769E-06,0.388284981
53,1.05999959,0.0599995852,4.908411E-09,0.678072453,18.0551338,4.4471884E-09,0.0543307364,11.8274679,-6.261642E-08,-0.226646855,-10.0351334,43.30193,43.28583,1.11628395E-08,-6.49194343E-09,-6.833186E-08,5.4094933E-08,1,0,4,1035.37622,50.68067,472.8385,1,0,0,0,0,1,0,0,0,0,0.26,0.559999943,0,0,Grip,4.88624E-06,0.282412231
54,1.07999957,0.0799995661,5.00104E-09,0.6790759,18.288044,3.35917227E-09,0.0499362051,11.6435881,-5.44008074E-08,-0.219726563,-9.193993,42.5793343,42.56372,1.14479173E-08,-6.41633235E-09,-6.08051E-08,5.635229E-08,1,0,4,1417.19434,79.47762,741.507141,1,0,0,0,0,1,0,0,0,0,0.39,0.339999944,0,0,Grip,4.907909E-06,0.0511295646
55,1.09999955,0.09999955,5.05039033E-09,0.6799737,18.5202656,2.0478077E-09,0.0457512178,11.61803,-6.556823E-08,-0.209249377,-1.27792358,41.9173,41.90215,1.15193828E-08,-6.030784E-09,-6.661231E-08,5.68277656E-08,1,0,4,1799.01245,117.736855,1098.45654,1,0,0,0,0,1,0,0,0,0,0.52,0.119999945,0,0,Grip,4.85074725E-06,0.0288403668
56,1.11999953,0.119999528,5.07564968E-09,0.6807865,18.7532043,4.37393843E-10,0.0428464748,11.6646242,-8.052069E-08,-0.145237148,2.329731,41.82523,41.81095,1.10678355E-08,-4.842652E-09,-7.83933842E-08,5.438033E-08,1,0,4,2180.83057,167.903229,1566.49683,1,0,0,0,0,1,0,0,0,0,0.65,0,0,0,Grip,4.55927238E-06,0.03793411
57,1.13999951,0.139999509,5.07763254E-09,0.681570053,18.9874611,-1.18344134E-09,0.04258633,11.7398624,-8.104176E-08,-0.0130072236,3.76191139,41.99293,41.97998,1.06377076E-08,-4.85112572E-09,-7.724637E-08,5.19299626E-08,1,0,4,2562.64868,230.445251,2149.99878,1,0,0,0,0,1,0,0,0,0,0.78,0,0,0,Grip,3.66104473E-06,0.0471604019
58,1.15999949,0.15999949,5.052096E-09,0.682397842,19.2234745,-2.76275447E-09,0.0458470546,11.8354454,-7.89656553E-08,0.163036212,4.779148,42.2637825,42.2524071,1.02800062E-08,-4.841908E-09,-7.368756E-08,4.977646E-08,1,0,4,2944.4668,303.0814,2827.67651,1,0,0,0,0,1,0,0,0,0,0.909999967,0,0,0,Grip,3.667451E-06,0.07591475
59,1.17999947,0.179999471,5.01046E-09,0.683352232,19.4613819,-4.329316E-09,0.05292667,11.9351969,-7.832808E-08,0.3539808,4.98757362,42.60792,42.598156,9.949879E-09,-4.85760676E-09,-7.234473E-08,4.77734474E-08,1,0,4,3326.285,364.814636,3403.633,1,0,0,0,0,1,0,0,0,0,1,0,0,0,Grip,3.66048243E-06,0.1627983
60,1.19999945,0.199999452,4.95007146E-09,0.6845113,19.7009869,-5.74865E-09,0.06355628,12.0224743,-7.09667E-08,0.53148067,4.36387062,42.96713,42.9588547,9.760498E-09,-4.85106266E-09,-6.531697E-08,4.652233E-08,1,0,4,3708.103,383.4136,3577.157,1,0,0,0,0,1,0,0,0,0,1,0,0,0,Grip,3.67235066E-06,0.02357035
61,1.21999943,0.219999433,4.873648E-09,0.6859306,19.94275,-7.10743E-09,0.0769199058,12.1321726,-6.793901E-08,0.6681811,5.484915,43.28151,43.274498,9.669228E-09,-4.84381335E-09,-6.031761E-08,4.56691E-08,1,0,4,3729.479,383.971741,3582.36426,1,0,0,0,0,1,0,0,0,0,1,0,0,0,Grip,3.66740323E-06,0.0986755043
62,1.23999941,0.239999413,4.786953E-09,0.6876515,20.1869125,-8.379891E-09,0.09222037,12.2528152,-6.362302E-08,0.7650234,6.032133,43.6767,43.6707726,9.689156E-09,-4.83631668E-09,-5.466952E-08,4.53112357E-08,1,0,4,4111.29736,386.18573,3603.02,1,0,0,0,0,1,0,0,0,0,1,0,0,0,Grip,3.66192285E-06,0.07498707
63,1.25999939,0.2599994,4.64900252E-09,0.689699769,20.433588,-9.52185E-09,0.108664826,12.37826,-5.709797E-08,0.82222265,6.27222061,44.11138,44.1064034,9.86814E-09,-4.77129625E-09,-4.719491E-08,4.56792222E-08,1,0,4,4165.06543,385.3349,3595.082,1,0,0,0,0,1,0,0,0,0,1,0,0,0,Grip,3.65625533E-06,0.0943859443
64,1.27999938,0.279999375,4.48572157E-09,0.6920849,20.6828423,-1.09397735E-08,0.125438571,12.505826,-7.089618E-08,0.8386873,6.378317,44.56345,44.5592842,9.787465E-09,-4.735866E-09,-6.022484E-08,4.48423627E-08,1,0,4,4348.777,373.755951,3487.05322,1,0,0,0,0,1,0,0,0,0,1,0,0,0,Grip,3.60709987E-06,0.0463574044
65,1.29999936,0.299999356,4.307343E-09,0.6948004,20.934721,-1.23012436E-08,0.141744584,12.6348257,-6.80735042E-08,0.815300643,6.4499855,45.02324,45.01978,9.77526948E-09,-4.69858E-09,-5.66775036E-08,4.432803E-08,1,0,4,4037.75732,386.883331,3609.52856,1,0,0,0,0,1,0,0,0,0,1,0,0,0,Grip,3.58031457E-06,0.05247453
66,1.31999934,0.319999337,4.119157E-09,0.69782424,21.1892586,-1.35235139E-08,0.156861618,12.765089,-6.111352E-08,0.755851746,6.51316643,45.4882355,45.4853935,9.912921E-09,-4.65331729E-09,-4.899801E-08,4.44924062E-08,1,0,4,4124.59375,386.002136,3601.30713,1,0,0,0,0,1,0,0,0,0,1,0,0,0,Grip,3.5521266E-06,0.0519066229
67,1.33999932,0.339999318,3.85490573E-09,0.7011222,21.4464436,-1.45919614E-08,0.170188859,12.89447,-5.342238E-08,0.666362047,6.469059,45.95779,45.9554977,1.0242891E-08,-4.62250638E-09,-4.07894731E-08,4.55111078E-08,1,0,4,4162.093,385.389465,3595.591,1,0,0,0,0,1,0,0,0,0,1,0,0,0,Grip,3.51790777E-06,0.05168499
68,1.3599993,0.3599993,3.59286267E-09,0.7046499,21.7062683,-1.615073E-08,0.181239873,13.0229969,-7.793846E-08,0.552550733,6.42633438,46.4241371,46.4223251,1.0079507E-08,-4.54977345E-09,-6.479868E-08,4.434232E-08,1,0,4,4202.37842,384.459717,3586.91675,1,0,0,0,0,1,0,0,0,0,1,0,0,0,Grip,3.4946147E-06,0.05169758
69,1.37999928,0.37999928,3.30680128E-09,0.708356,21.9687023,-1.73479737E-08,0.189668357,13.1500473,-5.986216E-08,0.4214242,6.35252,46.8873253,46.8859444,1.09181961E-08,-6.88051749E-09,-4.599215E-08,4.75671342E-08,1,0,4,4243.976,381.486725,3559.17944,1,0,0,0,0,1,0,0,0,0,1,0,0,0,Grip,3.4396287E-06,0.0516496524
70,1.39999926,0.399999261,2.98865377E-09,0.7121842,22.23372,-1.87738411E-08,0.195262924,13.2756147,-7.129337E-08,0.279728323,6.278372,47.3450928,47.3440857,1.15509255E-08,-6.81387835E-09,-5.67217775E-08,4.98471948E-08,1,0,4,4284.71973,378.5205,3531.50537,1,0,0,0,0,1,0,0,0,0,1,0,0,0,Grip,5.20167123E-06,0.051770702
71,1.41999924,0.419999242,2.66026556E-09,0.7160759,22.5012875,-2.02695958E-08,0.197946116,13.39973,-7.47877351E-08,0.134159625,6.20574951,47.7973824,47.7966957,1.2123369E-08,-6.715557E-09,-5.95385679E-08,5.1832604E-08,1,0,4,4326.22949,375.446533,3502.826,1,0,0,0,0,1,0,0,0,0,1,0,0,0,Grip,5.151292E-06,0.05199513
72,1.43999922,0.439999223,2.33813013E-09,0.7199737,22.7713737,-2.16211049E-08,0.197764486,13.5224209,-6.75754563E-08,-0.009081513,6.13455772,48.24429,48.2438736,1.28426656E-08,-6.592186E-09,-5.167175E-08,5.44096039E-08,1,0,4,4368.06348,372.2987,3473.45752,1,0,0,0,0,1,0,0,0,0,1,0,0,0,Grip,5.076961E-06,0.0522802733
73,1.4599992,0.4599992,1.98730943E-09,0.723822951,23.0439453,-2.27215491E-08,0.194869339,13.64372,-5.502221E-08,-0.14475733,6.0649395,48.6859169,48.68571,1.3839708E-08,-6.53221166E-09,-3.84858225E-08,5.811255E-08,1,0,4,4409.958,369.099426,3443.60913,1,0,0,0,0,1,0,0,0,0,1,0,0,0,Grip,4.983692E-06,0.05259047
74,1.47999918,0.479999185,1.629856E-09,0.7275731,23.31897,-2.39317863E-08,0.1894961,13.7636585,-6.05118657E-08,-0.268661976,5.99694252,49.1224,49.1223259,1.47400812E-08,-6.42850573E-09,-4.3363837E-08,6.13542142E-08,1,0,4,4451.65771,365.871582,3413.494,1,0,0,0,0,1,0,0,0,0,1,0,0,0,Grip,4.938352E-06,0.05289259
75,1.49999917,0.499999166,1.24974409E-09,0.731180131,23.5964184,-2.503297E-08,0.181943968,13.8822317,-5.50591572E-08,-0.3776066,5.92865944,49.5538673,49.55386,1.57733542E-08,-6.359417E-09,-3.73254245E-08,6.50949161E-08,1,0,4,4492.93555,362.63678,3383.314,1,0,0,0,0,1,0,0,0,0,1,0,0,0,Grip,4.85995E-06,0.05326326
76,1.51999915,0.519999146,8.39924463E-10,0.7346064,23.8762455,-2.618341E-08,0.1725517,13.9991255,-5.75219872E-08,-0.469613075,5.84468842,49.9803238,49.9803123,1.67826268E-08,-6.30374331E-09,-3.92766175E-08,6.868256E-08,1,0,4,4534.44434,359.3472,3352.623,1,0,0,0,0,1,0,0,0,0,1,0,0,0,Grip,4.807719E-06,0.05456473
77,1.53999913,0.5399991,4.32588854E-10,0.737821341,24.1584282,-2.74289267E-08,0.161673322,14.1148243,-6.227587E-08,-0.5439192,5.78494072,50.4006767,50.4005737,1.77059736E-08,-6.17829432E-09,-4.34689866E-08,7.186835E-08,1,0,4,4583.3374,355.429169,3316.06885,1,0,0,0,0,1,0,0,0,0,1,0,0,0,Grip,4.76563E-06,0.05487466
78,1.55999911,0.5599991,2.30528929E-11,0.7408016,24.44293,-2.8477718E-08,0.1496743,14.2292194,-5.24395638E-08,-0.5999513,5.719757,50.8167,50.816433,1.8840641E-08,-6.072193E-09,-3.31117462E-08,7.58602638E-08,1,0,4,4623.663,352.165741,3285.62183,1,0,0,0,0,1,0,0,0,0,1,0,0,0,Grip,4.67079053E-06,0.05517672
79,1.57999909,0.5799991,-3.934666E-10,0.7435312,24.72973,-2.941387E-08,0.136909664,14.3425732,-4.68076244E-08,-0.638231635,5.66768646,51.22802,51.2275276,1.87386089E-08,-1.20859533E-09,-2.74761636E-08,7.48543E-08,1,0,4,4663.665,348.902771,3255.179,1,0,0,0,0,1,0,0,0,0,1,0,0,0,Grip,4.59057765E-06,0.0548037663
80,1.59999907,0.59999907,-8.798813E-10,0.7460008,25.0187988,-2.988265E-08,0.123717882,14.4548941,-2.343894E-08,-0.6595891,5.616045,51.6356125,51.63482,1.913757E-08,-1.31452715E-09,-4.108549E-09,7.5855155E-08,1,0,4,4697.64258,346.113,3229.15112,1,0,0,0,0,1,0,0,0,0,1,0,0,0,Grip,9.13698045E-07,0.05422117
81,1.619999,0.619999051,-1.40474676E-09,0.74820745,25.3101158,-3.077132E-08,0.110408425,14.5662851,-4.44336123E-08,-0.6654728,5.56955338,52.0395241,52.03839,1.49605413E-08,1.29902222E-08,-2.668433E-08,5.884618E-08,1,0,4,4729.528,343.4812,3204.59717,1,0,0,0,0,1,0,0,0,0,1,0,0,0,Grip,9.937825E-07,0.0533312932
82,1.639999,0.639999032,-1.92238114E-09,0.750153542,25.603651,-3.05141157E-08,0.09725608,14.6765146,1.28602906E-08,-0.657617331,5.51147461,52.4401321,52.43861,1.2596864E-08,1.05350839E-08,2.92887457E-08,4.91773982E-08,1,0,4,4758.43457,341.084747,3182.23877,1,0,0,0,0,1,0,0,0,0,1,0,0,0,Grip,-9.820607E-06,0.0529821739
83,1.659999,0.659999,-2.46466469E-09,0.751846552,25.8993855,-2.99541618E-08,0.0844907761,14.7856464,2.79976931E-08,-0.6382652,5.45659065,52.8366127,52.83468,9.108842E-09,1.51716915E-08,4.262453E-08,3.529837E-08,1,0,4,4791.68848,338.316833,3156.41479,1,0,0,0,0,1,0,0,0,0,1,0,0,0,Grip,-7.964523E-06,0.05265639
84,1.679999,0.679999,-3.03750181E-09,0.7532973,26.1972885,-2.89326039E-08,0.07229965,14.8937149,5.10778975E-08,-0.6095562,5.40342331,53.2291946,53.22684,6.0538845E-09,1.496642E-08,6.394999E-08,2.328993E-08,1,0,4,4824.78369,335.551666,3130.61646,1,0,0,0,0,1,0,0,0,0,1,0,0,0,Grip,-1.14697987E-05,0.052269157
85,1.699999,0.699999,-3.59162255E-09,0.754519939,26.4973412,-2.78662888E-08,0.06082868,15.0007391,5.33157518E-08,-0.5735487,5.35120964,53.6180038,53.6152267,3.71681352E-09,1.24807524E-08,6.473157E-08,1.41971093E-08,1,0,4,4856.9917,332.851868,3105.428,1,0,0,0,0,1,0,0,0,0,1,0,0,0,Grip,-1.13146125E-05,0.0518416464
86,1.719999,0.719998956,-4.13422541E-09,0.7555307,26.79952,-2.65864291E-08,0.0501843,15.1067362,6.399299E-08,-0.532219,5.29985428,54.0031,53.9999123,1.558929E-09,1.2372193E-08,7.39883461E-08,5.9129146E-09,1,0,4,4888.495,330.203918,3080.72339,1,0,0,0,0,1,0,0,0,0,1,0,0,0,Grip,-9.435448E-06,0.05138334
87,1.73999894,0.739998937,-4.6644133E-09,0.756347239,27.1038017,-2.51109178E-08,0.04043643,15.2117224,7.377557E-08,-0.487393349,5.24930954,54.38455,54.38097,-4.3749715E-10,1.2256451E-08,8.238541E-08,-1.64795866E-09,1,0,4,4919.37061,327.602966,3056.457,1,0,0,0,0,1,0,0,0,0,1,0,0,0,Grip,-9.353377E-06,0.0509043038
88,1.75999892,0.7599989,-5.15428233E-09,0.7569881,27.4101677,-2.349556E-08,0.0316231363,15.315712,8.07679257E-08,-0.4406648,5.19948,54.76239,54.7584572,-1.60093983E-09,9.807503E-09,8.82740139E-08,-5.989496E-09,1,0,4,4949.70264,325.043274,3032.57568,1,0,0,0,0,1,0,0,0,0,1,0,0,0,Grip,-9.26587654E-06,0.05041321
89,1.7799989,0.7799989,-5.61726043E-09,0.7574719,27.7185955,-2.17505711E-08,0.0237541068,15.4187193,8.724941E-08,-0.393451482,5.150366,55.1366768,55.13242,-2.66354228E-09,9.726862E-09,9.367878E-08,-9.898426E-09,1,0,4,4979.565,322.519684,3009.03125,1,0,0,0,0,1,0,0,0,0,1,0,0,0,Grip,-7.41447229E-06,0.0499175042
90,1.79999888,0.7999989,-6.04659256E-09,0.7578172,28.029068,-1.9920682E-08,0.0168158468,15.5207558,9.149446E-08,-0.346913,5.101824,55.5074539,55.5029068,-3.6694896E-09,9.656789E-09,9.68734355E-08,-1.35472025E-08,1,0,4,5009.025,320.027679,2985.78149,1,0,0,0,0,1,0,0,0,0,1,0,0,0,Grip,-7.3535075E-06,0.0494234227
91,1.81999886,0.81999886,-6.445571E-09,0.7580418,28.34156,-1.79777775E-08,0.01077559,15.6218319,9.71452252E-08,-0.302012831,5.0538063,55.874752,55.8699646,-4.58921967E-09,9.574999E-09,1.01499616E-07,-1.68331411E-08,1,0,4,5038.137,317.5635,2962.79126,1,0,0,0,0,1,0,0,0,0,1,0,0,0,Grip,-7.300532E-06,0.04893574
92,1.83999884,0.839998841,-6.770965E-09,0.758162737,28.6560574,-1.59823248E-08,0.005585775,15.7219582,9.97726346E-08,-0.2594908,5.00631332,56.2386055,56.23362,-5.4829723E-09,9.580534E-09,1.03127718E-07,-1.99833714E-08,1,0,4,5066.94873,315.124023,2940.03149,1,0,0,0,0,1,0,0,0,0,1,0,0,0,Grip,-7.238699E-06,0.04845823
93,1.85999882,0.8599988,-7.050345E-09,0.7581956,28.9725361,-1.359611E-08,0.00118789228,15.8211441,1.19310741E-07,-0.219894141,4.959297,56.5990524,56.5939064,-6.00958749E-09,9.512721E-09,1.21691286E-07,-2.1765409E-08,1,0,4,5095.496,312.707062,2917.48169,1,0,0,0,0,1,0,0,0,0,1,0,0,0,Grip,-7.24288338E-06,0.0479937047
94,1.8799988,0.8799988,-7.27697325E-09,0.7581548,29.2909813,-1.11380931E-08,-0.00248367037,15.9194,1.22900843E-07,-0.183578148,4.91280556,56.9561157,56.95085,-6.48678755E-09,9.455827E-09,1.24331152E-07,-2.334874E-08,1,0,4,5123.807,310.3109,2895.12622,1,0,0,0,0,1,0,0,0,0,1,0,0,0,Grip,-7.191617E-06,0.0475437939
95,1.89999878,0.8999988,-7.464627E-09,0.758053839,29.611372,-8.57337845E-09,-0.00549871242,16.0167351,1.2823574E-07,-0.150752112,4.866743,57.30984,57.30449,-6.87851642E-09,9.36735844E-09,1.28739629E-07,-2.4608287E-08,1,0,4,5151.90234,307.93454,2872.95532,1,0,0,0,0,1,0,0,0,0,1,0,0,0,Grip,-7.148605E-06,0.04710953
96,1.91999876,0.919998765,-7.601106E-09,0.7579041,29.933691,-6.043158E-09,-0.007929192,16.1131554,1.26511026E-07,-0.121523976,4.8210144,57.660244,57.6548462,-7.3246893E-09,9.30498E-09,1.26111871E-07,-2.60476849E-08,1,0,4,5179.79639,305.577454,2850.96436,1,0,0,0,0,1,0,0,0,0,1,0,0,0,Grip,-7.08172274E-06,0.0466915
97,1.93999875,0.939998746,-7.70575248E-09,0.7577159,30.2579174,-3.44442963E-09,-0.009846115,16.2086735,1.29936424E-07,-0.09584613,4.77590561,58.0073662,58.00194,-7.721557E-09,9.202685E-09,1.28657163E-07,-2.729717E-08,1,0,4,5207.49854,303.2394,2829.151,1,0,0,0,0,1,0,0,0,0,1,0,0,0,Grip,-7.03456453E-06,0.0462894551
98,1.95999873,0.9599987,-7.76404E-09,0.7574981,30.5840359,-9.53905E-10,-0.0113181183,16.303299,1.24526238E-07,-0.07360019,4.73127365,58.35124,58.3458138,-8.244303E-09,9.133493E-09,1.22389309E-07,-2.897599E-08,1,0,4,5235.01172,300.920746,2807.51831,1,0,0,0,0,1,0,0,0,0,1,0,0,0,Grip,-6.95722974E-06,0.0459030159
99,1.97999871,0.9799987,-7.773613E-09,0.7572583,30.9120274,1.56595958E-09,-0.0124101453,16.39704,1.25993225E-07,-0.05460135,4.687023,58.6918869,58.6864929,-8.754116E-09,9.068176E-09,1.23020669E-07,-3.059188E-08,1,0,4,5262.33838,298.621857,2786.07031,1,0,0,0,0,1,0,0,0,0,1,0,0,0,Grip,-6.90492061E-06,0.04553143
100,1.99999869,0.9999987,-7.733451E-09,0.757002831,31.2418766,4.124182E-09,-0.013182506,16.4899025,1.27911122E-07,-0.0386180356,4.643154,59.0293541,59.024,-9.240809E-09,9.003807E-09,1.24124568E-07,-3.211076E-08,1,0,4,5289.477,296.343384,2764.8125,1,0,0,0,0,1,0,0,0,0,1,0,0,0,Grip,-6.855541E-06,0.0451738834
101,2.01999879,1.01999879,-7.653149E-09,0.7567371,31.5735664,6.717466E-09,-0.0136901494,16.5819016,1.29664215E-07,-0.0253821723,4.5999527,59.3636665,59.3583679,-8.91716E-09,6.534453E-09,1.25303728E-07,-3.081415E-08,1,0,4,5316.424,294.086151,2743.75317,1,0,0,0,0,1,0,0,0,0,1,0,0,0,Grip,-6.80687754E-06,0.04482924
102,2.03999877,1.03999877,0.000338163518,0.756465435,31.9070683,0.0213987,-0.0139826611,16.67258,1.06993473,-0.0146255828,4.53395844,59.6948662,59.6896324,0.0163045488,0.0151335709,1.06855023,0.05603545,1,0,4,5343.174,291.850983,2722.89966,1,0,0,0,0.12,1,0,0,0,0.04570386,1,0,0,0,Grip,38.19265,0.044496417
103,2.05999875,1.05999875,0.0009979984,0.756191134,32.2423668,0.0407049321,-0.0141130984,16.7623882,0.9653116,-0.00652186573,4.49037552,60.02136,60.0161743,0.0258799978,0.0287054237,0.961342037,0.0884674639,1,0,4,5369.723,289.638641,2702.259,1,0,0,0,0.12,1,0,0,0,0.045641344,1,0,0,0,Grip,26.9080849,0.04418894
104,2.07999873,1.07999873,0.0019749,0.755916357,32.5794449,0.0588549152,-0.014120874,16.85139,0.9074992,-0.0003887806,4.45013046,60.3447952,60.33966,0.0300891642,0.04083164,0.8999053,0.10231223,1,0,4,5396.04443,287.451782,2681.8562,1,0,0,0,0.12,1,0,0,0,0.0455794148,1,0,0,0,Grip,16.8021488,0.0438977629
105,2.09999871,1.09999871,0.00327363145,0.7556431,32.9182854,0.07657364,-0.0140359709,16.93958,0.88593626,0.00424515456,4.409504,60.6653976,60.6603165,0.0300612152,0.0516026579,0.873831153,0.101684429,1,0,4,5422.21729,285.284149,2661.63257,1,0,0,0,0.12,1,0,0,0,0.0455180258,1,0,0,0,Grip,7.7872076,0.0436149165
106,2.11999869,1.11999869,0.004906196,0.755372465,33.25887,0.09441557,-0.0138829527,17.0269566,0.8920964,0.007650908,4.368782,60.9831352,60.97815,0.0267280787,0.0611209162,0.8747299,0.08994524,1,0,4,5448.19043,283.14032,2641.631,1,0,0,0,0.12,1,0,0,0,0.045457188,1,0,0,0,Grip,-0.205075935,0.04333864
107,2.13999867,1.13999867,0.006890093,0.755105853,33.60119,0.112797186,-0.0136811081,17.1135159,0.9190809,0.0100922305,4.327965,61.2980042,61.29313,0.0208546,0.06949447,0.8958254,0.06982428,1,0,4,5473.94531,281.0222,2621.86963,1,0,0,0,0.12,1,0,0,0,0.0453968979,1,0,0,0,Grip,-7.25216341,0.0430674478
108,2.15999866,1.15999866,0.00924692,0.754843354,33.9452248,0.1320258,-0.0134467464,17.1992569,0.9614304,0.0117180869,4.287052,61.6100159,61.6052551,0.013067171,0.07683017,0.9317678,0.04353229,1,0,4,5499.468,278.931122,2602.36035,1,0,0,0,0.12,1,0,0,0,0.0453371555,1,0,0,0,Grip,-13.4357195,0.0428011566
109,2.17999864,1.17999864,0.0120012313,0.7545857,34.2909546,0.152321562,-0.0131918751,17.28418,1.01478851,0.0127435662,4.24613953,61.9191628,61.9145279,0.00387611985,0.0832320154,0.978297055,0.0128494091,1,0,4,5524.75732,276.86734,2583.10571,1,0,0,0,0.12,1,0,0,0,0.04527796,1,0,0,0,Grip,-18.83652,0.0425391048
110,2.19999862,1.19999862,0.01517962,0.754333,34.63837,0.173836425,-0.01292604,17.3682823,1.0757432,0.0132917427,4.20513153,62.2254829,62.22095,-0.006304264,0.08879818,1.03208673,-0.0207972862,1,0,4,5549.80664,274.831635,2564.113,1,0,0,0,0.12,1,0,0,0,0.04521931,1,0,0,0,Grip,-23.5331612,0.04228127
111,2.2199986,1.2199986,0.0188099574,0.7540854,34.9874458,0.196667045,-0.0126565415,17.4515686,1.141531,0.0134749338,4.16431427,62.528965,62.5245247,-0.0171419829,0.09362268,1.0904448,-0.0562793724,1,0,4,5574.61768,272.824036,2545.38281,1,0,0,0,0.12,1,0,0,0,0.0451612,1,0,0,0,Grip,-27.5998688,0.0420276672
112,2.23999858,1.23999858,0.0229208115,0.7538429,35.3381729,0.220869377,-0.012388845,17.5340347,1.21011662,0.0133848283,4.12330627,62.8296471,62.8252678,-0.0283704847,0.09779118,1.15140486,-0.09270435,1,0,4,5599.19141,270.844543,2526.91455,1,0,0,0,0.12,1,0,0,0,0.0451036245,1,0,0,0,Grip,-31.1076775,0.04177688
113,2.25999856,1.25999856,0.0275409948,0.7536051,35.6905365,0.2464681,-0.0121269273,17.6156845,1.279936,0.0130958855,4.082489,63.12755,63.1231956,-0.0397771448,0.101380631,1.21345389,-0.129372135,1,0,4,5623.52832,268.89325,2508.70947,1,0,0,0,0.12,1,0,0,0,0.0450465828,1,0,0,0,Grip,-34.12135,0.0415313356
114,2.27999854,1.27999854,0.03269917,0.753372431,36.0445137,0.273462385,-0.0118732769,17.6965218,1.3497144,0.012682518,4.04186249,63.4226837,63.41833,-0.051196456,0.104463547,1.27536464,-0.165748224,1,0,4,5647.631,266.970062,2490.7666,1,0,0,0,0.12,1,0,0,0,0.0449900739,1,0,0,0,Grip,-36.6990166,0.0412896723
115,2.29999852,1.29999852,0.03842357,0.7531441,36.4000931,0.3018339,-0.0116304709,17.7765465,1.41857564,0.012140302,4.001236,63.7151,63.7107162,-0.0624996424,0.107103936,1.33630526,-0.201426223,1,0,4,5671.5,265.0749,2473.085,1,0,0,0,0.12,1,0,0,0,0.0449340828,1,0,0,0,Grip,-38.89548,0.041052144
116,2.3199985,1.3199985,0.0447418019,0.7529203,36.75726,0.331551671,-0.0113993566,17.8557644,1.48588872,0.0115557108,3.96089554,64.0048,64.0003738,-0.0735877752,0.109358579,1.39567423,-0.236102462,1,0,4,5695.142,263.207336,2455.66113,1,0,0,0,0.12,1,0,0,0,0.0448786132,1,0,0,0,Grip,-40.7591,0.04081827
117,2.33999848,1.33999848,0.0516806319,0.7527004,37.11599,0.36257416,-0.0111812614,17.9341755,1.55112445,0.0109047629,3.920555,64.29185,64.28734,-0.08438861,0.111280657,1.45297837,-0.269563854,1,0,4,5718.555,261.367554,2438.49658,1,0,0,0,0.12,1,0,0,0,0.0448236465,1,0,0,0,Grip,-42.3327827,0.040588215
118,2.35999846,1.35999846,0.05926594,0.75248456,37.4762764,0.394856125,-0.010976065,18.0117874,1.61409831,0.010259822,3.88059616,64.57623,64.5716248,-0.09484738,0.112912953,1.508049,-0.301656,1,0,4,5741.746,259.555023,2421.586,1,0,0,0,0.12,1,0,0,0,0.044769194,1,0,0,0,Grip,-43.6567,0.0403615981
119,2.37999845,1.37999845,0.06752258,0.752272248,37.8380966,0.428345859,-0.0107844975,18.088604,1.67448676,0.009578373,3.840828,64.8580246,64.8533,-0.104928583,0.114296854,1.56058812,-0.332288027,1,0,4,5764.7124,257.769928,2404.93164,1,0,0,0,0.12,1,0,0,0,0.04471524,1,0,0,0,Grip,-44.7631531,0.0401387364
120,2.39999843,1.39999843,0.07647436,0.752063334,38.20144,0.462991238,-0.0106062023,18.16463,1.73226893,0.008914759,3.80134583,65.13724,65.13239,-0.114608079,0.115467295,1.61058915,-0.361405849,1,0,4,5787.463,256.0115,2388.526,1,0,0,0,0.12,1,0,0,0,0.0446617752,1,0,0,0,Grip,-45.6834221,0.039918676
121,2.41999841,1.41999841,0.08614398,0.751857638,38.5662842,0.498737931,-0.0104409847,18.2398739,1.78733468,0.008260878,3.76214981,65.41392,65.40893,-0.123874217,0.116455704,1.65795624,-0.3889953,1,0,4,5809.99268,254.2802,2372.37329,1,0,0,0,0.12,1,0,0,0,0.0446088,1,0,0,0,Grip,-46.4438744,0.03970167
122,2.43999839,1.43999839,0.09655306,0.7516546,38.93262,0.5355327,-0.0102886511,18.31434,1.83973908,0.007616682,3.72333527,65.6880951,65.68295,-0.132722914,0.117289841,1.70275247,-0.4150654,1,0,4,5832.307,252.575455,2356.46826,1,0,0,0,0.12,1,0,0,0,0.0445563,1,0,0,0,Grip,-47.0682564,0.0394875556
123,2.45999837,1.45999837,0.107722126,0.751454532,39.3004341,0.5733232,-0.0101482347,18.3880367,1.88952386,0.007020822,3.68480682,65.959816,65.95451,-0.141158223,0.117993951,1.74503171,-0.439650267,1,0,4,5854.41,250.896988,2340.80859,1,0,0,0,0.12,1,0,0,0,0.0445042737,1,0,0,0,Grip,-47.577507,0.03927602
124,2.47999835,1.47999835,0.11967063,0.7512568,39.6697044,0.6120586,-0.0100195995,18.46097,1.93676949,0.00643176027,3.64665985,66.2291,66.2236557,-0.149188519,0.118588634,1.7848779,-0.462796241,1,0,4,5876.30029,249.2448,2325.394,1,0,0,0,0.12,1,0,0,0,0.0444527119,1,0,0,0,Grip,-47.98993,0.0390670858
125,2.49999833,1.49999833,0.132417008,0.7510613,40.04042,0.6516912,-0.009901808,18.5331478,1.98163092,0.005889591,3.60889435,66.49601,66.4903946,-0.156825364,0.119090363,1.822451,-0.4845586,1,0,4,5897.98438,247.618271,2310.219,1,0,0,0,0.12,1,0,0,0,0.0444016047,1,0,0,0,Grip,-48.32108,0.03886048
126,2.51999831,1.51999831,0.145978689,0.750868,40.4125633,0.692174137,-0.009794012,18.6045761,2.024147,0.00538979657,3.571415,66.7605743,66.7548,-0.164083958,0.119515575,1.85779786,-0.505002439,1,0,4,5919.463,246.017349,2295.28271,1,0,0,0,0.12,1,0,0,0,0.04435095,1,0,0,0,Grip,-48.583374,0.03865606
127,2.53999829,1.53999829,0.160372183,0.7506765,40.78612,0.7334634,-0.009695584,18.6752625,2.06446362,0.004921388,3.534317,67.02282,67.01688,-0.17098248,0.1198778,1.89106333,-0.524200857,1,0,4,5940.739,244.4416,2280.58154,1,0,0,0,0.12,1,0,0,0,0.044300735,1,0,0,0,Grip,-48.78922,0.03845384
128,2.55999827,1.55999827,0.175613031,0.7504868,41.16108,0.7755177,-0.00960523,18.7452145,2.10271478,0.004517706,3.49760056,67.28278,67.27669,-0.1775406,0.120189026,1.92238283,-0.54222995,1,0,4,5961.815,242.890839,2266.11328,1,0,0,0,0.12,1,0,0,0,0.0442509577,1,0,0,0,Grip,-48.9488068,0.03825372
129,2.57999825,1.57999825,0.191715971,0.750298738,41.5374222,0.81829834,-0.00952233747,18.8144417,2.139032,0.00414461829,3.461361,67.5405045,67.534256,-0.183777571,0.1204577,1.951883,-0.5591629,1,0,4,5982.695,241.3646,2251.87378,1,0,0,0,0.12,1,0,0,0,0.04420161,1,0,0,0,Grip,-49.0711823,0.0380555056
130,2.59999824,1.59999824,0.208694935,0.7501122,41.9151344,0.8617692,-0.009445985,18.88295,2.173543,0.003817631,3.42540741,67.79603,67.78962,-0.189713836,0.120692514,1.97970223,-0.575075567,1,0,4,6003.38037,239.86264,2237.86084,1,0,0,0,0.12,1,0,0,0,0.04415268,1,0,0,0,Grip,-49.1627121,0.03785934
131,2.61999822,1.61999822,0.226563111,0.749927163,42.2942,0.905896068,-0.009375174,18.9507484,2.20634341,0.00354056247,3.38993073,68.0493851,68.04282,-0.195370436,0.120901428,2.005925,-0.590043962,1,0,4,6023.878,238.384445,2224.06958,1,0,0,0,0.12,1,0,0,0,0.04410417,1,0,0,0,Grip,-49.2299271,0.03766506
132,2.6399982,1.6399982,0.245332927,0.749743342,42.67461,0.950646937,-0.009309426,19.0178432,2.23754358,0.00328738242,3.35474014,68.3006058,68.29391,-0.200769484,0.1210909,2.03067064,-0.604146361,1,0,4,6044.18652,236.9299,2210.499,1,0,0,0,0.12,1,0,0,0,0.04405607,1,0,0,0,Grip,-49.2788239,0.03747284
133,2.65999818,1.65999818,0.265016258,0.7495607,43.0563469,0.9959935,-0.009247626,19.0842438,2.267328,0.0030899886,3.3200264,68.54973,68.5428848,-0.205929279,0.121264048,2.05411172,-0.617447555,1,0,4,6064.31445,235.4983,2197.14258,1,0,0,0,0.12,1,0,0,0,0.0440083668,1,0,0,0,Grip,-49.3142738,0.03728244
134,2.67999816,1.67999816,0.285624355,0.7493794,43.4394035,1.04190791,-0.009188939,19.1499577,2.29572058,0.0029343646,3.28569412,68.79678,68.7898,-0.210870981,0.121427566,2.07627535,-0.630020559,1,0,4,6084.261,234.089508,2183.99878,1,0,0,0,0.12,1,0,0,0,0.04396106,1,0,0,0,Grip,-49.3386,0.0370940268
135,2.69999814,1.69999814,0.307167828,0.7491991,43.8237572,1.08836508,-0.009133037,19.2149925,2.32285857,0.00279508531,3.25174332,69.04182,69.0347061,-0.215614557,0.121584773,2.097297,-0.641933262,1,0,4,6104.03271,232.703018,2171.06323,1,0,0,0,0.12,1,0,0,0,0.043914143,1,0,0,0,Grip,-49.35684,0.0369076133
136,2.71999812,1.71999812,0.3296569,0.7490199,44.2093964,1.13534379,-0.009078893,19.2793541,2.3489356,0.002707215,3.21807861,69.28485,69.27761,-0.220175385,0.121734746,2.1173737,-0.653239,1,0,4,6123.632,231.338516,2158.33276,1,0,0,0,0.12,1,0,0,0,0.0438676067,1,0,0,0,Grip,-49.3714828,0.0367231369
137,2.739998,1.7399981,0.353101343,0.7488419,44.59631,1.18282127,-0.009026194,19.34305,2.37387419,0.00263494439,3.18479538,69.5259247,69.51855,-0.22457242,0.121884406,2.13642049,-0.66400075,1,0,4,6143.0625,229.995544,2145.80322,1,0,0,0,0.12,1,0,0,0,0.0438214466,1,0,0,0,Grip,-49.3818169,0.03654074
138,2.759998,1.75999808,0.377510458,0.748664856,44.98449,1.23077893,-0.008974493,19.40609,2.397883,0.002585072,3.151989,69.76505,69.75757,-0.228822231,0.122033365,2.15463519,-0.6742734,1,0,4,6162.32861,228.6737,2133.4707,1,0,0,0,0.12,1,0,0,0,0.0437756628,1,0,0,0,Grip,-49.3930359,0.0363603532
139,2.779998,1.77999806,0.402893156,0.748489,45.3739128,1.27919877,-0.008923208,19.4684753,2.42099166,0.00256421044,3.119278,70.00229,69.9946747,-0.2329396,0.122183912,2.1720736,-0.6841061,1,0,4,6181.433,227.37265,2121.33228,1,0,0,0,0.12,1,0,0,0,0.0437302366,1,0,0,0,Grip,-49.40485,0.0361820757
140,2.799998,1.799998,0.429258019,0.7483141,45.7645721,1.32806516,-0.008872252,19.5302181,2.44331956,0.00254781917,3.08713913,70.23765,70.22991,-0.236938953,0.1223361,2.18881655,-0.693545759,1,0,4,6200.37939,226.092056,2109.38452,1,0,0,0,0.12,1,0,0,0,0.04368517,1,0,0,0,Grip,-49.41895,0.0360059179
141,2.819998,1.819998,0.456613451,0.748140335,46.156456,1.377363,-0.008820938,19.5913239,2.46489048,0.00256570056,3.05528641,70.47116,70.46331,-0.240834117,0.122491479,2.2049067,-0.702637136,1,0,4,6219.17139,224.831451,2097.62354,1,0,0,0,0.12,1,0,0,0,0.0436404571,1,0,0,0,Grip,-49.4353676,0.03583184
142,2.839998,1.839998,0.484967381,0.7479675,46.5495453,1.42707884,-0.0087694,19.6517982,2.48579383,0.00257687643,3.02371979,70.7028656,70.6949,-0.24463594,0.122650474,2.220431,-0.7114155,1,0,4,6237.81055,223.590652,2086.047,1,0,0,0,0.12,1,0,0,0,0.0435960926,1,0,0,0,Grip,-49.4552574,0.0356599763
143,2.859998,1.859998,0.514327645,0.747795761,46.9438324,1.47720039,-0.008716985,19.711647,2.50607729,0.00262078829,2.99243927,70.93277,70.9247,-0.2483567,0.122814216,2.23543549,-0.7199202,1,0,4,6256.302,222.369186,2074.65112,1,0,0,0,0.12,1,0,0,0,0.04355207,1,0,0,0,Grip,-49.47891,0.03549022
144,2.879998,1.879998,0.5447018,0.747625,47.3393059,1.52771652,-0.008663614,19.7708778,2.52580643,0.00266851857,2.96154022,71.16092,71.15274,-0.252007365,0.122982658,2.24997425,-0.7281856,1,0,4,6274.648,221.1667,2063.43213,1,0,0,0,0.12,1,0,0,0,0.0435083844,1,0,0,0,Grip,-49.50717,0.0353226438
145,2.899998,1.899998,0.5760972,0.7474556,47.73595,1.57861769,-0.00860908348,19.8294964,2.54505873,0.00272654,2.93092728,71.38734,71.37904,-0.25559628,0.123154506,2.26413,-0.7362383,1,0,4,6292.851,219.982956,2052.38818,1,0,0,0,0.12,1,0,0,0,0.0434650332,1,0,0,0,Grip,-49.53999,0.03515727
146,2.919998,1.91999793,0.608521044,0.747287154,48.1337547,1.62989473,-0.008553793,19.8875084,2.563852,0.002764538,2.90060043,71.6120453,71.6036453,-0.259130836,0.1233294,2.27791929,-0.7441021,1,0,4,6310.91455,218.8176,2041.51563,1,0,0,0,0.12,1,0,0,0,0.0434220061,1,0,0,0,Grip,-49.57637,0.0349941626
147,2.939998,1.93999791,0.641980469,0.7471198,48.53271,1.68153834,-0.008497206,19.94492,2.5821805,0.002829358,2.87055969,71.8350754,71.82657,-0.26262033,0.123509921,2.2913332,-0.7518055,1,0,4,6328.842,217.670242,2030.811,1,0,0,0,0.12,1,0,0,0,0.0433793,1,0,0,0,Grip,-49.6160126,0.0348332226
148,2.959998,1.95999789,0.67648226,0.746953547,48.9328,1.73354185,-0.008439263,20.0017357,2.60017514,0.0028971117,2.840805,72.05645,72.04783,-0.2660712,0.123694293,2.30450034,-0.759368539,1,0,4,6346.63428,216.540665,2020.27246,1,0,0,0,0.12,1,0,0,0,0.043336913,1,0,0,0,Grip,-49.66087,0.0346744545
149,2.97999787,1.97999787,0.7120333,0.746788561,49.3340149,1.78589809,-0.008379816,20.05796,2.61781216,0.00297236256,2.81124115,72.2761841,72.26746,-0.269489527,0.123882785,2.31740427,-0.7668103,1,0,4,6364.29541,215.428543,2009.89661,1,0,0,0,0.12,1,0,0,0,0.04329484,1,0,0,0,Grip,-49.7095642,0.03451784
150,2.99999785,1.99999785,0.7486401,0.7466247,49.73634,1.83860052,-0.008319148,20.1136,2.63512135,0.00303341076,2.78196335,72.4943161,72.48548,-0.27288115,0.124075726,2.33006382,-0.774148464,1,0,4,6381.826,214.333649,1999.68152,1,0,0,0,0.12,1,0,0,0,0.04325307,1,0,0,0,Grip,-49.7623062,0.0343635231
151,3.01999784,2.01999784,0.7863094,0.7464622,50.1397667,1.89164376,-0.008257065,20.1686611,2.65216231,0.00310414471,2.753067,72.71085,72.70191,-0.276251674,0.124272592,2.342525,-0.781400144,1,0,4,6399.23047,213.255615,1989.62366,1,0,0,0,0.12,1,0,0,0,0.0432116129,1,0,0,0,Grip,-49.8193054,0.03421213
152,3.03999782,2.03999782,0.8250478,0.7463008,50.54429,1.94502449,-0.008193999,20.2231464,2.66903639,0.00315331854,2.724266,72.92584,72.91679,-0.279600978,0.124468111,2.35491776,-0.788565934,1,0,4,6416.51953,212.1936,1979.71533,1,0,0,0,0.12,1,0,0,0,0.0431704447,1,0,0,0,Grip,-49.8801765,0.03406215
153,3.0599978,2.0599978,0.864861548,0.7461407,50.9498825,1.99873614,-0.008129652,20.2770634,2.68558264,0.003217347,2.69584656,73.13928,73.13011,-0.282935381,0.124666534,2.367049,-0.795664668,1,0,4,6433.676,211.14859,1969.9657,1,0,0,0,0.12,1,0,0,0,0.0431295745,1,0,0,0,Grip,-49.9409,0.03391432
154,3.07999778,2.07999778,0.9057571,0.745981932,51.35655,2.052774,-0.008063993,20.3304157,2.70189047,0.003282912,2.6676178,73.3512039,73.34193,-0.2862594,0.124869235,2.37902665,-0.8027095,1,0,4,6450.712,210.119659,1960.366,1,0,0,0,0.12,1,0,0,0,0.043089,1,0,0,0,Grip,-50.004673,0.0337685943
155,3.09999776,2.09999776,0.947740734,0.7458244,51.764267,2.10713434,-0.007997323,20.3832073,2.71801949,0.00333352946,2.63957977,73.5616455,73.5522461,-0.2895751,0.125074565,2.39090824,-0.8097072,1,0,4,6467.63135,209.106445,1950.913,1,0,0,0,0.12,1,0,0,0,0.0430487059,1,0,0,0,Grip,-50.07253,0.0336250551
156,3.11999774,2.11999774,0.9908186,0.7456682,52.1730347,2.161815,-0.007929639,20.4354439,2.73402929,0.00338419341,2.61182785,73.7706,73.7610855,-0.2928822,0.1252796,2.40274048,-0.8166575,1,0,4,6484.43457,208.108856,1941.60571,1,0,0,0,0.12,1,0,0,0,0.0430086963,1,0,0,0,Grip,-50.1432152,0.0334836021
157,3.13999772,2.13999772,1.03499711,0.7455133,52.5828323,2.21681142,-0.007860957,20.4871273,2.74982452,0.0034341123,2.5841713,73.9781,73.96848,-0.29618454,0.125485867,2.41444969,-0.8235715,1,0,4,6501.122,207.126663,1932.442,1,0,0,0,0.12,1,0,0,0,0.0429689623,1,0,0,0,Grip,-50.2144928,0.0333441943
158,3.1599977,2.1599977,1.08028221,0.7453599,52.9936562,2.27212024,-0.00779138133,20.5382633,2.765441,0.00347876921,2.55680084,74.184166,74.17442,-0.299483538,0.125693858,2.42604685,-0.8304538,1,0,4,6517.69775,206.159546,1923.41907,1,0,0,0,0.12,1,0,0,0,0.0429295041,1,0,0,0,Grip,-50.2875137,0.0332068652
159,3.17999768,2.17999768,1.12668014,0.7452077,53.40549,2.32774043,-0.007721106,20.5888557,2.78100967,0.00351376366,2.52962112,74.3888245,74.37896,-0.302777767,0.125898972,2.43767238,-0.8373008,1,0,4,6534.1626,205.207321,1914.535,1,0,0,0,0.12,1,0,0,0,0.0428903177,1,0,0,0,Grip,-50.3626328,0.03307153
160,3.19999766,2.19999766,1.17419684,0.745056868,53.81832,2.38366747,-0.00765010063,20.63891,2.796352,0.0035502715,2.50272751,74.59209,74.5821,-0.3060701,0.12610583,2.449135,-0.84412086,1,0,4,6550.51758,204.269775,1905.788,1,0,0,0,0.12,1,0,0,0,0.0428513959,1,0,0,0,Grip,-50.4363632,0.03293822
161,3.21999764,2.21999764,1.2228384,0.7449075,54.2321472,2.43989921,-0.007578276,20.68843,2.81158686,0.00359122641,2.47602463,74.7939758,74.78387,-0.309360266,0.126311034,2.46056366,-0.8509135,1,0,4,6566.76563,203.346664,1897.17554,1,0,0,0,0.12,1,0,0,0,0.0428127423,1,0,0,0,Grip,-50.5121727,0.0328069
162,3.23999763,2.23999763,1.2726109,0.74475956,54.6469536,2.4964323,-0.007505945,20.73742,2.826655,0.00361655839,2.449417,74.9945145,74.9842758,-0.3126502,0.1265189,2.47191024,-0.857684731,1,0,4,6582.907,202.43779,1888.69592,1,0,0,0,0.12,1,0,0,0,0.0427743457,1,0,0,0,Grip,-50.58749,0.0326775238
163,3.25999761,2.25999761,1.32352006,0.744613051,55.06273,2.55326557,-0.00743334554,20.785881,2.84166336,0.00362996943,2.4230957,75.19372,75.18335,-0.31593895,0.126723245,2.48325467,-0.864431858,1,0,4,6598.948,201.542709,1880.34509,1,0,0,0,0.12,1,0,0,0,0.0427362025,1,0,0,0,Grip,-50.6655769,0.0325501338
164,3.27999759,2.27999759,1.37557209,0.744467854,55.47946,2.61039567,-0.00736043369,20.83382,2.856505,0.00364559237,2.396965,75.3916,75.38111,-0.319228172,0.12692894,2.49450159,-0.8711599,1,0,4,6614.88428,200.661575,1872.12427,1,0,0,0,0.12,1,0,0,0,0.0426983126,1,0,0,0,Grip,-50.7417259,0.03242457
165,3.29999757,2.29999757,1.42877245,0.7443241,55.8971443,2.66782045,-0.00728710461,20.88124,2.87123919,0.003666454,2.371025,75.5881958,75.5775757,-0.322516918,0.127132818,2.505709,-0.8778666,1,0,4,6630.72,199.793991,1864.02991,1,0,0,0,0.12,1,0,0,0,0.04266067,1,0,0,0,Grip,-50.819622,0.03230086
166,3.31999755,2.31999755,1.48312724,0.744181752,56.3157654,2.72553754,-0.007213537,20.9281445,2.88585424,0.003678375,2.34518051,75.7835,75.77275,-0.325806856,0.127337545,2.516877,-0.8845568,1,0,4,6646.45752,198.9397,1856.05957,1,0,0,0,0.12,1,0,0,0,0.042623274,1,0,0,0,Grip,-50.89685,0.03217896
167,3.33999753,2.33999753,1.53864217,0.744041,56.7353134,2.78354573,-0.007139776,20.9745331,2.9004097,0.00368806068,2.3194313,75.9775543,75.96667,-0.3290956,0.127539933,2.52806473,-0.891224265,1,0,4,6662.097,198.098618,1848.21252,1,0,0,0,0.12,1,0,0,0,0.042586118,1,0,0,0,Grip,-50.9754257,0.03205604
168,3.35999751,2.35999751,1.59532309,0.7439015,57.15578,2.84184265,-0.00706626847,21.0204163,2.914846,0.00367537141,2.294159,76.17036,76.1593246,-0.332383871,0.127740353,2.53915453,-0.897871256,1,0,4,6677.63965,197.270523,1840.48657,1,0,0,0,0.12,1,0,0,0,0.0425491966,1,0,0,0,Grip,-51.0529327,0.0319378823
169,3.37999749,2.37999749,1.65317571,0.7437635,57.5771523,2.90042615,-0.00699258177,21.065794,2.929175,0.00368433539,2.26888657,76.36193,76.35078,-0.3356707,0.127938449,2.55022788,-0.9044953,1,0,4,6693.088,196.455231,1832.88013,1,0,0,0,0.12,1,0,0,0,0.0425125174,1,0,0,0,Grip,-51.129612,0.0318213254
170,3.39999747,2.39999747,1.71220565,0.743626952,57.9994278,2.95929432,-0.006919029,21.11067,2.94340849,0.00367762987,2.243805,76.5523,76.54101,-0.338954926,0.1281345,2.56126714,-0.9110936,1,0,4,6708.443,195.652466,1825.3905,1,0,0,0,0.12,1,0,0,0,0.0424760655,1,0,0,0,Grip,-51.20522,0.0317066163
171,3.41999745,2.41999745,1.77241862,0.743491769,58.4225845,3.01844525,-0.00684567029,21.1550465,2.95754671,0.003667944,2.21881866,76.7414856,76.73004,-0.342235565,0.1283274,2.572286,-0.917664,1,0,4,6723.70752,194.862076,1818.01636,1,0,0,0,0.12,1,0,0,0,0.04243984,1,0,0,0,Grip,-51.27993,0.03159354
172,3.43999743,2.43999743,1.8338201,0.7433581,58.8466225,3.07787561,-0.00677243061,21.1989269,2.971518,0.00366198365,2.19402313,76.92948,76.91791,-0.345514774,0.128519639,2.583198,-0.924212337,1,0,4,6738.88,194.083954,1810.75671,1,0,0,0,0.12,1,0,0,0,0.0424038433,1,0,0,0,Grip,-51.3529,0.0314822979
173,3.45999742,2.45999742,1.89641571,0.7432257,59.2715263,3.13758421,-0.00669944426,21.2423153,2.98542976,0.00364931766,2.16941833,77.1163254,77.1046,-0.3487897,0.128709972,2.59410739,-0.930731535,1,0,4,6753.966,193.317734,1803.608,1,0,0,0,0.12,1,0,0,0,0.04236807,1,0,0,0,Grip,-51.4260254,0.03137261
174,3.4799974,2.4799974,1.96021116,0.743094742,59.6972923,3.19756818,-0.006626651,21.2852135,2.99919844,0.00363965519,2.144909,77.30202,77.2901459,-0.3520615,0.128898591,2.60494661,-0.9372248,1,0,4,6768.9624,192.563446,1796.57068,1,0,0,0,0.12,1,0,0,0,0.04233251,1,0,0,0,Grip,-51.498333,0.0312645137
175,3.49999738,2.49999738,2.02521157,0.7429653,60.1239052,3.257826,-0.006554097,21.3276253,3.01289558,0.003627711,2.12059021,77.48659,77.47457,-0.35533,0.129084989,2.61576915,-0.9436919,1,0,4,6783.871,191.820892,1789.64282,1,0,0,0,0.12,1,0,0,0,0.04229717,1,0,0,0,Grip,-51.5699577,0.0311580636
176,3.51999736,2.51999736,2.0914228,0.7428372,60.5513535,3.31835532,-0.006482019,21.3695564,3.0264616,0.0036038924,2.09655762,77.67004,77.6578751,-0.358594418,0.129269361,2.626499,-0.950131059,1,0,4,6798.69531,191.089813,1782.822,1,0,0,0,0.12,1,0,0,0,0.0422620475,1,0,0,0,Grip,-51.64052,0.0310531761
177,3.53999734,2.53999734,2.158692,0.7427206,60.978714,3.37066984,-0.00641040271,21.3617249,2.615726,0.003580819,-0.391578674,77.8524,77.84009,-0.361321926,0.128537446,2.64407277,-0.957341552,1,0,4,6813.436,190.370056,147.130417,2,1,0,0,0.12,1,0,0,0,0.0422271267,1,0,0,0,Grip,-51.71015,0.00259075826
178,3.55999732,2.55999732,2.22697139,0.74259,61.4057045,3.42059469,-0.0076256427,21.3398361,2.49624252,-0.060762,-1.09443665,77.85367,77.84132,-0.3644104,0.1295454,2.649179,-0.9661386,1,0,4,6431.61768,211.273483,163.28595,2,1,0,0,0.12,1,0,0,0,0.0422268845,1,0,0,0,Grip,-51.1563568,0.002917999
179,3.5799973,2.5799973,2.29626,0.742401,61.83232,3.47062421,-0.0109011866,21.3190231,2.50147581,-0.1637772,-1.04064941,77.8040848,77.79171,-0.3683169,0.131292641,2.64645767,-0.9770624,1,0,4,6049.79932,236.529678,182.805588,2,1,0,0,0.12,1,0,0,0,0.04223638,1,0,0,0,Grip,-51.93736,0.00337492046
180,3.59999728,2.59999728,2.36655712,0.742107868,62.25857,3.52073169,-0.0163274035,21.2990227,2.505374,-0.271310836,-1.00002289,77.75884,77.7464142,-0.37325716,0.133568436,2.64451575,-0.9907002,1,0,4,5667.981,265.353729,205.082687,2,1,0,0,0.12,1,0,0,0,0.04224504,1,0,0,0,Grip,-53.27563,0.00390341
181,3.61999726,2.61999726,2.437865,0.7416711,62.6844521,3.57107615,-0.023614658,21.2799149,2.51722336,-0.364362746,-0.95539093,77.717,77.70443,-0.3792441,0.136199489,2.64944839,-1.00708365,1,0,4,5286.1626,296.6214,229.2484,2,1,0,0,0.12,1,0,0,0,0.04225305,1,0,0,0,Grip,-55.01225,0.00447955169
182,3.63999724,2.63999724,2.51018929,0.7410619,63.1099739,3.621864,-0.0322484225,21.2617054,2.53939629,-0.431688219,-0.91047287,77.67895,77.66614,-0.38615942,0.139039844,2.66422558,-1.02589846,1,0,4,4904.344,328.869446,254.1718,2,1,0,0,0.12,1,0,0,0,0.04226034,1,0,0,0,Grip,-57.01605,0.00506917574
183,3.65999722,2.65999722,2.5835402,0.7402644,63.5351448,3.67330837,-0.04161171,21.2443371,2.5722146,-0.468164325,-0.868415833,77.64484,77.6316757,-0.393819332,0.141971767,2.68972945,-1.04665709,1,0,4,4522.526,360.295349,278.459778,2,1,0,0,0.12,1,0,0,0,0.04226687,1,0,0,0,Grip,-59.1766434,0.005633003
184,3.67999721,2.67999721,2.6581347,0.7392641,63.9610443,3.73652244,-0.05107646,21.2852364,3.16070318,-0.4732376,2.04496384,77.61459,77.60102,-0.403157,0.146918938,2.71139741,-1.06893981,1,0,4,4473.832,364.13858,2345.25073,2,0,0,0,0.12,1,0,0,0,0.04227266,1,0,0,0,Grip,-61.40503,0.0493076965
185,3.69999719,2.69999719,2.73406553,0.738097668,64.38802,3.80446172,-0.0586424954,21.3439159,3.396964,-0.37830174,2.933979,77.79878,77.7846146,-0.412126064,0.148191243,2.762845,-1.08921409,1,0,4,4855.65039,332.964447,2144.47241,2,0,0,0,0.12,1,0,0,0,0.0422373936,1,0,0,0,Grip,-65.0748444,0.04262896
186,3.71999717,2.71999717,2.81136,0.7368351,64.81605,3.87373233,-0.0628978,21.39958,3.46353054,-0.2127653,2.78320313,78.04947,78.0346756,-0.419742584,0.1486544,2.8472805,-1.10592723,1,0,4,4811.97461,336.623047,2168.03564,2,0,0,0,0.12,1,0,0,0,0.0421893932,1,0,0,0,Grip,-65.94128,0.0411061831
187,3.73999715,2.73999715,2.890052,0.7355545,65.2451248,3.94464445,-0.0633653,21.4547157,3.54560614,-0.023375079,2.75678635,78.29083,78.2754745,-0.42581296,0.1483028,2.92284727,-1.11847985,1,0,4,4815.178,336.355225,2166.31079,2,0,0,0,0.12,1,0,0,0,0.04214318,1,0,0,0,Grip,-66.1998444,0.03948748
188,3.75999713,2.75999713,2.97017241,0.734333038,65.67525,4.01698256,-0.0600987822,21.50908,3.61690521,0.16332604,2.718258,78.53192,78.51609,-0.430213451,0.147297859,2.99041653,-1.12659979,1,0,4,4816.55,336.2405,2165.572,2,0,0,0,0.12,1,0,0,0,0.0420970134,1,0,0,0,Grip,-65.842804,0.03812091
189,3.779997,2.779997,3.051747,0.7332388,66.10642,4.09045362,-0.05352203,21.5626774,3.67355347,0.3288375,2.67982483,78.77178,78.7556,-0.433025837,0.145824224,3.0438385,-1.13054311,1,0,4,4819.84,335.965332,2163.79956,2,0,0,0,0.12,1,0,0,0,0.0420510881,1,0,0,0,Grip,-64.99255,0.0369987078
190,3.799997,2.799997,3.13479567,0.732326865,66.53864,4.16471243,-0.04428033,21.61552,3.71294022,0.462085,2.64215469,79.0102539,78.99388,-0.434458256,0.144042,3.0804646,-1.13089156,1,0,4,4824.97559,335.5356,2161.032,2,0,0,0,0.12,1,0,0,0,0.0420054272,1,0,0,0,Grip,-63.7887039,0.0361120477
191,3.819997,2.819997,3.219332,0.7316368,66.97189,4.239412,-0.03312514,21.6676559,3.73497,0.5577596,2.60677338,79.24723,79.23078,-0.4347868,0.142087,3.099911,-1.12839389,1,0,4,4831.95166,334.9515,2157.27,2,0,0,0,0.12,1,0,0,0,0.04196005,1,0,0,0,Grip,-62.3523636,0.035446424
192,3.839997,2.839997,3.305363,0.7311927,67.40617,4.31423569,-0.0208259188,21.7191353,3.74119282,0.6149611,2.573967,79.482666,79.46624,-0.434307575,0.140067786,3.10364413,-1.12384248,1,0,4,4840.618,334.225342,2152.59326,2,0,0,0,0.12,1,0,0,0,0.04191497,1,0,0,0,Grip,-60.7862167,0.0349711478
193,3.859997,2.859997,3.39289045,0.731003642,67.84149,4.38892126,-0.008107964,21.7700157,3.73427868,0.635897756,2.54402161,79.71654,79.70021,-0.4332986,0.138063818,3.09421182,-1.11797178,1,0,4,4850.76953,333.374054,2147.11035,2,0,0,0,0.12,1,0,0,0,0.041870188,1,0,0,0,Grip,-59.1723671,0.0346581042
194,3.879997,2.879997,3.481912,0.7310664,68.27782,4.463261,0.004389735,21.820343,3.71699333,0.624884963,2.516365,79.94888,79.93269,-0.43200922,0.136138186,3.074431,-1.11143494,1,0,4,4862.18848,332.415527,2140.937,2,0,0,0,0.12,1,0,0,0,0.0418257043,1,0,0,0,Grip,-57.57086,0.03447921
195,3.899997,2.899997,3.5724206,0.7313658,68.71515,4.53711128,0.0161374155,21.8701649,3.69250774,0.587384045,2.49109268,80.17969,80.16369,-0.4306426,0.134323671,3.04736257,-1.10475767,1,0,4,4874.65674,331.367859,2134.18945,2,0,0,0,0.12,1,0,0,0,0.0417815074,1,0,0,0,Grip,-56.02943,0.0344080031
196,3.919997,2.919997,3.66440821,0.7318793,69.15349,4.6103797,0.0267266668,21.9195156,3.66342068,0.5294626,2.467537,80.40902,80.3931961,-0.429355145,0.132652491,3.015673,-1.098341,1,0,4,4887.95947,330.249,2126.9834,2,0,0,0,0.12,1,0,0,0,0.0417375974,1,0,0,0,Grip,-54.5728264,0.034420047
197,3.939997,2.939997,3.757864,0.732578039,69.59281,4.68302536,0.0358685963,21.9684238,3.63228321,0.4570965,2.44541168,80.6369,80.62124,-0.428260326,0.131130487,2.98189473,-1.092471,1,0,4,4901.9,329.075348,2119.42432,2,0,0,0,0.12,1,0,0,0,0.0416939631,1,0,0,0,Grip,-53.2254143,0.0344928727
198,3.959997,2.959997,3.852776,0.7334298,70.03311,4.75504446,0.0433870666,22.0169086,3.600955,0.3759235,2.42424,80.86337,80.8478546,-0.427429676,0.12976028,2.94792938,-1.08732438,1,0,4,4916.2915,327.862579,2111.61353,2,0,0,0,0.12,1,0,0,0,0.041650597,1,0,0,0,Grip,-51.99158,0.0346065536
199,3.979997,2.979997,3.94913316,0.7344004,70.47439,4.82646275,0.049205564,22.0649834,3.57091427,0.290924877,2.403736,81.08848,81.0730743,-0.426902771,0.128539488,2.91526413,-1.08299494,1,0,4,4930.968,326.6248,2103.64136,2,0,0,0,0.12,1,0,0,0,0.0416074954,1,0,0,0,Grip,-50.91587,0.0347433574
200,3.999997,2.999997,4.04692364,0.7354559,70.91663,4.897328,0.05333255,22.1126537,3.54325771,0.206349239,2.38351822,81.31225,81.29692,-0.4266901,0.127458408,2.88503671,-1.07950151,1,0,4,4945.778,325.3747,2095.59,2,0,0,0,0.12,1,0,0,0,0.0415646471,1,0,0,0,Grip,-50.04154,0.03488825
201,4.019997,3.01999712,4.14613628,0.736563563,71.3598251,4.967701,0.0558444448,22.1599236,3.518653,0.12559481,2.363491,81.53472,81.51943,-0.426784039,0.126514018,2.8579042,-1.07681763,1,0,4,4960.59326,324.12326,2087.53027,2,0,0,0,0.12,1,0,0,0,0.0415220521,1,0,0,0,Grip,-49.27255,0.03502892
202,4.039997,3.039997,4.24676275,0.7376941,71.80397,5.03765345,0.0568696819,22.206789,3.4976244,0.0512618572,2.34327316,81.75594,81.740654,-0.427164078,0.125693813,2.83445048,-1.07488453,1,0,4,4975.308,322.879578,2079.52026,2,0,0,0,0.12,1,0,0,0,0.0414796919,1,0,0,0,Grip,-48.6066246,0.0351551659
203,4.059997,3.059997,4.34879255,0.7388202,72.24905,5.10725927,0.0565717481,22.2532463,3.48029137,-0.0148966908,2.32286453,81.97594,81.96062,-0.427801132,0.124987073,2.81477928,-1.07362235,1,0,4,4989.829,321.651672,2071.61182,2,0,0,0,0.12,1,0,0,0,0.04143757,1,0,0,0,Grip,-48.034317,0.035259258
204,4.079997,3.079997,4.45221949,0.739919066,72.69505,5.176591,0.0551370122,22.2992935,3.4665823,-0.0717368,2.30236053,82.194725,82.17936,-0.4286604,0.124389589,2.79878521,-1.07293868,1,0,4,5004.09668,320.444672,2063.83813,2,0,0,0,0.12,1,0,0,0,0.0413956754,1,0,0,0,Grip,-47.54753,0.0353377238
205,4.099997,3.099997,4.557037,0.7409721,73.1419754,5.245719,0.05276178,22.34492,3.45640182,-0.118761696,2.28128433,82.41238,82.39692,-0.429708481,0.123890996,2.78648114,-1.07274461,1,0,4,5018.064,319.2627,2056.22559,2,0,0,0,0.12,1,0,0,0,0.041354,1,0,0,0,Grip,-47.14309,0.03538714
206,4.119997,3.119997,4.66324043,0.7419635,73.5898056,5.314708,0.0496413857,22.3901157,3.44946384,-0.156019628,2.25982666,82.6288757,82.61332,-0.430912971,0.123481318,2.77753425,-1.07295585,1,0,4,5031.70752,318.107819,2048.7876,2,0,0,0,0.12,1,0,0,0,0.0413125455,1,0,0,0,Grip,-46.8131638,0.0354069024
207,4.139997,3.139997,4.770826,0.742882431,74.03854,5.383618,0.04596482,22.4348774,3.44548225,-0.183828369,2.238083,82.84428,82.82858,-0.432243824,0.123153083,2.77163482,-1.07349384,1,0,4,5045.018,316.980927,2041.52979,2,0,0,0,0.12,1,0,0,0,0.0412713028,1,0,0,0,Grip,-46.5502167,0.03539763
208,4.159997,3.159997,4.87979174,0.7437209,74.48817,5.452498,0.04190644,22.4791965,3.444004,-0.202918991,2.21595764,83.05858,83.04275,-0.433677673,0.122901395,2.76836085,-1.07429814,1,0,4,5058,315.881744,2034.45044,2,0,0,0,0.12,1,0,0,0,0.04123027,1,0,0,0,Grip,-46.3486061,0.0353612863
209,4.179997,3.179997,4.990136,0.744474351,74.93867,5.5213933,0.03762318,22.5230675,3.444767,-0.214163035,2.1935463,83.2718,83.25582,-0.435195923,0.12271852,2.76742768,-1.07532072,1,0,4,5070.672,314.808777,2027.53992,2,0,0,0,0.12,1,0,0,0,0.0411894433,1,0,0,0,Grip,-46.2046242,0.03530064
210,4.199997,3.199997,5.101859,0.745140731,75.3900452,5.59034,0.0332517773,22.56648,3.447342,-0.218570054,2.170658,83.48397,83.4678345,-0.436786175,0.122600891,2.76846385,-1.07652891,1,0,4,5083.05664,313.7602,2020.7865,2,0,0,0,0.12,1,0,0,0,0.0411488153,1,0,0,0,Grip,-46.112442,0.0352188274
211,4.219997,3.219997,5.21496058,0.7457206,75.8422852,5.65937,0.0289079938,22.6094322,3.4514904,-0.217189178,2.14757919,83.69509,83.67878,-0.4384346,0.122536823,2.771161,-1.07788765,1,0,4,5095.182,312.733643,2014.17493,2,0,0,0,0.12,1,0,0,0,0.0411083922,1,0,0,0,Grip,-46.069355,0.0351194739
212,4.239997,3.239997,5.329442,0.746216238,76.29538,5.728505,0.0246863067,22.65192,3.45675945,-0.211084366,2.124405,83.90516,83.88869,-0.440142155,0.122526251,2.77505183,-1.07939768,1,0,4,5107.07861,311.7266,2007.689,2,0,0,0,0.12,1,0,0,0,0.04106817,1,0,0,0,Grip,-46.0665321,0.0350060351
213,4.259997,3.259997,5.445305,0.7466315,76.74931,5.7977643,0.0206609238,22.6939373,3.46295834,-0.20126915,2.10084915,84.1142044,84.09756,-0.441904545,0.122561388,2.780024,-1.08104765,1,0,4,5118.781,310.7362,2001.3103,2,0,0,0,0.12,1,0,0,0,0.041028142,1,0,0,0,Grip,-46.10393,0.03488175
214,4.279997,3.27999687,5.56255245,0.7469715,77.20409,5.86716175,0.01688715,22.7354813,3.46987247,-0.188688666,2.077198,84.32221,84.3054047,-0.443726063,0.122638352,2.78579283,-1.08284676,1,0,4,5130.315,309.760284,1995.0249,2,0,0,0,0.12,1,0,0,0,0.04098831,1,0,0,0,Grip,-46.175663,0.034749832
215,4.299997,3.29999685,5.681186,0.747241735,77.6596756,5.93670845,0.0134029547,22.7765484,3.477335,-0.1742098,2.05335617,84.52919,84.5122147,-0.4456048,0.122750744,2.79222,-1.08478951,1,0,4,5141.712,308.796265,1988.816,2,0,0,0,0.12,1,0,0,0,0.0409486778,1,0,0,0,Grip,-46.27879,0.03461292
216,4.319997,3.31999683,5.80120945,0.747448444,78.11608,6.0064106,0.0102318712,22.81714,3.48510742,-0.158554181,2.02960968,84.7351456,84.71801,-0.4475565,0.122895487,2.79899669,-1.08691311,1,0,4,5152.996,307.842072,1982.67053,2,0,0,0,0.12,1,0,0,0,0.0409092456,1,0,0,0,Grip,-46.4084778,0.0344732739
217,4.339997,3.33999681,5.922625,0.7475984,78.5732956,6.07627439,0.00738477241,22.857254,3.49318981,-0.142354935,2.00567245,84.94009,84.9228,-0.4495759,0.123068519,2.80619836,-1.08920324,1,0,4,5164.1875,306.896118,1976.57813,2,0,0,0,0.12,1,0,0,0,0.0408700034,1,0,0,0,Grip,-46.5624,0.0343328826
218,4.359997,3.3599968,6.04543734,0.747697651,79.0312958,6.146303,0.00486130174,22.8968887,3.501439,-0.126173541,1.98173523,85.14401,85.12656,-0.451672077,0.123261325,2.81363463,-1.09168088,1,0,4,5175.30664,305.956665,1970.52747,2,0,0,0,0.12,1,0,0,0,0.0408309549,1,0,0,0,Grip,-46.7374954,0.0341934264
219,4.379997,3.37999678,6.1696496,0.7477528,79.49008,6.216498,0.00265390775,22.9360428,3.509736,-0.110369705,1.95770264,85.3469238,85.3293152,-0.45385313,0.123476557,2.82121539,-1.09436429,1,0,4,5186.3667,305.0226,1964.51172,2,0,0,0,0.12,1,0,0,0,0.0407921039,1,0,0,0,Grip,-46.9273148,0.03405591
220,4.39999676,3.39999676,6.29526472,0.7477697,79.94965,6.286862,0.0007476497,22.9747162,3.5182,-0.09531291,1.93367,85.54883,85.53107,-0.45611763,0.123700604,2.82902884,-1.09724867,1,0,4,5197.37939,304.093048,1958.52478,2,0,0,0,0.12,1,0,0,0,0.0407534465,1,0,0,0,Grip,-47.13387,0.0339213759
221,4.41999674,3.41999674,6.422287,0.747754,80.40998,6.35739374,-0.000876746431,23.0129089,3.52659225,-0.08121981,1.90963745,85.74972,85.73183,-0.458473682,0.123941228,2.83684468,-1.100352,1,0,4,5208.35254,303.167358,1952.56287,2,0,0,0,0.12,1,0,0,0,0.04071498,1,0,0,0,Grip,-47.34687,0.0337903723
222,4.43999672,3.43999672,6.55072,0.747710943,80.87107,6.42809534,-0.00224145968,23.050621,3.53508,-0.0682356656,1.88560486,85.94961,85.9315643,-0.460919857,0.124187872,2.84482265,-1.10366952,1,0,4,5219.296,302.24472,1946.62061,2,0,0,0,0.12,1,0,0,0,0.0406767,1,0,0,0,Grip,-47.5721855,0.03366311
223,4.4599967,3.4599967,6.680568,0.747645259,81.33289,6.49896669,-0.00337073929,23.0878525,3.54356766,-0.0564639829,1.86157227,86.1485,86.1303,-0.463461876,0.124441922,2.852871,-1.10721338,1,0,4,5230.20752,301.325348,1940.69934,2,0,0,0,0.12,1,0,0,0,0.0406386219,1,0,0,0,Grip,-47.8018341,0.0335399732
224,4.47999668,3.47999668,6.81183434,0.7475611,81.79546,6.57000875,-0.00428962428,23.1246014,3.552103,-0.04594425,1.83744431,86.34639,86.32806,-0.4660945,0.124697417,2.86106324,-1.11096978,1,0,4,5241.094,300.4087,1934.79553,2,0,0,0,0.12,1,0,0,0,0.040600732,1,0,0,0,Grip,-48.03686,0.033420857
225,4.49999666,3.49999666,6.94452333,0.7474623,82.25876,6.641222,-0.005022974,23.16087,3.56066227,-0.036667496,1.81341171,86.5433,86.52481,-0.468818665,0.124956593,2.86932015,-1.11493933,1,0,4,5251.95361,299.495,1928.91077,2,0,0,0,0.12,1,0,0,0,0.04056303,1,0,0,0,Grip,-48.2727737,0.0333057567
226,4.51999664,3.51999664,7.078638,0.7473519,82.72278,6.712607,-0.00559487566,23.1966553,3.56924534,-0.0285950731,1.78928375,86.73921,86.72057,-0.4716339,0.125214815,2.87769818,-1.11912,1,0,4,5262.787,298.584167,1923.04456,2,0,0,0,0.12,1,0,0,0,0.0405255146,1,0,0,0,Grip,-48.51125,0.0331945345
227,4.53999662,3.53999662,7.21418238,0.7472328,83.18749,6.784164,-0.00602811761,23.23196,3.57785225,-0.0216620974,1.76525116,86.9341354,86.91535,-0.4745388,0.1254735,2.88614058,-1.12350667,1,0,4,5273.59375,297.6763,1917.19739,2,0,0,0,0.12,1,0,0,0,0.04048819,1,0,0,0,Grip,-48.74879,0.03308689
228,4.5599966,3.5599966,7.35116,0.7471073,83.6529,6.85589552,-0.006343732,23.2667828,3.58657837,-0.0157807264,1.7411232,87.1281,87.1091461,-0.4775262,0.125725776,2.89479566,-1.12808132,1,0,4,5284.371,296.7717,1911.37134,2,0,0,0,0.12,1,0,0,0,0.04045105,1,0,0,0,Grip,-48.9864731,0.0329825
229,4.57999659,3.57999659,7.48957539,0.746977448,84.119,6.927802,-0.006561083,23.30112,3.59532833,-0.0108675333,1.71689987,87.3210754,87.30197,-0.4805889,0.125975192,2.90357327,-1.13282609,1,0,4,5295.11426,295.870728,1905.5686,2,0,0,0,0.12,1,0,0,0,0.0404141024,1,0,0,0,Grip,-49.2190933,0.03288117
230,4.59999657,3.59999657,7.62943172,0.7468448,84.58578,6.99988556,-0.00669746334,23.3349762,3.60417366,-0.00681902748,1.69277191,87.5130844,87.4938049,-0.483726978,0.126217112,2.91248345,-1.13773966,1,0,4,5305.82666,294.9732,1899.78809,2,0,0,0,0.12,1,0,0,0,0.0403773375,1,0,0,0,Grip,-49.44934,0.03278254
231,4.61999655,3.61999655,7.770733,0.7467108,85.05323,7.072146,-0.00676834956,23.3683472,3.613019,-0.003544311,1.66854858,87.7041245,87.68468,-0.486930847,0.1264532,2.921494,-1.1427989,1,0,4,5316.50049,294.079742,1894.03369,2,0,0,0,0.12,1,0,0,0,0.0403407551,1,0,0,0,Grip,-49.6737175,0.03268644
232,4.63999653,3.63999653,7.91348267,0.7465762,85.52133,7.14458466,-0.00678722141,23.4012337,3.62193584,-0.00094359275,1.64432526,87.8942,87.87457,-0.490195274,0.126681611,2.93064451,-1.14799058,1,0,4,5327.13672,293.1903,1888.30518,2,0,0,0,0.12,1,0,0,0,0.0403043628,1,0,0,0,Grip,-49.8934746,0.032592494
233,4.65999651,3.65999651,8.057685,0.746442,85.99009,7.217202,-0.00676547457,23.4336357,3.63087654,0.00108734239,1.62010193,88.08331,88.06352,-0.493514538,0.126902387,2.93988967,-1.15330076,1,0,4,5337.731,292.3053,1882.60522,2,0,0,0,0.12,1,0,0,0,0.04026815,1,0,0,0,Grip,-50.1072159,0.0325028971
234,4.67999649,3.67999649,8.203342,0.746309042,86.45949,7.289999,-0.006713133,23.4655552,3.639841,0.00261708628,1.595974,88.27148,88.2515,-0.496884823,0.127116546,2.94919944,-1.15871954,1,0,4,5348.30664,291.42276,1876.92126,2,0,0,0,0.12,1,0,0,0,0.0402321257,1,0,0,0,Grip,-50.3149719,0.0324125178
235,4.69999647,3.69999647,8.35046,0.7461774,86.92951,7.36297655,-0.00663882075,23.4969883,3.64887714,0.00371560454,1.57165527,88.4586945,88.43854,-0.500298,0.127321288,2.95870948,-1.16422784,1,0,4,5358.812,290.5471,1871.28137,2,0,0,0,0.12,1,0,0,0,0.0401962772,1,0,0,0,Grip,-50.51753,0.0323238336
236,4.71999645,3.71999645,8.499041,0.746047437,87.4001541,7.436135,-0.006549107,23.5279369,3.65791321,0.004485692,1.547432,88.64498,88.6246262,-0.5037489,0.127517909,2.96826243,-1.16981292,1,0,4,5369.27344,289.6761,1865.67175,2,0,0,0,0.12,1,0,0,0,0.0401606075,1,0,0,0,Grip,-50.7127647,0.0322364531
237,4.73999643,3.73999643,8.649089,0.7459197,87.8714,7.50947332,-0.0064495625,23.5584,3.66692543,0.00497722067,1.52311325,88.83031,88.80977,-0.5072293,0.127707556,2.977897,-1.17545557,1,0,4,5379.686,288.8101,1860.09424,2,0,0,0,0.12,1,0,0,0,0.04012512,1,0,0,0,Grip,-50.90165,0.032150235
238,4.75999641,3.75999641,8.800607,0.7457938,88.3432541,7.5829916,-0.0063451915,23.5883789,3.67591381,0.00521854963,1.49898529,89.01472,88.99397,-0.5107384,0.1278896,2.98752022,-1.1811533,1,0,4,5390.05,287.949219,1854.54968,2,0,0,0,0.12,1,0,0,0,0.0400898121,1,0,0,0,Grip,-51.0850639,0.03206515
239,4.7799964,3.7799964,8.953599,0.745669961,88.8157,7.656689,-0.00623912271,23.6178741,3.68487835,0.00530343968,1.474762,89.1982,89.1772461,-0.514273643,0.128065377,2.99722528,-1.1869005,1,0,4,5400.36426,287.0935,1849.03845,2,0,0,0,0.12,1,0,0,0,0.0400546752,1,0,0,0,Grip,-51.26254,0.03198094
240,4.79999638,3.79999638,9.108069,0.745548368,89.28872,7.730566,-0.006134097,23.6468849,3.693843,0.00525128562,1.45053864,89.3807449,89.3596039,-0.51782465,0.128235281,3.00700426,-1.19267273,1,0,4,5410.62842,286.243073,1843.56128,2,0,0,0,0.12,1,0,0,0,0.0400197245,1,0,0,0,Grip,-51.4350548,0.03189749
241,4.81999636,3.81999636,9.264021,0.7454288,89.7623138,7.8046217,-0.006032467,23.6754112,3.70278358,0.00508150551,1.42631531,89.5623856,89.54104,-0.521390438,0.12839669,3.0168345,-1.19846773,1,0,4,5420.841,285.397949,1838.11816,2,0,0,0,0.12,1,0,0,0,0.0399849452,1,0,0,0,Grip,-51.60294,0.0318148844
242,4.83999634,3.83999634,9.421458,0.745311141,90.2364655,7.87885427,-0.0059357523,23.7034531,3.711629,0.00483572949,1.402092,89.74311,89.72155,-0.524965763,0.128553629,3.02664924,-1.20427346,1,0,4,5431.002,284.558258,1832.71008,2,0,0,0,0.12,1,0,0,0,0.03995034,1,0,0,0,Grip,-51.76421,0.0317329429
243,4.85999632,3.85999632,9.580383,0.7451952,90.71117,7.95326376,-0.005844951,23.73101,3.72047424,0.004540058,1.37786865,89.92293,89.90115,-0.528546333,0.128703117,3.03653836,-1.21008027,1,0,4,5441.11035,283.724,1827.337,2,0,0,0,0.12,1,0,0,0,0.0399159081,1,0,0,0,Grip,-51.9219,0.0316516422
244,4.8799963,3.8799963,9.740799,0.745080948,91.18642,8.027847,-0.00576052535,23.7580833,3.72917652,0.00422128942,1.35364532,90.10184,90.07986,-0.532128334,0.128847092,3.046368,-1.21587956,1,0,4,5451.167,282.895142,1821.99878,2,0,0,0,0.12,1,0,0,0,0.0398816541,1,0,0,0,Grip,-52.07376,0.03157092
245,4.89999628,3.89999628,9.902712,0.7449682,91.66219,8.102604,-0.00568265328,23.7846756,3.737831,0.00389360357,1.32961273,90.2798538,90.25765,-0.5357132,0.128984556,3.056162,-1.22167444,1,0,4,5461.171,282.0718,1816.696,2,0,0,0,0.12,1,0,0,0,0.0398475677,1,0,0,0,Grip,-52.22126,0.0314906538
246,4.91999626,3.91999626,10.0661221,0.7448569,92.1385,8.177532,-0.00561140943,23.8107853,3.74641418,0.00356219243,1.30548477,90.45697,90.43456,-0.5392947,0.129119128,3.06599617,-1.22745121,1,0,4,5471.12256,281.253967,1811.42871,2,0,0,0,0.12,1,0,0,0,0.0398136526,1,0,0,0,Grip,-52.36364,0.0314108878
247,4.93999624,3.93999624,10.2310343,0.7447469,92.61531,8.252628,-0.005546749,23.8364143,3.75480652,0.00323301647,1.28145218,90.63321,90.61057,-0.5428777,0.129249826,3.07569265,-1.23322082,1,0,4,5481.02148,280.44162,1806.19666,2,0,0,0,0.12,1,0,0,0,0.03977991,1,0,0,0,Grip,-52.503643,0.03133169
248,4.959996,3.95999622,10.3974533,0.7446381,93.0926361,8.327893,-0.00548856845,23.8615627,3.76324654,0.00290903263,1.25741959,90.80856,90.78572,-0.546448231,0.129374161,3.085509,-1.2389518,1,0,4,5490.869,279.6347,1800.99976,2,0,0,0,0.12,1,0,0,0,0.03974633,1,0,0,0,Grip,-52.64053,0.03125294
249,4.979996,3.9799962,10.56538,0.7445302,93.57044,8.403322,-0.00543655455,23.8862324,3.77144814,0.002600695,1.23348236,90.98305,90.95998,-0.550019264,0.1294976,3.0951426,-1.244674,1,0,4,5500.665,278.833221,1795.83777,2,0,0,0,0.12,1,0,0,0,0.0397129245,1,0,0,0,Grip,-52.7724075,0.0311747231
250,4.999996,3.99999619,10.7348194,0.7444233,94.0487442,8.478914,-0.005390007,23.9104233,3.779602,0.002327375,1.20954514,91.15666,91.13337,-0.5535803,0.129616141,3.10480642,-1.25036347,1,0,4,5510.411,278.037018,1790.70972,2,0,0,0,0.12,1,0,0,0,0.03967968,1,0,0,0,Grip,-52.9034271,0.0310968831
251,5.019996,4.019996,10.9057741,0.7443172,94.52751,8.554667,-0.00534864329,23.9341354,3.7876606,0.002068188,1.18560791,91.32941,91.30589,-0.5571313,0.129732832,3.1144557,-1.2560209,1,0,4,5520.104,277.246429,1785.61792,2,0,0,0,0.12,1,0,0,0,0.0396466032,1,0,0,0,Grip,-53.0305519,0.0310194641
252,5.039996,4.039996,11.0782461,0.7442118,95.00675,8.630581,-0.00531207537,23.9573689,3.79567146,0.00182839576,1.16167068,91.50129,91.4775543,-0.560667038,0.1298433,3.124135,-1.26163447,1,0,4,5529.74658,276.461182,1780.56055,2,0,0,0,0.12,1,0,0,0,0.03961369,1,0,0,0,Grip,-53.1560974,0.0309425
253,5.059996,4.059996,11.2522411,0.744107,95.4864349,8.70665,-0.005279753,23.9801254,3.803444,0.00161612406,1.13782883,91.67232,91.64836,-0.5641966,0.129955679,3.133632,-1.267225,1,0,4,5539.337,275.681427,1775.53845,2,0,0,0,0.12,1,0,0,0,0.0395809449,1,0,0,0,Grip,-53.2767372,0.0308660083
254,5.079996,4.079996,11.42776,0.7440028,95.9665756,8.782872,-0.00525133265,24.0024052,3.811121,0.001421012,1.113987,91.84249,91.81832,-0.5677109,0.130064815,3.14311481,-1.27277231,1,0,4,5548.88037,274.906738,1770.54907,2,0,0,0,0.12,1,0,0,0,0.0395483561,1,0,0,0,Grip,-53.3986549,0.030789949
255,5.099996,4.099996,11.6048069,0.7438991,96.44715,8.859246,-0.00522636855,24.0242119,3.8187027,0.00124820508,1.09033585,92.01182,91.98743,-0.5712185,0.130171865,3.15251374,-1.27829611,1,0,4,5558.37158,274.1376,1765.59546,2,0,0,0,0.12,1,0,0,0,0.03951594,1,0,0,0,Grip,-53.5179253,0.0307143666
256,5.119996,4.119996,11.7833853,0.7437959,96.92815,8.93577,-0.00520433858,24.0455437,3.826189,0.00110149849,1.06658936,92.18031,92.15569,-0.574710846,0.13027592,3.16193247,-1.28377724,1,0,4,5567.81348,273.3737,1760.67542,2,0,0,0,0.12,1,0,0,0,0.0394836739,1,0,0,0,Grip,-53.63544,0.0306391679
257,5.139996,4.139996,11.9634962,0.7436929,97.40957,9.01244,-0.00518509373,24.0664043,3.83348465,0.0009622425,1.0430336,92.34798,92.32313,-0.5781946,0.130379826,3.17117739,-1.2892307,1,0,4,5577.206,272.615082,1755.78955,2,0,0,0,0.12,1,0,0,0,0.039451573,1,0,0,0,Grip,-53.7505074,0.0305643715
258,5.159996,4.159996,12.1451435,0.743590355,97.8913956,9.089255,-0.00516780047,24.086792,3.84078026,0.000864663161,1.01938248,92.51481,92.48974,-0.581663132,0.130480543,3.180532,-1.29464221,1,0,4,5586.55,271.861755,1750.93774,2,0,0,0,0.12,1,0,0,0,0.039419625,1,0,0,0,Grip,-53.86529,0.0304899737
259,5.179996,4.179996,12.328331,0.7434879,98.37362,9.166213,-0.00515254773,24.1067066,3.84788513,0.0007626368,0.995731354,92.68082,92.65552,-0.585115433,0.13057965,3.18978357,-1.30000985,1,0,4,5595.84473,271.113617,1746.11926,2,0,0,0,0.12,1,0,0,0,0.0393878371,1,0,0,0,Grip,-53.97748,0.03041613
260,5.199996,4.199996,12.51306,0.74338603,98.85623,9.24331,-0.00513853133,24.126152,3.854847,0.000700820237,0.972270966,92.846,92.82047,-0.588559151,0.1306773,3.19890475,-1.3053509,1,0,4,5605.09229,270.370575,1741.33374,2,0,0,0,0.12,1,0,0,0,0.0393562131,1,0,0,0,Grip,-54.08827,0.0303425733
261,5.219996,4.219996,12.6993341,0.7432842,99.3392258,9.320545,-0.005126079,24.1451283,3.861761,0.0006226124,0.9488106,93.010376,92.98463,-0.5919876,0.130776852,3.208055,-1.31065071,1,0,4,5614.291,269.632782,1736.58191,2,0,0,0,0.12,1,0,0,0,0.0393247344,1,0,0,0,Grip,-54.1977844,0.03026954
262,5.239996,4.239996,12.8871565,0.7431828,99.82259,9.397916,-0.005114595,24.1636372,3.86853218,0.000574206933,0.925445557,93.17394,93.1479645,-0.5954037,0.1308735,3.21711,-1.3159157,1,0,4,5623.444,268.900024,1731.86255,2,0,0,0,0.12,1,0,0,0,0.03929342,1,0,0,0,Grip,-54.3085632,0.03019683
263,5.259996,4.259996,13.0765285,0.74308145,100.30632,9.475419,-0.00510410871,24.1816788,3.87516022,0.0005243113,0.902080536,93.3367,93.31051,-0.5988102,0.130968556,3.22610545,-1.32115257,1,0,4,5632.549,268.172424,1727.17639,2,0,0,0,0.12,1,0,0,0,0.0392622538,1,0,0,0,Grip,-54.41697,0.0301246941
264,5.279996,4.279996,13.2674541,0.742980242,100.7904,9.553053,-0.00509414356,24.199255,3.881693,0.0004982576,0.8788109,93.49867,93.47225,-0.602203369,0.131062284,3.23504925,-1.32635319,1,0,4,5641.60742,267.4498,1722.52234,2,0,0,0,0.12,1,0,0,0,0.039231237,1,0,0,0,Grip,-54.5240059,0.0300528854
265,5.299996,4.299996,13.4599352,0.742879152,101.274818,9.63081551,-0.005084477,24.2163639,3.88813019,0.000483333133,0.855445862,93.65984,93.6332,-0.605582237,0.131156355,3.244015,-1.33151579,1,0,4,5650.61865,266.7323,1717.90125,2,0,0,0,0.12,1,0,0,0,0.03920038,1,0,0,0,Grip,-54.6298523,0.0299815536
266,5.319996,4.319996,13.6539745,0.74277854,101.759575,9.708704,-0.00507482467,24.23301,3.89442444,0.000482611358,0.8322716,93.82023,93.7933655,-0.6089487,0.131249383,3.25284767,-1.33664453,1,0,4,5659.58545,266.019684,1713.31165,2,0,0,0,0.12,1,0,0,0,0.0391696729,1,0,0,0,Grip,-54.7357941,0.0299105085
267,5.339996,4.339996,13.8495731,0.742677867,102.244652,9.786715,-0.00506578339,24.2491913,3.900528,0.000452063978,0.8090973,93.9798355,93.95274,-0.6123085,0.131344482,3.26157665,-1.34175253,1,0,4,5668.504,265.312256,1708.75537,2,0,0,0,0.12,1,0,0,0,0.0391391069,1,0,0,0,Grip,-54.840786,0.0298400819
268,5.359996,4.359996,14.0467358,0.742577434,102.730042,9.864849,-0.0050565633,24.2649117,3.90672684,0.000461004674,0.7860184,94.1386642,94.11134,-0.615654945,0.131435364,3.27042818,-1.346825,1,0,4,5677.381,264.609467,1704.229,2,0,0,0,0.12,1,0,0,0,0.0391086973,1,0,0,0,Grip,-54.9471626,0.0297699552
269,5.379996,4.379996,14.2454643,0.7424772,103.215744,9.943103,-0.005047224,24.28017,3.9126873,0.000466965139,0.762939453,94.2967148,94.26917,-0.618989,0.131525263,3.2791326,-1.35186434,1,0,4,5686.20947,263.9118,1699.73572,2,0,0,0,0.12,1,0,0,0,0.0390784331,1,0,0,0,Grip,-55.05019,0.02970035
270,5.399996,4.399996,14.4457607,0.742377043,103.701736,10.0214729,-0.00503779529,24.2949677,3.91850471,0.0004714355,0.739860535,94.454,94.42624,-0.6223154,0.131616518,3.287778,-1.3568815,1,0,4,5694.995,263.218933,1695.27319,2,0,0,0,0.12,1,0,0,0,0.0390483178,1,0,0,0,Grip,-55.1523,0.0296311
271,5.419996,4.419996,14.6476269,0.742277265,104.188011,10.0999594,-0.00502806855,24.3093052,3.92432213,0.000486336648,0.716877,94.6105347,94.5825348,-0.625626564,0.131704673,3.29645658,-1.36185944,1,0,4,5703.737,262.530853,1690.84167,2,0,0,0,0.12,1,0,0,0,0.0390183479,1,0,0,0,Grip,-55.25528,0.0295622479
272,5.439996,4.439996,14.8510647,0.7421775,104.674576,10.1785574,-0.005018253,24.323185,3.92990112,0.0004907837,0.6939888,94.7663,94.7380753,-0.628929138,0.1317954,3.30495048,-1.36681354,1,0,4,5712.433,261.8477,1686.44165,2,0,0,0,0.12,1,0,0,0,0.03898852,1,0,0,0,Grip,-55.3557472,0.0294939242
273,5.45999575,4.45999575,15.056077,0.742078066,105.161407,10.257267,-0.00500815362,24.3366051,3.93548,0.0005049631,0.671005249,94.92132,94.89286,-0.632218361,0.131883278,3.31355453,-1.37173331,1,0,4,5721.08838,261.1691,1682.07117,2,0,0,0,0.12,1,0,0,0,0.0389588363,1,0,0,0,Grip,-55.458004,0.0294259917
274,5.47999573,4.47999573,15.2626657,0.741978765,105.648491,10.3360853,-0.004997861,24.34957,3.940916,0.0005146256,0.648212433,95.07558,95.0469,-0.635499954,0.131973743,3.32202125,-1.37663114,1,0,4,5729.69873,260.4954,1677.73218,2,0,0,0,0.12,1,0,0,0,0.0389293022,1,0,0,0,Grip,-55.5579262,0.0293585323
275,5.49999571,4.49999571,15.4708347,0.7418796,106.135834,10.41501,-0.00498730037,24.3620777,3.94625664,0.0005280366,0.6254196,95.2290955,95.2001953,-0.6387701,0.132061645,3.330472,-1.38149929,1,0,4,5738.26758,259.826263,1673.42261,2,0,0,0,0.12,1,0,0,0,0.038899906,1,0,0,0,Grip,-55.6596565,0.0292914174
276,5.51999569,4.51999569,15.680584,0.7417808,106.623405,10.4940405,-0.00497624837,24.37413,3.95150185,0.00055260025,0.6026268,95.3818741,95.35275,-0.6420307,0.132150441,3.33890676,-1.38634193,1,0,4,5746.7915,259.162,1669.14429,2,0,0,0,0.12,1,0,0,0,0.03887065,1,0,0,0,Grip,-55.75928,0.0292247161
277,5.53999567,4.53999567,15.8919163,0.741682053,107.111221,10.5731726,-0.004965062,24.3857288,3.956604,0.000559329055,0.579929352,95.53393,95.50457,-0.6452856,0.1322356,3.347242,-1.39116752,1,0,4,5755.27344,258.50235,1664.89587,2,0,0,0,0.12,1,0,0,0,0.0388415344,1,0,0,0,Grip,-55.8594322,0.0291584451
278,5.55999565,4.55999565,16.1048336,0.7415836,107.599258,10.6524057,-0.00495330943,24.3968735,3.96165848,0.000587618,0.5572319,95.68524,95.65566,-0.6485243,0.1323211,3.35560513,-1.39595366,1,0,4,5763.71436,257.8473,1660.67688,2,0,0,0,0.12,1,0,0,0,0.0388125665,1,0,0,0,Grip,-55.95666,0.0290926956
279,5.57999563,4.57999563,16.3193378,0.7414855,108.087509,10.7317371,-0.00494125951,24.4075661,3.96657,0.000602495857,0.5346298,95.83584,95.80603,-0.6517563,0.132408872,3.36386847,-1.40072072,1,0,4,5772.11328,257.1968,1656.48743,2,0,0,0,0.12,1,0,0,0,0.03878373,1,0,0,0,Grip,-56.0540047,0.0290273242
280,5.59999561,4.59999561,16.535429,0.7413875,108.575958,10.8111649,-0.00492914952,24.4178066,3.971386,0.0006054994,0.51202774,95.98571,95.95568,-0.6549816,0.1324944,3.37211561,-1.40546906,1,0,4,5780.47168,256.5508,1652.3269,2,0,0,0,0.12,1,0,0,0,0.03875503,1,0,0,0,Grip,-56.1529,0.0289628059
281,5.61999559,4.61999559,16.7531128,0.741289735,109.064606,10.890687,-0.004916712,24.427597,3.97610664,0.000621867366,0.489521027,96.1348648,96.10461,-0.6581936,0.132581025,3.38030577,-1.41018462,1,0,4,5788.792,255.909088,1648.19385,2,0,0,0,0.12,1,0,0,0,0.03872647,1,0,0,0,Grip,-56.24995,0.0288981833
282,5.63999557,4.63999557,16.97239,0.7411923,109.553444,10.9703016,-0.004903947,24.4369373,3.980732,0.000638258643,0.4670143,96.28331,96.25282,-0.6614046,0.1326681,3.388479,-1.414894,1,0,4,5797.068,255.272186,1644.0918,2,0,0,0,0.12,1,0,0,0,0.0386980474,1,0,0,0,Grip,-56.3476677,0.0288340077
283,5.65999556,4.65999556,17.19326,0.741095066,110.042458,11.0500069,-0.00489091361,24.44583,3.985262,0.0006516697,0.444602966,96.43105,96.40034,-0.664605141,0.132753029,3.39659524,-1.41957676,1,0,4,5805.303,254.639725,1640.01843,2,0,0,0,0.12,1,0,0,0,0.0386697575,1,0,0,0,Grip,-56.44557,0.02877039
284,5.67999554,4.67999554,17.4157276,0.740998,110.531639,11.1298018,-0.004877761,24.4542732,3.98974419,0.000657630153,0.42219162,96.57809,96.54715,-0.6677942,0.132836625,3.40473747,-1.42423129,1,0,4,5813.49756,254.011765,1635.974,2,0,0,0,0.12,1,0,0,0,0.0386416055,1,0,0,0,Grip,-56.5417061,0.0287070535
285,5.69999552,4.69999552,17.6397915,0.740901351,111.020981,11.2096834,-0.004864281,24.46227,3.9940834,0.000673998147,0.399875641,96.7244339,96.69326,-0.670978546,0.1329203,3.41277838,-1.42887163,1,0,4,5821.65234,253.3882,1631.958,2,0,0,0,0.12,1,0,0,0,0.0386135839,1,0,0,0,Grip,-56.6366844,0.0286442451
286,5.7199955,4.7199955,17.8654575,0.7408049,111.510475,11.28965,-0.00485071167,24.46982,3.99832726,0.0006784685,0.3774643,96.87009,96.8386841,-0.6741495,0.133005515,3.420845,-1.43348014,1,0,4,5829.769,252.768845,1627.969,2,0,0,0,0.12,1,0,0,0,0.0385856926,1,0,0,0,Grip,-56.7315674,0.0285817459
287,5.73999548,4.73999548,18.0927238,0.7407087,112.000122,11.3696995,-0.00483688852,24.4769249,4.00247574,0.000691157766,0.355243683,97.0150452,96.98341,-0.6773176,0.133089572,3.4288106,-1.43807876,1,0,4,5837.846,252.153885,1624.0083,2,0,0,0,0.12,1,0,0,0,0.0385579355,1,0,0,0,Grip,-56.82747,0.0285196826
288,5.75999546,4.75999546,18.3215923,0.740613,112.489891,11.449831,-0.004822872,24.4835835,4.00657654,0.000700820237,0.3329277,97.15932,97.12746,-0.680477142,0.133174032,3.43684435,-1.44265556,1,0,4,5845.883,251.54335,1620.07617,2,0,0,0,0.12,1,0,0,0,0.0385303125,1,0,0,0,Grip,-56.92234,0.0284580067
289,5.77999544,4.77999544,18.5520649,0.740517259,112.97979,11.5300417,-0.00480891531,24.4898,4.01053429,0.00069784,0.31080246,97.30291,97.27082,-0.683629036,0.1332585,3.44473362,-1.44721293,1,0,4,5853.88135,250.937027,1616.171,2,0,0,0,0.12,1,0,0,0,0.03850282,1,0,0,0,Grip,-57.01737,0.0283967461
290,5.79999542,4.79999542,18.7841434,0.7404219,113.4698,11.6103306,-0.00479443744,24.495573,4.01444435,0.000723893754,0.288677216,97.44583,97.41351,-0.686772346,0.133338168,3.45264864,-1.45174873,1,0,4,5861.841,250.334991,1612.29358,2,0,0,0,0.12,1,0,0,0,0.0384754539,1,0,0,0,Grip,-57.1122627,0.0283358619
291,5.8199954,4.8199954,19.0178318,0.740327,113.95993,11.6906958,-0.00477969134,24.5009041,4.018259,0.0007373048,0.266551971,97.58808,97.5555344,-0.6899071,0.13342084,3.46054673,-1.45626318,1,0,4,5869.761,249.737259,1608.444,2,0,0,0,0.12,1,0,0,0,0.0384482145,1,0,0,0,Grip,-57.2033768,0.0282753874
292,5.83999538,4.83999538,19.2531261,0.7402321,114.450142,11.7711344,-0.004765079,24.5057926,4.02193069,0.00073062256,0.244426727,97.72967,97.69689,-0.6930342,0.133502066,3.468385,-1.46075833,1,0,4,5877.645,249.143616,1604.62048,2,0,0,0,0.12,1,0,0,0,0.0384211056,1,0,0,0,Grip,-57.29662,0.0282153711
293,5.85999537,4.85999537,19.4900341,0.7401377,114.940445,11.8516455,-0.004750005,24.51024,4.02555466,0.0007536961,0.222396851,97.87058,97.83758,-0.6961584,0.1335845,3.47620559,-1.46524441,1,0,4,5885.4917,248.554123,1600.82385,2,0,0,0,0.12,1,0,0,0,0.03839412,1,0,0,0,Grip,-57.38863,0.0281556174
294,5.87999535,4.87999535,19.7285519,0.7400435,115.43084,11.9322271,-0.004734782,24.5142479,4.02908325,0.000761146657,0.200366974,98.01084,97.9776,-0.6992693,0.1336645,3.484009,-1.46969962,1,0,4,5893.30029,247.968765,1597.05383,2,0,0,0,0.12,1,0,0,0,0.0383672677,1,0,0,0,Grip,-57.4814,0.0280963145
295,5.89999533,4.89999533,19.9686832,0.7399497,115.921295,12.0128765,-0.004719559,24.5178165,4.032469,0.000761146657,0.178432465,98.150444,98.11698,-0.7023754,0.133747831,3.49170971,-1.47414184,1,0,4,5901.071,247.387589,1593.31079,2,0,0,0,0.12,1,0,0,0,0.038340535,1,0,0,0,Grip,-57.572197,0.0280374773
296,5.91999531,4.91999531,20.2104321,0.739856,116.411819,12.0935936,-0.00470442558,24.5209465,4.03585434,0.0007566763,0.156497955,98.2894,98.2557,-0.705472,0.133827433,3.49947739,-1.47856116,1,0,4,5908.806,246.810364,1589.59314,2,0,0,0,0.12,1,0,0,0,0.03831393,1,0,0,0,Grip,-57.6653633,0.0279790647
297,5.93999529,4.93999529,20.4537945,0.7397629,116.90239,12.1743765,-0.00468896469,24.52364,4.03914452,0.0007730443,0.134658813,98.4277,98.39377,-0.7085638,0.133908674,3.50718331,-1.48296785,1,0,4,5916.50342,246.23732,1585.90234,2,0,0,0,0.12,1,0,0,0,0.03828745,1,0,0,0,Grip,-57.75557,0.0279209521
298,5.95999527,4.95999527,20.6987743,0.7396699,117.393013,12.2552233,-0.004673712,24.5258942,4.04233932,0.0007626368,0.112724304,98.56536,98.5312042,-0.7116461,0.133988321,3.514917,-1.487352,1,0,4,5924.165,245.6682,1582.23694,2,0,0,0,0.12,1,0,0,0,0.03826109,1,0,0,0,Grip,-57.8468781,0.02786325
299,5.97999525,4.97999525,20.9453735,0.7395772,117.883675,12.336132,-0.00465834,24.5277138,4.045439,0.000768597238,0.09098053,98.7023849,98.66799,-0.7147217,0.134062946,3.522544,-1.49171948,1,0,4,5931.79,245.103134,1578.59766,2,0,0,0,0.12,1,0,0,0,0.0382348523,1,0,0,0,Grip,-57.9368477,0.027805917
300,5.999995,4.999995,21.1935921,0.7394848,118.374359,12.417098,-0.004642804,24.5290947,4.0483,0.0007767929,0.06904602,98.83878,98.80415,-0.7177868,0.134141579,3.53011823,-1.496063,1,0,4,5939.37646,244.542191,1574.98486,2,0,0,0,0.12,1,0,0,0,0.038208738,1,0,0,0,Grip,-58.0228767,0.0277427528
301,6.019995,5.019995,21.44343,0.739392757,118.865067,12.4981241,-0.004627254,24.5300465,4.051304,0.000777514651,0.04758835,98.9745255,98.93967,-0.7208452,0.1342184,3.53765845,-1.5003897,1,0,4,5946.931,243.984909,1571.39563,2,0,0,0,0.12,1,0,0,0,0.0381827429,1,0,0,0,Grip,-58.1118,0.027686188
302,6.039995,5.039995,21.694891,0.739300966,119.355782,12.5792065,-0.00461182231,24.5305634,4.054117,0.00077157747,0.025844574,99.1096649,99.07458,-0.7238941,0.134295464,3.54523349,-1.50469458,1,0,4,5954.448,243.431717,1567.83276,2,0,0,0,0.12,1,0,0,0,0.03815687,1,0,0,0,Grip,-58.19921,0.0276300441
303,6.059995,5.059995,21.9479752,0.7392095,119.846504,12.6603432,-0.00459631626,24.5306473,4.056835,0.00077530276,0.004196167,99.24417,99.20885,-0.72693634,0.134371743,3.55274582,-1.50898325,1,0,4,5961.93164,242.882263,1564.294,2,0,0,0,0.12,1,0,0,0,0.0381311141,1,0,0,0,Grip,-58.2866859,0.0275741629
304,6.079995,5.079995,22.2026825,0.739118457,120.337219,12.7415333,-0.00458066165,24.5302982,4.05950546,0.000782730058,-0.01745224,99.37806,99.34251,-0.729969,0.134447515,3.56028271,-1.51324987,1,0,4,5969.379,242.336777,1560.78076,2,0,0,0,0.12,1,0,0,0,0.0381054766,1,0,0,0,Grip,-58.3734245,0.02751869
305,6.099995,5.099995,22.4590168,0.7390276,120.827919,12.822773,-0.004565096,24.52952,4.061985,0.000778283,-0.0389099121,99.51133,99.4755554,-0.7329998,0.134524122,3.567626,-1.51751053,1,0,4,5976.7915,241.795074,1557.29187,2,0,0,0,0.12,1,0,0,0,0.0380799621,1,0,0,0,Grip,-58.4596443,0.027463574
306,6.119995,5.119995,22.7169762,0.7389371,121.318588,12.9040623,-0.00454938132,24.52831,4.06446457,0.0007857336,-0.06046295,99.644,99.60799,-0.7360172,0.13459906,3.575082,-1.52174163,1,0,4,5984.16943,241.2572,1553.82776,2,0,0,0,0.12,1,0,0,0,0.0380545557,1,0,0,0,Grip,-58.5463676,0.0274088122
307,6.139995,5.139995,22.9765625,0.7388468,121.809227,12.9853992,-0.004533503,24.5266724,4.06684875,0.0007939059,-0.0819206238,99.7760544,99.73981,-0.739028931,0.13467285,3.58247423,-1.52595866,1,0,4,5991.513,240.723083,1550.3877,2,0,0,0,0.12,1,0,0,0,0.0380292721,1,0,0,0,Grip,-58.63169,0.0273544453
308,6.159995,5.159995,23.2377777,0.7387569,122.299828,13.066782,-0.004517342,24.5246067,4.06913757,0.000808062032,-0.103282928,99.90751,99.8710251,-0.742033,0.134747356,3.58980179,-1.53015816,1,0,4,5998.82227,240.192764,1546.97217,2,0,0,0,0.12,1,0,0,0,0.0380041,1,0,0,0,Grip,-58.7160225,0.0273003764
309,6.179995,5.179995,23.50062,0.7386673,122.790375,13.14821,-0.00450118072,24.5221119,4.07137871,0.000808062032,-0.1247406,100.038361,100.001663,-0.7450237,0.1348187,3.59720063,-1.53432846,1,0,4,6006.098,239.6661,1543.5802,2,0,0,0,0.12,1,0,0,0,0.0379790477,1,0,0,0,Grip,-58.8007622,0.0272467174
310,6.199995,5.199995,23.7650928,0.738577962,123.280869,13.2296791,-0.004484811,24.51919,4.073477,0.000818492845,-0.1461029,100.168625,100.131676,-0.7480087,0.134892121,3.60449338,-1.53848529,1,0,4,6013.33936,239.143188,1540.21228,2,0,0,0,0.12,1,0,0,0,0.0379541032,1,0,0,0,Grip,-58.8829842,0.0271934085
311,6.219995,5.219995,24.0311966,0.738489032,123.771294,13.31119,-0.004468277,24.5158424,4.075527,0.0008266885,-0.167369843,100.298294,100.261108,-0.7509861,0.134964466,3.61176229,-1.54262447,1,0,4,6020.54932,238.6238,1536.86719,2,0,0,0,0.12,1,0,0,0,0.0379292741,1,0,0,0,Grip,-58.9666443,0.02714043
312,6.239995,5.239995,24.2989311,0.7384004,124.261642,13.3927383,-0.004451654,24.5120678,4.07743454,0.000831158832,-0.188732147,100.427376,100.389961,-0.753955841,0.13503781,3.6190207,-1.54674673,1,0,4,6027.724,238.108185,1533.54639,2,0,0,0,0.12,1,0,0,0,0.03790456,1,0,0,0,Grip,-59.0493622,0.0270878263
313,6.259995,5.259995,24.5682983,0.7383121,124.751915,13.4743242,-0.00443512062,24.50787,4.079294,0.0008266652,-0.209903717,100.555862,100.518227,-0.756917,0.135109961,3.62620664,-1.55084956,1,0,4,6034.86768,237.5961,1530.24829,2,0,0,0,0.12,1,0,0,0,0.037879955,1,0,0,0,Grip,-59.1327133,0.0270356257
314,6.279995,5.279995,24.8392963,0.738224268,125.242088,13.5559454,-0.00441866135,24.5032482,4.0810585,0.0008229632,-0.231075287,100.683777,100.6459,-0.759874344,0.13518545,3.633375,-1.55494332,1,0,4,6041.978,237.0876,1526.97327,2,0,0,0,0.12,1,0,0,0,0.037855465,1,0,0,0,Grip,-59.21503,0.0269837268
315,6.299995,5.299995,25.11193,0.73813653,125.732162,13.6376019,-0.004402545,24.4982033,4.082823,0.000805826858,-0.252246857,100.811104,100.773,-0.762820244,0.135253549,3.64060783,-1.55901194,1,0,4,6049.05762,236.58252,1523.72021,2,0,0,0,0.12,1,0,0,0,0.0378310829,1,0,0,0,Grip,-59.29975,0.0269322488
316,6.319995,5.319995,25.3861961,0.738049269,126.22213,13.7192888,-0.004386309,24.4927349,4.08434868,0.0008117873,-0.273418427,100.937866,100.899536,-0.765764236,0.135327712,3.64770055,-1.56307554,1,0,4,6056.101,236.081253,1520.49182,2,0,0,0,0.12,1,0,0,0,0.0378068127,1,0,0,0,Grip,-59.3787537,0.0268809851
317,6.339995,5.339995,25.6620979,0.7379621,126.711975,13.8010073,-0.004370356,24.4868469,4.08592224,0.0007976545,-0.294399261,101.064056,101.02549,-0.768695831,0.13539803,3.65480065,-1.56711245,1,0,4,6063.116,235.583252,1517.28442,2,0,0,0,0.12,1,0,0,0,0.03778265,1,0,0,0,Grip,-59.4622231,0.02683014
318,6.359995,5.359995,25.9396343,0.737875462,127.2017,13.8827543,-0.00435418,24.4805374,4.08735275,0.0008088071,-0.315475464,101.189682,101.150879,-0.771622658,0.135469511,3.66189122,-1.57113826,1,0,4,6070.09766,235.0888,1514.09985,2,0,0,0,0.12,1,0,0,0,0.0377585962,1,0,0,0,Grip,-59.54266,0.0267795566
319,6.379995,5.379995,26.21881,0.737789154,127.691284,13.964529,-0.004338078,24.4738083,4.08873558,0.0008050818,-0.3364563,101.314743,101.2757,-0.774541855,0.135538235,3.6689558,-1.57514751,1,0,4,6077.04736,234.597855,1510.93787,2,0,0,0,0.12,1,0,0,0,0.0377346464,1,0,0,0,Grip,-59.62386,0.0267294161
320,6.399995,5.399995,26.4996166,0.737702966,128.180725,14.0463285,-0.004322215,24.46666,4.08997536,0.000793160871,-0.357437134,101.439247,101.399971,-0.7774515,0.135607287,3.67596221,-1.57913613,1,0,4,6083.966,234.1103,1507.79785,2,0,0,0,0.12,1,0,0,0,0.03771081,1,0,0,0,Grip,-59.7028465,0.026679527
321,6.419995,5.419995,26.7820625,0.7376174,128.670029,14.1281528,-0.00430618739,24.4590912,4.091215,0.0008013798,-0.378417969,101.563187,101.523689,-0.780355453,0.13567616,3.68303251,-1.583112,1,0,4,6090.854,233.626114,1504.67932,2,0,0,0,0.12,1,0,0,0,0.0376870781,1,0,0,0,Grip,-59.78196,0.02662999
322,6.439995,5.439995,27.0661449,0.737531841,129.159164,14.2099991,-0.00429045828,24.451107,4.092312,0.000786455348,-0.399208069,101.686577,101.646843,-0.7832489,0.135744572,3.68994546,-1.5870657,1,0,4,6097.709,233.1454,1501.58325,2,0,0,0,0.12,1,0,0,0,0.03766345,1,0,0,0,Grip,-59.8608246,0.026580818
323,6.459995,5.459995,27.3518658,0.737446666,129.648132,14.2918663,-0.00427440135,24.4427071,4.093361,0.0008028466,-0.419998169,101.809418,101.769455,-0.7861347,0.135811359,3.69688058,-1.5910027,1,0,4,6104.535,232.667969,1498.50842,2,0,0,0,0.12,1,0,0,0,0.03763993,1,0,0,0,Grip,-59.9392128,0.02653184
324,6.479995,5.479995,27.639225,0.7373618,130.136932,14.3737526,-0.004258255,24.43389,4.09431458,0.000807317,-0.440883636,101.931717,101.891518,-0.789010048,0.135879159,3.7038486,-1.59491765,1,0,4,6111.32861,232.193939,1495.45532,2,0,0,0,0.12,1,0,0,0,0.0376165137,1,0,0,0,Grip,-60.01626,0.0264832564
325,6.49999475,5.49999475,27.9282246,0.737277269,130.625534,14.4556551,-0.00424195966,24.4246578,4.095125,0.000814767554,-0.461578369,102.053474,102.013039,-0.791881561,0.135946333,3.71065784,-1.59882414,1,0,4,6118.09375,231.723068,1492.42273,2,0,0,0,0.12,1,0,0,0,0.0375932,1,0,0,0,Grip,-60.0939522,0.0264349859
326,6.51999474,5.51999474,28.2188587,0.7371932,131.113953,14.5375738,-0.0042256196,24.4150124,4.095936,0.0008170027,-0.4822731,102.17469,102.134026,-0.7947445,0.136012882,3.71753,-1.60271215,1,0,4,6124.828,231.255554,1489.41162,2,0,0,0,0.12,1,0,0,0,0.03756999,1,0,0,0,Grip,-60.17106,0.0263869725
327,6.53999472,5.53999472,28.5111351,0.7371093,131.602158,14.6195068,-0.004209518,24.404953,4.096651,0.0008050818,-0.502967834,102.295364,102.254471,-0.797600746,0.13607806,3.72438455,-1.60658622,1,0,4,6131.53174,230.791321,1486.42175,2,0,0,0,0.12,1,0,0,0,0.03754688,1,0,0,0,Grip,-60.2475739,0.02633943
328,6.5599947,5.5599947,28.805048,0.737025857,132.090149,14.7014513,-0.00419320771,24.39448,4.09722328,0.0008155126,-0.523662567,102.41552,102.37439,-0.8004503,0.136144161,3.73118186,-1.610446,1,0,4,6138.20654,230.330231,1483.452,2,0,0,0,0.12,1,0,0,0,0.0375238769,1,0,0,0,Grip,-60.322937,0.0262920223
329,6.57999468,5.57999468,29.1006012,0.736942649,132.577942,14.7834072,-0.004177046,24.3835945,4.09779549,0.0008080853,-0.544261932,102.535133,102.493767,-0.8032799,0.136208013,3.73799086,-1.61426473,1,0,4,6144.85156,229.872391,1480.5033,2,0,0,0,0.12,1,0,0,0,0.0375009738,1,0,0,0,Grip,-60.39888,0.0262450874
330,6.59999466,5.59999466,29.3977966,0.7368596,133.065491,14.8653717,-0.00416091457,24.3723,4.09822464,0.0008065719,-0.56476593,102.654221,102.612625,-0.80611515,0.136273414,3.74469042,-1.61809433,1,0,4,6151.46631,229.417755,1477.5752,2,0,0,0,0.12,1,0,0,0,0.037478175,1,0,0,0,Grip,-60.4730072,0.0261984132
331,6.61999464,5.61999464,29.6966286,0.7367772,133.552826,14.9473438,-0.004144619,24.3605919,4.098606,0.000814767554,-0.5853653,102.772789,102.730965,-0.808933258,0.1363389,3.75146484,-1.62188923,1,0,4,6158.05371,228.966141,1474.66663,2,0,0,0,0.12,1,0,0,0,0.03745547,1,0,0,0,Grip,-60.5481949,0.0261520259
332,6.63999462,5.63999462,29.9971027,0.7366948,134.039917,15.0293217,-0.0041286964,24.3484764,4.098892,0.0007961411,-0.6057739,102.890839,102.848785,-0.811747551,0.136401758,3.758117,-1.62567556,1,0,4,6164.61133,228.517746,1471.77869,2,0,0,0,0.12,1,0,0,0,0.0374328643,1,0,0,0,Grip,-60.62334,0.026105985
333,6.6599946,5.6599946,30.2992134,0.7366129,134.526749,15.1113033,-0.00411262456,24.33595,4.099083,0.0008035917,-0.6262779,103.008369,102.966072,-0.814553261,0.136465713,3.7648046,-1.62944436,1,0,4,6171.13965,228.072449,1468.91077,2,0,0,0,0.12,1,0,0,0,0.03741036,1,0,0,0,Grip,-60.69638,0.0260602124
334,6.67999458,5.67999458,30.6029663,0.736531258,135.013336,15.1932878,-0.004096478,24.3230171,4.099226,0.000807317,-0.646686554,103.125389,103.08287,-0.817353249,0.136531025,3.771462,-1.63320136,1,0,4,6177.63867,227.63028,1466.063,2,0,0,0,0.12,1,0,0,0,0.0373879522,1,0,0,0,Grip,-60.7701378,0.02601471
335,6.69999456,5.69999456,30.90836,0.736449957,135.499634,15.2752733,-0.00408027228,24.3096771,4.09927368,0.0008102972,-0.6669998,103.2419,103.199135,-0.820142746,0.136595577,3.77804971,-1.63693666,1,0,4,6184.111,227.191071,1463.23413,2,0,0,0,0.12,1,0,0,0,0.0373656452,1,0,0,0,Grip,-60.84481,0.025969509
336,6.71999454,5.71999454,31.2153931,0.7363691,135.985672,15.3572588,-0.00406388752,24.29593,4.09927368,0.0008192379,-0.6873131,103.357895,103.3149,-0.8229246,0.136655524,3.78465915,-1.64065683,1,0,4,6190.55273,226.75502,1460.42578,2,0,0,0,0.12,1,0,0,0,0.037343435,1,0,0,0,Grip,-60.9188,0.0259245783
337,6.73999453,5.73999453,31.5240669,0.7362884,136.47142,15.4392414,-0.004047637,24.2817783,4.09913063,0.0008125324,-0.707626343,103.4734,103.430168,-0.8257036,0.136719435,3.79121184,-1.64437044,1,0,4,6196.96533,226.322083,1457.63745,2,0,0,0,0.12,1,0,0,0,0.0373213179,1,0,0,0,Grip,-60.9891968,0.0258800276
338,6.75999451,5.75999451,31.8343811,0.736207962,136.9569,15.52122,-0.00403132662,24.2672215,4.09894,0.0008155126,-0.727844238,103.588387,103.54493,-0.8284712,0.136780828,3.79773355,-1.64806139,1,0,4,6203.35449,225.8918,1454.86621,2,0,0,0,0.12,1,0,0,0,0.0372992977,1,0,0,0,Grip,-61.06249,0.02583564
339,6.77999449,5.77999449,32.14633,0.736128,137.442062,15.6031942,-0.00401485246,24.25226,4.09870148,0.000823708251,-0.748062134,103.702888,103.659195,-0.831230164,0.136841953,3.80427742,-1.651735,1,0,4,6209.712,225.464813,1452.11609,2,0,0,0,0.12,1,0,0,0,0.0372773744,1,0,0,0,Grip,-61.13376,0.0257916935
340,6.79999447,5.79999447,32.4599228,0.736048341,137.926926,15.6851606,-0.0039984975,24.2368946,4.09832,0.0008177478,-0.76828,103.816895,103.772972,-0.8339834,0.136902526,3.81076527,-1.65539682,1,0,4,6216.044,225.040573,1449.38379,2,0,0,0,0.12,1,0,0,0,0.0372555442,1,0,0,0,Grip,-61.2047272,0.02574798
341,6.81999445,5.81999445,32.7751541,0.735968947,138.411453,15.7671185,-0.00398230646,24.2211266,4.097891,0.000809552148,-0.788402557,103.9304,103.886246,-0.8367262,0.136964262,3.817221,-1.65903783,1,0,4,6222.34863,224.619263,1446.67029,2,0,0,0,0.12,1,0,0,0,0.03723381,1,0,0,0,Grip,-61.27517,0.0257045086
342,6.83999443,5.83999443,33.0920258,0.735889852,138.895676,15.8490667,-0.0039659813,24.204958,4.097414,0.000816257671,-0.8084297,104.043419,103.999039,-0.8394613,0.137023509,3.8236444,-1.66266334,1,0,4,6228.62549,224.200912,1443.976,2,0,0,0,0.12,1,0,0,0,0.03721217,1,0,0,0,Grip,-61.34638,0.0256613288
343,6.85999441,5.85999441,33.4105377,0.735811234,139.379562,15.9310026,-0.003949805,24.1883869,4.096794,0.0008088071,-0.828552246,104.15596,104.111343,-0.842188835,0.137082532,3.83006644,-1.666274,1,0,4,6234.874,223.7855,1441.30054,2,0,0,0,0.12,1,0,0,0,0.0371906236,1,0,0,0,Grip,-61.4156036,0.0256185271
344,6.87999439,5.87999439,33.7306862,0.7357328,139.863113,16.0129242,-0.003933897,24.1714172,4.096079,0.0007954193,-0.848484039,104.268013,104.223167,-0.844907761,0.1371424,3.83636236,-1.66986728,1,0,4,6241.09766,223.372818,1438.64258,2,0,0,0,0.12,1,0,0,0,0.03716917,1,0,0,0,Grip,-61.4845543,0.025575988
345,6.89999437,5.89999437,34.052475,0.7356547,140.3463,16.0948315,-0.00391791435,24.154047,4.09536362,0.000799121335,-0.8685112,104.379585,104.3345,-0.847619057,0.137202725,3.842774,-1.67344582,1,0,4,6247.29443,222.962982,1436.003,2,0,0,0,0.12,1,0,0,0,0.0371478051,1,0,0,0,Grip,-61.5540466,0.02553361
346,6.91999435,5.91999435,34.3759,0.7355769,140.829147,16.1767235,-0.00390196173,24.1362782,4.09460068,0.0007976312,-0.888443,104.490677,104.445366,-0.85032177,0.13726069,3.84915257,-1.67700708,1,0,4,6253.46436,222.556,1433.38184,2,0,0,0,0.12,1,0,0,0,0.0371265337,1,0,0,0,Grip,-61.6237679,0.0254915357
347,6.93999434,5.93999434,34.7009659,0.735499263,141.31163,16.2585983,-0.00388611318,24.1181126,4.09374237,0.000792427454,-0.9082794,104.6013,104.555763,-0.853016853,0.13731809,3.85545874,-1.68055356,1,0,4,6259.60645,222.1519,1430.77917,2,0,0,0,0.12,1,0,0,0,0.03710535,1,0,0,0,Grip,-61.6916122,0.0254498683
348,6.95999432,5.95999432,35.027668,0.735422254,141.793747,16.3404541,-0.003869952,24.09955,4.0927887,0.000808062032,-0.928115845,104.711456,104.665688,-0.855703354,0.13737601,3.8617475,-1.6840831,1,0,4,6265.724,221.750443,1428.1936,2,0,0,0,0.12,1,0,0,0,0.0370842628,1,0,0,0,Grip,-61.7589226,0.0254083574
349,6.9799943,5.9799943,35.3560028,0.7353453,142.275482,16.422287,-0.003854148,24.0805912,4.09164429,0.0007901923,-0.9479523,104.821136,104.775146,-0.858384132,0.1374328,3.86794257,-1.6876018,1,0,4,6271.81543,221.35173,1425.62561,2,0,0,0,0.12,1,0,0,0,0.0370632559,1,0,0,0,Grip,-61.82653,0.0253671557
350,6.99999428,5.99999428,35.6859779,0.735268831,142.756836,16.504097,-0.00383815053,24.0612373,4.0905,0.000799878035,-0.9676933,104.930359,104.884132,-0.861058235,0.137490541,3.87414241,-1.69110715,1,0,4,6277.881,220.955811,1423.07568,2,0,0,0,0.12,1,0,0,0,0.0370423421,1,0,0,0,Grip,-61.893177,0.0253261589
351,7.01999426,6.01999426,36.01759,0.735192657,143.237778,16.5858822,-0.003822332,24.0414886,4.08926,0.0007909257,-0.9874344,105.039116,104.992653,-0.8637152,0.13754572,3.88032556,-1.69457912,1,0,4,6283.921,220.562531,1420.54272,2,0,0,0,0.12,1,0,0,0,0.0370215178,1,0,0,0,Grip,-61.9604454,0.0252855364
352,7.03999424,6.03999424,36.3508377,0.7351167,143.718323,16.6676426,-0.003806662,24.0213451,4.08802032,0.0007834984,-1.00717545,105.147408,105.100716,-0.8663721,0.137602136,3.88656926,-1.69805145,1,0,4,6289.93359,220.172073,1418.02808,2,0,0,0,0.12,1,0,0,0,0.0370007828,1,0,0,0,Grip,-62.0256729,0.025245104
353,7.059994,6.059994,36.68572,0.735041142,144.198456,16.7493763,-0.003791022,24.00081,4.086685,0.000781996641,-1.02672577,105.255241,105.208321,-0.869018555,0.13765651,3.89268255,-1.7015034,1,0,4,6295.92432,219.784027,1415.52881,2,0,0,0,0.12,1,0,0,0,0.0369801372,1,0,0,0,Grip,-62.0917358,0.0252049863
354,7.079994,6.079994,37.0222321,0.7349658,144.678177,16.8310814,-0.00377571,23.9798832,4.08525467,0.000765605364,-1.04637146,105.362625,105.315483,-0.871655464,0.137712255,3.89883637,-1.70493686,1,0,4,6301.886,219.39888,1413.04822,2,0,0,0,0.12,1,0,0,0,0.0369595774,1,0,0,0,Grip,-62.15616,0.0251652338
355,7.099994,6.099994,37.3603859,0.7348908,145.157471,16.912756,-0.00376053178,23.9585648,4.083729,0.0007589115,-1.06592178,105.469559,105.42218,-0.874286652,0.137768671,3.90491676,-1.70835936,1,0,4,6307.827,219.016129,1410.58313,2,0,0,0,0.12,1,0,0,0,0.0369391,1,0,0,0,Grip,-62.2215233,0.0251255576
356,7.119994,6.119994,37.70017,0.7348161,145.636337,16.9943981,-0.00374548766,23.9368553,4.08210754,0.00075220596,-1.08547211,105.576042,105.528435,-0.8769121,0.137824982,3.91098046,-1.71177137,1,0,4,6313.74,218.636139,1408.13574,2,0,0,0,0.12,1,0,0,0,0.03691871,1,0,0,0,Grip,-62.2872963,0.0250862278
357,7.139994,6.139994,38.041584,0.734741747,146.114761,17.0760059,-0.00373042841,23.9147568,4.080391,0.00075296266,-1.10492706,105.682083,105.634239,-0.879529953,0.137877956,3.91697073,-1.71516871,1,0,4,6319.631,218.2586,1405.70422,2,0,0,0,0.12,1,0,0,0,0.0368984081,1,0,0,0,Grip,-62.35289,0.0250470974
358,7.159994,6.159994,38.38463,0.73466754,146.592728,17.15758,-0.00371566741,23.89227,4.07867432,0.000738049857,-1.124382,105.787674,105.739609,-0.88214016,0.137932569,3.9230206,-1.71855164,1,0,4,6325.49365,217.88382,1403.29041,2,0,0,0,0.12,1,0,0,0,0.03687819,1,0,0,0,Grip,-62.415863,0.025008237
359,7.179994,6.179994,38.72931,0.734593749,147.070251,17.2391167,-0.0037007276,23.8693924,4.07686234,0.000746990554,-1.143837,105.89283,105.844536,-0.8847399,0.137984231,3.92905474,-1.72191429,1,0,4,6331.33447,217.511414,1400.892,2,0,0,0,0.12,1,0,0,0,0.0368580557,1,0,0,0,Grip,-62.4799843,0.024969615
360,7.199994,6.199994,39.07562,0.734520257,147.5473,17.3206158,-0.003685877,23.8461285,4.074955,0.000742531847,-1.16319656,105.997536,105.949013,-0.887330055,0.1380368,3.93501425,-1.72525942,1,0,4,6337.14844,217.141754,1398.51111,2,0,0,0,0.12,1,0,0,0,0.0368380062,1,0,0,0,Grip,-62.54178,0.02493136
361,7.219994,6.219994,39.4235573,0.734447,148.02388,17.4020748,-0.003670967,23.82248,4.07295227,0.000745500438,-1.18246078,106.101814,106.053062,-0.8899183,0.138090611,3.94089937,-1.72860074,1,0,4,6342.94141,216.774353,1396.1449,2,0,0,0,0.12,1,0,0,0,0.0368180349,1,0,0,0,Grip,-62.6041679,0.0248931348
362,7.239994,6.239994,39.7731247,0.7343741,148.499969,17.4834938,-0.00365581852,23.7984428,4.07094955,0.000757421367,-1.20182037,106.205658,106.156677,-0.8924961,0.138142064,3.94690228,-1.73192251,1,0,4,6348.7085,216.409561,1393.79541,2,0,0,0,0.12,1,0,0,0,0.0367981568,1,0,0,0,Grip,-62.66739,0.0248551965
363,7.259994,6.259994,40.1243248,0.7343015,148.975571,17.56487,-0.00364044658,23.7740211,4.06885147,0.000768597238,-1.22108459,106.309067,106.259865,-0.8950615,0.1381932,3.95283079,-1.73522067,1,0,4,6354.45068,216.047363,1391.46265,2,0,0,0,0.12,1,0,0,0,0.0367783569,1,0,0,0,Grip,-62.7287445,0.02481746
364,7.279994,6.279994,40.4771461,0.734229147,149.450684,17.646204,-0.00362498546,23.7492161,4.066658,0.000773055945,-1.24025345,106.412048,106.362625,-0.8976202,0.138245553,3.95868468,-1.73850632,1,0,4,6360.16943,215.687531,1389.14514,2,0,0,0,0.12,1,0,0,0,0.0367586352,1,0,0,0,Grip,-62.78977,0.024780063
365,7.299994,6.299994,40.8315926,0.7341572,149.9253,17.7274914,-0.00360921142,23.72403,4.064369,0.000788702164,-1.25932693,106.51461,106.464951,-0.900172234,0.138298959,3.964463,-1.7417798,1,0,4,6365.86475,215.330124,1386.84326,2,0,0,0,0.12,1,0,0,0,0.036739,1,0,0,0,Grip,-62.8516121,0.0247428864
366,7.319994,6.319994,41.1876678,0.73408556,150.399384,17.808733,-0.00359351188,23.69846,4.06208038,0.0007849769,-1.27849579,106.616753,106.566872,-0.9027128,0.138348818,3.9703598,-1.74503171,1,0,4,6371.53857,214.975052,1384.5564,2,0,0,0,0.12,1,0,0,0,0.03671944,1,0,0,0,Grip,-62.9141655,0.0247059353
367,7.339994,6.339994,41.5453644,0.734014034,150.872971,17.889925,-0.003577991,23.6725063,4.059601,0.0007760478,-1.29766464,106.718468,106.668358,-0.9052515,0.138399482,3.97616625,-1.74828076,1,0,4,6377.1875,214.622452,1382.2854,2,0,0,0,0.12,1,0,0,0,0.0366999656,1,0,0,0,Grip,-62.97394,0.0246693678
368,7.359994,6.359994,41.904686,0.7339431,151.346024,17.9710674,-0.00356226182,23.6461735,4.05712128,0.000786455348,-1.31664276,106.819771,106.769432,-0.90777874,0.138450086,3.98191261,-1.75150812,1,0,4,6382.815,214.272156,1380.0293,2,0,0,0,0.12,1,0,0,0,0.036680568,1,0,0,0,Grip,-63.03424,0.0246328842
369,7.379994,6.379994,42.26563,0.7338723,151.818542,18.0521584,-0.003546875,23.6194611,4.05454636,0.0007693423,-1.33562088,106.920654,106.870094,-0.910294533,0.138502389,3.98764324,-1.75471449,1,0,4,6388.418,213.924271,1377.78882,2,0,0,0,0.12,1,0,0,0,0.03666125,1,0,0,0,Grip,-63.09441,0.0245967172
370,7.399994,6.399994,42.6281929,0.733801842,152.290512,18.1331959,-0.003531399,23.59237,4.051876,0.000773801,-1.354599,107.021126,106.970329,-0.9128103,0.138550356,3.99335837,-1.75792134,1,0,4,6394,213.578629,1375.56262,2,0,0,0,0.12,1,0,0,0,0.03664201,1,0,0,0,Grip,-63.1557655,0.0245606918
371,7.419994,6.419994,42.99238,0.7337315,152.761948,18.21418,-0.00351611641,23.5649,4.049206,0.0007641269,-1.37348175,107.121178,107.070168,-0.9153185,0.138601944,3.99907112,-1.76111412,1,0,4,6399.55566,213.235535,1373.35291,2,0,0,0,0.12,1,0,0,0,0.0366228558,1,0,0,0,Grip,-63.21375,0.0245249942
372,7.439994,6.439994,43.35818,0.7336619,153.2328,18.2951088,-0.00350084878,23.5370522,4.04644,0.000763381831,-1.3923645,107.22084,107.169594,-0.917816162,0.138648823,4.004769,-1.76428759,1,0,4,6405.09375,212.89444,1371.15613,2,0,0,0,0.12,1,0,0,0,0.03660377,1,0,0,0,Grip,-63.27439,0.0244896039
373,7.459994,6.459994,43.7256,0.733592153,153.7031,18.37598,-0.00348614715,23.50883,4.043579,0.000735081267,-1.41115189,107.320091,107.268623,-0.9203043,0.1386967,4.01039076,-1.76744342,1,0,4,6410.606,212.555847,1368.97534,2,0,0,0,0.12,1,0,0,0,0.03658477,1,0,0,0,Grip,-63.33138,0.0244543254
374,7.479994,6.479994,44.09464,0.733523,154.172836,18.4567928,-0.00347114773,23.48023,4.04062271,0.0007499708,-1.42993927,107.418938,107.367249,-0.922787666,0.13874501,4.015997,-1.77059078,1,0,4,6416.098,212.219376,1366.80835,2,0,0,0,0.12,1,0,0,0,0.036565844,1,0,0,0,Grip,-63.3890343,0.0244192034
375,7.499994,6.499994,44.4652939,0.733454049,154.641983,18.5375443,-0.00345658022,23.4512558,4.037571,0.000728375744,-1.44872665,107.51738,107.465477,-0.925266266,0.13879171,4.02158833,-1.77373016,1,0,4,6421.567,211.885239,1364.65625,2,0,0,0,0.12,1,0,0,0,0.036546994,1,0,0,0,Grip,-63.4469337,0.0243844278
376,7.519994,6.519994,44.83756,0.7333852,155.11055,18.6182346,-0.003442132,23.4219055,4.034519,0.0007224153,-1.467514,107.615425,107.5633,-0.9277277,0.138838723,4.02723837,-1.77683723,1,0,4,6427.014,211.553314,1362.51855,2,0,0,0,0.12,1,0,0,0,0.03652822,1,0,0,0,Grip,-63.50353,0.0243497863
377,7.539994,6.539994,45.21144,0.733317,155.578537,18.6988621,-0.00342741539,23.3921814,4.031372,0.0007358263,-1.486206,107.713074,107.660721,-0.9301882,0.1388864,4.032812,-1.779944,1,0,4,6432.439,211.223648,1360.39526,2,0,0,0,0.12,1,0,0,0,0.03650952,1,0,0,0,Grip,-63.560276,0.0243153721
378,7.55999374,6.55999374,45.5869331,0.733248651,156.0459,18.7794247,-0.00341328,23.3620872,4.02812958,0.00070676906,-1.50470734,107.810326,107.757744,-0.932642,0.138933688,4.038247,-1.7830379,1,0,4,6437.843,210.896088,1358.28564,2,0,0,0,0.12,1,0,0,0,0.0364909,1,0,0,0,Grip,-63.6174431,0.0242812932
379,7.57999372,6.57999372,45.964035,0.733181,156.512665,18.85992,-0.00339857838,23.33162,4.02479172,0.000735081267,-1.52339935,107.907188,107.854385,-0.935084343,0.13898024,4.04379129,-1.78611135,1,0,4,6443.22461,210.57077,1356.19043,2,0,0,0,0.12,1,0,0,0,0.0364723541,1,0,0,0,Grip,-63.6742172,0.0242472142
380,7.59999371,6.59999371,46.3427467,0.7331133,156.9788,18.94035,-0.00338442787,23.30078,4.021454,0.00070752576,-1.541996,108.003662,107.95063,-0.937521,0.13902472,4.04933167,-1.78917515,1,0,4,6448.584,210.247711,1354.10974,2,0,0,0,0.12,1,0,0,0,0.03645388,1,0,0,0,Grip,-63.73036,0.0242135786
381,7.61999369,6.61999369,46.7230644,0.733046055,157.444336,19.0207081,-0.00336986035,23.26957,4.01792526,0.000728375744,-1.56049728,108.099739,108.046494,-0.939950943,0.139071777,4.05472326,-1.79222667,1,0,4,6453.92236,209.926743,1352.04248,2,0,0,0,0.12,1,0,0,0,0.0364354849,1,0,0,0,Grip,-63.7848473,0.0241838936
382,7.63999367,6.63999367,47.10499,0.7329792,157.909225,19.101,-0.00335539714,23.2379913,4.0145874,0.000723160338,-1.5789032,108.195427,108.14196,-0.942371368,0.139118478,4.060253,-1.795261,1,0,4,6459.2876,209.605011,1349.97034,2,0,0,0,0.12,1,0,0,0,0.0364171639,1,0,0,0,Grip,-63.841198,0.0241503548
383,7.65999365,6.65999365,47.4885178,0.73291254,158.373489,19.18122,-0.003341068,23.2060432,4.01096344,0.0007164548,-1.59740448,108.290749,108.237061,-0.9447861,0.1391641,4.065688,-1.79828572,1,0,4,6464.581,209.288483,1347.93176,2,0,0,0,0.12,1,0,0,0,0.03639891,1,0,0,0,Grip,-63.8972,0.0241171885
384,7.67999363,6.67999363,47.87365,0.732846,158.837082,19.2613659,-0.003326679,23.1737289,4.00733948,0.0007194467,-1.615715,108.385689,108.331772,-0.9471941,0.139211521,4.071054,-1.8012985,1,0,4,6469.856,208.973892,1345.90564,2,0,0,0,0.12,1,0,0,0,0.03638073,1,0,0,0,Grip,-63.9523125,0.0240843277
385,7.69999361,6.69999361,48.2603874,0.73278,159.300034,19.3414383,-0.00331202243,23.1410465,4.00362,0.000732834451,-1.634121,108.480247,108.426109,-0.9495907,0.1392549,4.07646942,-1.80429077,1,0,4,6475.11133,208.6613,1343.89233,2,0,0,0,0.12,1,0,0,0,0.0363626257,1,0,0,0,Grip,-64.00869,0.02405157
386,7.71999359,6.71999359,48.64872,0.7327142,159.762314,19.4214344,-0.003297559,23.108,3.99980545,0.000723172,-1.65233612,108.574425,108.520073,-0.951985359,0.1392983,4.08174372,-1.80728006,1,0,4,6480.34326,208.350952,1341.89355,2,0,0,0,0.12,1,0,0,0,0.0363445953,1,0,0,0,Grip,-64.06193,0.0240191668
387,7.73999357,6.73999357,49.0386543,0.7326485,160.223938,19.5013542,-0.00328327459,23.0745869,3.99599075,0.000714219641,-1.67064667,108.668236,108.613663,-0.9543686,0.139341712,4.087139,-1.810249,1,0,4,6485.558,208.04245,1339.90662,2,0,0,0,0.12,1,0,0,0,0.03632663,1,0,0,0,Grip,-64.11512,0.02398691
388,7.75999355,6.75999355,49.4301872,0.7325833,160.684875,19.5811939,-0.00326879648,23.04081,3.99198532,0.0007239054,-1.68886185,108.761673,108.706871,-0.956748962,0.139389619,4.092386,-1.81321335,1,0,4,6490.75049,207.7361,1337.93359,2,0,0,0,0.12,1,0,0,0,0.03630874,1,0,0,0,Grip,-64.16822,0.0239548646
389,7.77999353,6.77999353,49.8233147,0.732518435,161.145142,19.6609554,-0.00325475028,23.0066681,3.98807526,0.000702310354,-1.707077,108.854744,108.799728,-0.9591198,0.139432237,4.09775972,-1.81616056,1,0,4,6495.92529,207.431625,1335.97266,2,0,0,0,0.12,1,0,0,0,0.03629092,1,0,0,0,Grip,-64.22465,0.02392304
390,7.79999352,6.79999352,50.2180367,0.7324536,161.6047,19.7406349,-0.0032410766,22.9721642,3.98397446,0.0006836839,-1.72519684,108.947441,108.892204,-0.9614792,0.139476389,4.102986,-1.81908774,1,0,4,6501.07666,207.129318,1334.02563,2,0,0,0,0.12,1,0,0,0,0.0362731665,1,0,0,0,Grip,-64.277,0.0238914229
391,7.8199935,6.8199935,50.61435,0.7323892,162.063583,19.8202324,-0.00322726858,22.9373,3.97987366,0.000690401066,-1.74322128,109.039772,108.984314,-0.963832855,0.139517829,4.10820436,-1.8220048,1,0,4,6506.20947,206.828934,1332.091,2,0,0,0,0.12,1,0,0,0,0.03625549,1,0,0,0,Grip,-64.33042,0.0238599032
392,7.83999348,6.83999348,51.0122528,0.732325,162.521759,19.8997459,-0.00321375881,22.9020729,3.97567749,0.000675488263,-1.76134109,109.131744,109.076065,-0.9661808,0.139560774,4.11347437,-1.82491219,1,0,4,6511.32,206.530685,1330.17,2,0,0,0,0.12,1,0,0,0,0.03623788,1,0,0,0,Grip,-64.38172,0.0238287635
393,7.85999346,6.85999346,51.4117432,0.732261062,162.979218,19.9791737,-0.00320038269,22.8664856,3.971386,0.000668806,-1.77936554,109.223358,109.167473,-0.9685173,0.139600664,4.1186657,-1.8277992,1,0,4,6516.415,206.234085,1328.25977,2,0,0,0,0.12,1,0,0,0,0.03622034,1,0,0,0,Grip,-64.43408,0.0237977318
394,7.87999344,6.87999344,51.81282,0.732197464,163.435959,20.0585155,-0.00318691763,22.8305378,3.96709442,0.0006732531,-1.79739,109.314606,109.258492,-0.97084713,0.139641613,4.12391424,-1.83067489,1,0,4,6521.486,205.939713,1326.36389,2,0,0,0,0.12,1,0,0,0,0.0362028666,1,0,0,0,Grip,-64.48405,0.023766838
395,7.89999342,6.89999342,52.21549,0.7321341,163.891983,20.1377678,-0.00317366072,22.7942333,3.96261215,0.000662845559,-1.81522369,109.4055,109.349174,-0.9731741,0.139684662,4.12894964,-1.8335464,1,0,4,6526.53955,205.647141,1324.47949,2,0,0,0,0.12,1,0,0,0,0.036185462,1,0,0,0,Grip,-64.5347443,0.0237361416
396,7.9199934,6.9199934,52.61974,0.732071042,164.347275,20.21693,-0.003160419,22.75757,3.95813,0.00066208886,-1.83315277,109.49604,109.439491,-0.97549057,0.139725685,4.13410664,-1.83639908,1,0,4,6531.57373,205.356476,1322.60754,2,0,0,0,0.12,1,0,0,0,0.03616813,1,0,0,0,Grip,-64.5869446,0.0237056911
397,7.93999338,6.93999338,53.02557,0.732008159,164.8018,20.2960033,-0.00314726657,22.72055,3.95364761,0.0006576185,-1.85098648,109.586227,109.529465,-0.977798462,0.13976796,4.139255,-1.83923674,1,0,4,6536.5874,205.06778,1320.74817,2,0,0,0,0.12,1,0,0,0,0.0361508578,1,0,0,0,Grip,-64.63754,0.0236754119
398,7.95999336,6.95999336,53.4329834,0.731945634,165.2556,20.3749828,-0.00313396519,22.6831741,3.94897461,0.0006650691,-1.86882019,109.676064,109.619087,-0.9801035,0.139809042,4.14432144,-1.84207094,1,0,4,6541.58252,204.78093,1318.90063,2,0,0,0,0.12,1,0,0,0,0.03613366,1,0,0,0,Grip,-64.68901,0.0236451924
399,7.97999334,6.97999334,53.8419724,0.7318833,165.708649,20.45387,-0.00312067848,22.645443,3.944397,0.0006643357,-1.88655853,109.765549,109.708351,-0.9823971,0.139848009,4.14944649,-1.844884,1,0,4,6546.557,204.496033,1317.0658,2,0,0,0,0.12,1,0,0,0,0.03611652,1,0,0,0,Grip,-64.7395,0.02361537
400,7.99999332,6.99999332,54.2525368,0.7318213,166.160934,20.5326614,-0.003107377,22.607357,3.93953323,0.0006650691,-1.90429688,109.854691,109.797279,-0.9846878,0.139889285,4.15442228,-1.84769344,1,0,4,6551.513,204.212967,1315.24268,2,0,0,0,0.12,1,0,0,0,0.0360994525,1,0,0,0,Grip,-64.7883148,0.0235856548
401,8.019994,7.019994,54.6646767,0.731759548,166.612442,20.6113586,-0.00309418,22.5689182,3.93486023,0.0006598537,-1.92193985,109.943481,109.885857,-0.9869671,0.139929444,4.15952444,-1.85048246,1,0,4,6556.451,203.9317,1313.43115,2,0,0,0,0.12,1,0,0,0,0.036082454,1,0,0,0,Grip,-64.83879,0.0235560536
402,8.039994,7.03999424,55.07839,0.731698036,167.063187,20.6899567,-0.003080983,22.5301266,3.92990112,0.0006598537,-1.93958282,110.031929,109.974091,-0.9892416,0.13996771,4.164478,-1.85326362,1,0,4,6561.36963,203.6523,1311.63171,2,0,0,0,0.12,1,0,0,0,0.0360655151,1,0,0,0,Grip,-64.88837,0.02352668
403,8.059995,7.0599947,55.4936752,0.731636763,167.513138,20.7684574,-0.00306769647,22.4909821,3.92503738,0.000664324034,-1.9572258,110.120041,110.062,-0.991502762,0.140007064,4.16955566,-1.85602129,1,0,4,6566.26855,203.374786,1309.84436,2,0,0,0,0.12,1,0,0,0,0.036048647,1,0,0,0,Grip,-64.9364243,0.0234975219
404,8.079995,7.079995,55.9105263,0.731575549,167.962311,20.8468552,-0.00305442465,22.4514885,3.91988754,0.0006635906,-1.974678,110.207817,110.149551,-0.9937725,0.140050992,4.17435074,-1.85879636,1,0,4,6571.15039,203.098953,1308.06787,2,0,0,0,0.12,1,0,0,0,0.03603184,1,0,0,0,Grip,-64.98524,0.023468513
405,8.099996,7.09999561,56.3289452,0.731515,168.410675,20.9251537,-0.00304098916,22.411644,3.91492844,0.0006717746,-1.99222565,110.29525,110.236771,-0.9960213,0.140088916,4.179405,-1.86153352,1,0,4,6576.016,202.8248,1306.30212,2,0,0,0,0.12,1,0,0,0,0.0360150971,1,0,0,0,Grip,-65.03743,0.0234396476
406,8.119996,7.119996,56.7489243,0.7314545,168.858246,21.0033474,-0.0030279262,22.3714485,3.90968323,0.000653148163,-2.00977325,110.382355,110.323654,-0.998273849,0.14012897,4.18431234,-1.86427927,1,0,4,6580.857,202.55278,1304.55017,2,0,0,0,0.12,1,0,0,0,0.0359984152,1,0,0,0,Grip,-65.0850143,0.02341107
407,8.139997,7.13999653,57.1704674,0.7313942,169.305,21.08144,-0.003014744,22.3309059,3.90462875,0.0006591086,-2.02713013,110.469116,110.4102,-1.00051022,0.140164763,4.18927526,-1.86699557,1,0,4,6585.68457,202.282227,1302.80762,2,0,0,0,0.12,1,0,0,0,0.0359818041,1,0,0,0,Grip,-65.13413,0.0233825669
408,8.159997,7.159997,57.59357,0.7313343,169.750931,21.1594276,-0.00300127873,22.2900143,3.89938354,0.000673264731,-2.04458237,110.55555,110.496429,-1.002739,0.140203,4.19422674,-1.86969924,1,0,4,6590.49,202.013657,1301.07788,2,0,0,0,0.12,1,0,0,0,0.0359652564,1,0,0,0,Grip,-65.1799545,0.0233542286
409,8.179997,7.17999744,58.0182343,0.7312746,170.196045,21.2373066,-0.00298797735,22.2487755,3.8939476,0.0006650691,-2.06193924,110.641663,110.582321,-1.00496483,0.1402373,4.19903231,-1.87239885,1,0,4,6595.28027,201.746658,1299.35828,2,0,0,0,0.12,1,0,0,0,0.0359487645,1,0,0,0,Grip,-65.22757,0.02332617
410,8.199998,7.199998,58.44445,0.7312152,170.64032,21.3150787,-0.00297473534,22.2071915,3.888607,0.0006621005,-2.07920074,110.727432,110.667885,-1.00718021,0.140276521,4.20389175,-1.87508011,1,0,4,6600.05127,201.481476,1297.65039,2,0,0,0,0.12,1,0,0,0,0.0359323435,1,0,0,0,Grip,-65.2721252,0.0232982822
411,8.219998,7.21999836,58.8722229,0.731156,171.083755,21.3927422,-0.00296176178,22.1652622,3.883171,0.0006486778,-2.09646225,110.812881,110.753113,-1.00939083,0.140311942,4.20874,-1.87775409,1,0,4,6604.808,201.217789,1295.95215,2,0,0,0,0.12,1,0,0,0,0.035915982,1,0,0,0,Grip,-65.32033,0.0232705846
412,8.239999,7.239999,59.301548,0.7310971,171.526352,21.470293,-0.0029488923,22.12299,3.8775444,0.00064347405,-2.11362839,110.89801,110.838043,-1.01159286,0.140347734,4.213443,-1.88041317,1,0,4,6609.543,200.956024,1294.26624,2,0,0,0,0.12,1,0,0,0,0.03589968,1,0,0,0,Grip,-65.36559,0.0232429951
413,8.259999,7.25999928,59.7324181,0.7310384,171.9681,21.5477333,-0.00293629081,22.0803719,3.872013,0.000630074646,-2.13089,110.982819,110.922638,-1.01378441,0.140386522,4.21833563,-1.88305473,1,0,4,6614.262,200.695831,1292.59045,2,0,0,0,0.12,1,0,0,0,0.0358834453,1,0,0,0,Grip,-65.41106,0.0232156347
414,8.28,7.27999973,60.16484,0.730980039,172.408981,21.625061,-0.00292364485,22.0374126,3.86638641,0.0006322982,-2.14796066,111.0673,111.0069,-1.015976,0.140423536,4.22308,-1.88569725,1,0,4,6618.965,200.437271,1290.92517,2,0,0,0,0.12,1,0,0,0,0.0358672664,1,0,0,0,Grip,-65.458725,0.0231883861
415,8.3,7.3,60.5988,0.730921865,172.849,21.7022743,-0.00291120727,21.994112,3.86066437,0.000621879,-2.16503143,111.151466,111.090866,-1.018156,0.140459657,4.22781372,-1.88832,1,0,4,6623.64746,200.180481,1289.27124,2,0,0,0,0.12,1,0,0,0,0.03585115,1,0,0,0,Grip,-65.50499,0.0231612884
416,8.320001,7.32000065,61.03431,0.7308639,173.288147,21.7793713,-0.00289882952,21.95047,3.854847,0.000618887134,-2.1821022,111.235321,111.174507,-1.02033043,0.140494868,4.232537,-1.89093339,1,0,4,6628.313,199.925354,1287.62817,2,0,0,0,0.12,1,0,0,0,0.0358351,1,0,0,0,Grip,-65.5505,0.023134362
417,8.340001,7.340001,61.4713554,0.730806351,173.72641,21.85635,-0.00288640684,21.9064884,3.84893417,0.00062113395,-2.19907761,111.318848,111.257828,-1.022502,0.140529141,4.23718071,-1.89354336,1,0,4,6632.96143,199.671829,1285.99524,2,0,0,0,0.12,1,0,0,0,0.0358191021,1,0,0,0,Grip,-65.59525,0.02310767
418,8.360002,7.36000156,61.90994,0.730748832,174.163788,21.93321,-0.00287419278,21.8621674,3.84302139,0.000610703137,-2.216053,111.402069,111.340843,-1.02465725,0.140564,4.24187946,-1.89612436,1,0,4,6637.59326,199.419891,1284.37268,2,0,0,0,0.12,1,0,0,0,0.03580317,1,0,0,0,Grip,-65.63924,0.0230810679
419,8.380002,7.380002,62.35006,0.7306918,174.600281,22.0099525,-0.00286197872,21.8175087,3.83710861,0.000610703137,-2.232933,111.484978,111.423538,-1.026803,0.140597552,4.24656343,-1.89868951,1,0,4,6642.208,199.169632,1282.76086,2,0,0,0,0.12,1,0,0,0,0.03578729,1,0,0,0,Grip,-65.6835861,0.0230546556
420,8.40000248,7.40000248,62.79171,0.730634749,175.035873,22.0865726,-0.00285007758,21.7725124,3.831005,0.0005950569,-2.249813,111.567574,111.50592,-1.02895641,0.140634716,4.25117254,-1.90126967,1,0,4,6646.805,198.920944,1281.15918,2,0,0,0,0.12,1,0,0,0,0.035771478,1,0,0,0,Grip,-65.72689,0.0230284352
421,8.420003,7.420003,63.2348938,0.730577946,175.470551,22.1630726,-0.00283798249,21.72718,3.824997,0.0006047543,-2.26659775,111.649864,111.588013,-1.03109169,0.140665635,4.25583124,-1.90381789,1,0,4,6651.38672,198.673782,1279.56726,2,0,0,0,0.12,1,0,0,0,0.03575572,1,0,0,0,Grip,-65.77286,0.0230023488
422,8.440003,7.4400034,63.6796036,0.7305217,175.904327,22.2394485,-0.00282588764,21.68151,3.818798,0.0006047427,-2.28347778,111.731857,111.669785,-1.03321648,0.140699968,4.26048565,-1.90634847,1,0,4,6655.94971,198.4283,1277.98633,2,0,0,0,0.12,1,0,0,0,0.03574002,1,0,0,0,Grip,-65.81403,0.0229764581
423,8.460004,7.460004,64.12584,0.7304653,176.337173,22.3157,-0.00281410548,21.63551,3.81259918,0.0005891081,-2.30007172,111.81353,111.751259,-1.03534126,0.140731961,4.26498365,-1.90888035,1,0,4,6660.49658,198.184341,1276.415,2,0,0,0,0.12,1,0,0,0,0.0357243828,1,0,0,0,Grip,-65.85773,0.02295069
424,8.480004,7.48000431,64.5736,0.730409265,176.769089,22.3918266,-0.002801966,21.5891743,3.806305,0.000606977846,-2.316761,111.894913,111.832443,-1.03745651,0.140766561,4.26954269,-1.91139627,1,0,4,6665.027,197.94194,1274.85388,2,0,0,0,0.12,1,0,0,0,0.0357088,1,0,0,0,Grip,-65.89958,0.0229249746
425,8.500005,7.500005,65.02287,0.730353653,177.200073,22.4678249,-0.00278958818,21.5425034,3.79991531,0.000618887134,-2.33354568,111.97599,111.9133,-1.03956032,0.140796646,4.27416372,-1.91389263,1,0,4,6669.54248,197.700989,1273.302,2,0,0,0,0.12,1,0,0,0,0.0356932729,1,0,0,0,Grip,-65.9433441,0.022899406
426,8.520005,7.520005,65.47367,0.730298042,177.630127,22.5436935,-0.00277737412,21.4955025,3.79343033,0.000610703137,-2.35004425,112.056763,111.993874,-1.041666,0.140830442,4.278562,-1.91639423,1,0,4,6674.036,197.461838,1271.76172,2,0,0,0,0.12,1,0,0,0,0.03567781,1,0,0,0,Grip,-65.98363,0.0228740964
427,8.540006,7.54000568,65.92598,0.7302428,178.059235,22.6194344,-0.00276490673,21.44817,3.78704071,0.0006233691,-2.36663818,112.137238,112.07415,-1.04375935,0.140862882,4.28315,-1.918874,1,0,4,6678.519,197.223953,1270.22961,2,0,0,0,0.12,1,0,0,0,0.0356624,1,0,0,0,Grip,-66.02665,0.0228488818
428,8.560006,7.560006,66.37981,0.7301878,178.487381,22.6950455,-0.00275246915,21.400507,3.78055573,0.000621879,-2.38313675,112.217422,112.154121,-1.04584122,0.1408942,4.28765774,-1.92133462,1,0,4,6682.98242,196.987686,1268.70789,2,0,0,0,0.12,1,0,0,0,0.0356470458,1,0,0,0,Grip,-66.06859,0.0228239372
429,8.580007,7.5800066,66.83515,0.730133057,178.914581,22.7705231,-0.00274007651,21.3525143,3.77388,0.0006196322,-2.39963531,112.29731,112.233795,-1.04792309,0.140926942,4.29209375,-1.92379642,1,0,4,6687.43164,196.752838,1267.19543,2,0,0,0,0.12,1,0,0,0,0.0356317461,1,0,0,0,Grip,-66.10962,0.022799056
430,8.600007,7.600007,67.29199,0.7300785,179.3408,22.84587,-0.002728056,21.3041935,3.76729965,0.000601029,-2.41603851,112.3769,112.3132,-1.04999161,0.14095664,4.296575,-1.92623544,1,0,4,6691.865,196.51947,1265.69238,2,0,0,0,0.12,1,0,0,0,0.03561651,1,0,0,0,Grip,-66.15164,0.0227744132
431,8.62000751,7.62000751,67.7503357,0.7300242,179.766052,22.9210777,-0.002715961,21.2555466,3.7604332,0.0006047427,-2.43234634,112.456207,112.3923,-1.05205727,0.140990078,4.300851,-1.92867088,1,0,4,6696.28174,196.287613,1264.1991,2,0,0,0,0.12,1,0,0,0,0.03560132,1,0,0,0,Grip,-66.1913147,0.0227497853
432,8.640008,7.640008,68.21018,0.7299702,180.190323,22.996151,-0.00270386622,21.2065735,3.753662,0.0006047427,-2.44865417,112.535217,112.471107,-1.054121,0.141021982,4.30524349,-1.93110371,1,0,4,6700.683,196.0572,1262.71509,2,0,0,0,0.12,1,0,0,0,0.0355861969,1,0,0,0,Grip,-66.23375,0.0227253549
433,8.660008,7.66000843,68.671524,0.729916453,180.613617,23.0710888,-0.00269186054,21.1572723,3.746891,0.000600283965,-2.46505737,112.613945,112.549637,-1.05617046,0.141051859,4.30976248,-1.93351257,1,0,4,6705.06641,195.828354,1261.24121,2,0,0,0,0.12,1,0,0,0,0.0355711244,1,0,0,0,Grip,-66.27496,0.0227011368
434,8.680009,7.680009,69.13438,0.729862869,181.0359,23.1458874,-0.00268009352,21.1076488,3.7399292,0.0005883514,-2.48117447,112.692383,112.627869,-1.05822277,0.141086191,4.313994,-1.93592787,1,0,4,6709.436,195.60083,1259.77588,2,0,0,0,0.12,1,0,0,0,0.0355561,1,0,0,0,Grip,-66.31458,0.0226770416
435,8.700009,7.70000935,69.59871,0.7298095,181.4572,23.2205467,-0.00266829645,21.0577,3.73296738,0.000589853153,-2.4974823,112.770538,112.705818,-1.06026649,0.141118363,4.3184247,-1.93832922,1,0,4,6713.792,195.374634,1258.319,2,0,0,0,0.12,1,0,0,0,0.0355411358,1,0,0,0,Grip,-66.3575058,0.0226530619
436,8.72001,7.72001,70.0645447,0.7297564,181.877487,23.2950668,-0.0026566335,21.0074272,3.72600555,0.00058314763,-2.5135994,112.848404,112.783485,-1.06230259,0.141150355,4.322764,-1.94071829,1,0,4,6718.13,195.150009,1256.87231,2,0,0,0,0.12,1,0,0,0,0.03552623,1,0,0,0,Grip,-66.398735,0.02262921
437,8.74001,7.74001026,70.53186,0.729703546,182.296783,23.3694458,-0.00264492584,20.956831,3.71894836,0.0005853828,-2.52981186,112.925987,112.860863,-1.06432915,0.1411801,4.327169,-1.94309127,1,0,4,6722.452,194.926773,1255.43457,2,0,0,0,0.12,1,0,0,0,0.03551137,1,0,0,0,Grip,-66.43977,0.0226054974
438,8.760011,7.76001072,71.00066,0.7296509,182.715042,23.4436817,-0.002633397,20.9059143,3.71179581,0.0005764421,-2.54583359,113.003288,112.937973,-1.06635094,0.141208351,4.33142,-1.9454571,1,0,4,6726.7583,194.704987,1254.0061,2,0,0,0,0.12,1,0,0,0,0.03549657,1,0,0,0,Grip,-66.47904,0.0225819983
439,8.780011,7.780011,71.47095,0.7295985,183.132278,23.5177727,-0.002621883,20.8546772,3.704548,0.000575697049,-2.56185532,113.080315,113.0148,-1.06836891,0.141240954,4.335664,-1.94781756,1,0,4,6731.05029,194.484558,1252.58643,2,0,0,0,0.12,1,0,0,0,0.03548182,1,0,0,0,Grip,-66.51713,0.0225586
440,8.800012,7.80001163,71.9427,0.7295464,183.5485,23.5917187,-0.002610503,20.80312,3.6973,0.000569003168,-2.577877,113.157059,113.091347,-1.07038116,0.141269013,4.339962,-1.95016909,1,0,4,6735.32861,194.265381,1251.1748,2,0,0,0,0.12,1,0,0,0,0.03546713,1,0,0,0,Grip,-66.55843,0.0225353036
441,8.820012,7.820012,72.41595,0.7294944,183.963654,23.66552,-0.00259934645,20.7512436,3.690052,0.0005578273,-2.59380341,113.233536,113.167618,-1.072382,0.141298786,4.34423971,-1.95250142,1,0,4,6739.58838,194.047791,1249.77344,2,0,0,0,0.12,1,0,0,0,0.0354524851,1,0,0,0,Grip,-66.59625,0.022512272
442,8.840013,7.84001255,72.89066,0.7294427,184.377792,23.739172,-0.00258810073,20.699049,3.68261337,0.000562286,-2.60972977,113.309731,113.243622,-1.07437038,0.141324624,4.348451,-1.954813,1,0,4,6743.83643,193.831375,1248.37964,2,0,0,0,0.12,1,0,0,0,0.0354378968,1,0,0,0,Grip,-66.63531,0.0224892572
443,8.860013,7.860013,73.3668442,0.729391158,184.790863,23.8126755,-0.00257700379,20.6465378,3.67517471,0.000554847065,-2.62556076,113.385643,113.319336,-1.07636166,0.141354784,4.352642,-1.95713091,1,0,4,6748.066,193.616486,1246.99561,2,0,0,0,0.12,1,0,0,0,0.03542336,1,0,0,0,Grip,-66.6713257,0.0224664584
444,8.880013,7.88001347,73.8445,0.729339838,185.202881,23.88603,-0.00256578764,20.59371,3.667736,0.00056080753,-2.64139175,113.461296,113.394791,-1.07834148,0.141383991,4.35688639,-1.95943022,1,0,4,6752.28564,193.4027,1245.61865,2,0,0,0,0.12,1,0,0,0,0.0354088731,1,0,0,0,Grip,-66.71055,0.0224437024
445,8.900014,7.900014,74.323616,0.7292888,185.613846,23.9592342,-0.00255448231,20.54057,3.660202,0.000565266237,-2.657032,113.536674,113.469963,-1.08031082,0.141412169,4.360976,-1.96171165,1,0,4,6756.486,193.190445,1244.25159,2,0,0,0,0.12,1,0,0,0,0.0353944376,1,0,0,0,Grip,-66.749,0.02242109
446,8.920014,7.92001438,74.80419,0.7292379,186.023727,24.0322857,-0.00254326616,20.487114,3.65257263,0.00056080753,-2.67276764,113.611794,113.544876,-1.08228779,0.141440734,4.36513329,-1.96400833,1,0,4,6760.672,192.9795,1242.89307,2,0,0,0,0.12,1,0,0,0,0.035380058,1,0,0,0,Grip,-66.78661,0.02239871
447,8.940015,7.940015,75.2862244,0.7291873,186.432541,24.1051846,-0.002532065,20.4333439,3.64494324,0.0005600625,-2.68850327,113.686638,113.619537,-1.08424854,0.1414668,4.369344,-1.96627748,1,0,4,6764.846,192.769745,1241.54211,2,0,0,0,0.12,1,0,0,0,0.0353657268,1,0,0,0,Grip,-66.82446,0.022376338
448,8.960015,7.9600153,75.7697144,0.729136944,186.840271,24.1779289,-0.00252099778,20.379261,3.63721848,0.000553356949,-2.70414352,113.761223,113.693924,-1.08620548,0.141495749,4.373475,-1.96854138,1,0,4,6769.00244,192.561432,1240.20044,2,0,0,0,0.12,1,0,0,0,0.035351444,1,0,0,0,Grip,-66.86036,0.0223542247
449,8.980016,7.98001575,76.2546539,0.7290867,187.2469,24.2505169,-0.00250997534,20.32487,3.62939835,0.0005511218,-2.719593,113.835533,113.768036,-1.0881567,0.141526118,4.37745047,-1.97079623,1,0,4,6773.149,192.354187,1238.86572,2,0,0,0,0.12,1,0,0,0,0.0353372172,1,0,0,0,Grip,-66.89838,0.0223321188
450,9.000016,8.000016,76.74105,0.7290368,187.652466,24.3229485,-0.00249905721,20.2701645,3.62157822,0.000545906369,-2.73523331,113.909592,113.8419,-1.090105,0.141554192,4.381629,-1.97304785,1,0,4,6777.27832,192.148346,1237.53992,2,0,0,0,0.12,1,0,0,0,0.035323035,1,0,0,0,Grip,-66.93742,0.0223102681
451,9.020017,8.020017,77.22889,0.728987,188.0569,24.3952236,-0.00248839217,20.21515,3.613758,0.000533252,-2.75068283,113.983376,113.9155,-1.09204483,0.141582027,4.38571,-1.97528541,1,0,4,6781.39355,191.943771,1236.22241,2,0,0,0,0.12,1,0,0,0,0.03530891,1,0,0,0,Grip,-66.97466,0.0222884975
452,9.040017,8.040017,77.71818,0.7289375,188.460251,24.46734,-0.00247777184,20.1598263,3.60584259,0.000531016849,-2.76622772,114.056908,113.988831,-1.093977,0.141608685,4.38986158,-1.97751057,1,0,4,6785.49268,191.740555,1234.91357,2,0,0,0,0.12,1,0,0,0,0.03529483,1,0,0,0,Grip,-67.01167,0.0222668871
453,9.060018,8.060018,78.20889,0.728888154,188.862473,24.5392971,-0.00246744952,20.1041946,3.59783173,0.0005161157,-2.78158188,114.13018,114.061913,-1.0959034,0.141633615,4.393857,-1.97972715,1,0,4,6789.58154,191.5384,1233.61157,2,0,0,0,0.12,1,0,0,0,0.0352807976,1,0,0,0,Grip,-67.04774,0.0222454257
454,9.080018,8.080018,78.70106,0.72883904,189.2636,24.6110935,-0.002457172,20.0482578,3.58982086,0.0005138805,-2.79684067,114.203194,114.134727,-1.09781933,0.14166218,4.39782953,-1.9819262,1,0,4,6793.65234,191.337692,1232.31885,2,0,0,0,0.12,1,0,0,0,0.03526682,1,0,0,0,Grip,-67.0824356,0.0222240128
455,9.1000185,8.1000185,79.19464,0.7287901,189.663589,24.6827259,-0.00244692387,19.9920139,3.58161926,0.000512402039,-2.81219482,114.275955,114.207291,-1.09973907,0.1416879,4.40181541,-1.984134,1,0,4,6797.713,191.138031,1231.033,2,0,0,0,0.12,1,0,0,0,0.0352528878,1,0,0,0,Grip,-67.11983,0.0222027674
456,9.120019,8.120019,79.68923,0.7287469,190.0621,24.73102,-0.00243657175,19.917984,2.41470337,0.0005176058,-3.70149612,114.348465,114.27961,-1.100606,0.140205592,4.41006851,-1.98625791,1,0,4,6801.757,190.939728,102.058235,3,1,0,0,0.12,1,0,0,0,0.0352390036,1,0,0,0,Grip,-67.15502,0.002082136
457,9.140019,8.140019,80.18456,0.728691638,190.459,24.7666378,-0.00339726754,19.8347683,1.78089142,-0.04803479,-4.16078568,114.316261,114.247314,-1.10216713,0.140977338,4.400351,-1.99060166,1,0,4,6419.93848,211.984665,113.306854,3,1,0,0,0.12,1,0,0,0,0.03524517,1,0,0,0,Grip,-66.0274048,0.002077425
458,9.16002,8.16002,80.68065,0.7285849,190.854263,24.8023834,-0.00622555334,19.7523251,1.787281,-0.1414143,-4.122162,114.228645,114.159492,-1.10529613,0.142692313,4.37612629,-1.99773538,1,0,4,6038.12,237.363342,126.871887,3,1,0,0,0.12,1,0,0,0,0.0352619477,1,0,0,0,Grip,-66.59181,0.00238071056
459,9.18002,8.18002,81.17747,0.7283834,191.24791,24.83814,-0.0111272512,19.6705647,1.78785324,-0.2450849,-4.08802032,114.14399,114.074455,-1.11041641,0.145067766,4.35191059,-2.00844049,1,0,4,5656.302,266.2805,142.328247,3,1,0,0,0.12,1,0,0,0,0.0352781527,1,0,0,0,Grip,-67.8699646,0.002738055
460,9.200021,8.200021,81.67501,0.7280483,191.639923,24.8740883,-0.0178985652,19.58937,1.79739,-0.3385657,-4.059696,114.061752,113.991562,-1.11763191,0.147914857,4.33758163,-2.02290845,1,0,4,5274.4834,297.6016,159.069534,3,1,0,0,0.12,1,0,0,0,0.0352939,1,0,0,0,Grip,-69.64795,0.00312731788
461,9.220021,8.220021,82.17329,0.7275501,192.030319,24.9104366,-0.02608437,19.5085144,1.81741714,-0.409290284,-4.042816,113.982162,113.911057,-1.12680054,0.15107277,4.33855247,-2.04088664,1,0,4,4892.665,329.852966,176.308044,3,1,0,0,0.12,1,0,0,0,0.03530914,1,0,0,0,Grip,-71.7830658,0.00352610485
462,9.240022,8.240022,82.6723,0.7268707,192.4191,24.94737,-0.03510547,19.4277,1.846695,-0.451055,-4.040718,113.905304,113.833,-1.13768,0.154402971,4.356783,-2.06194448,1,0,4,4522.77734,360.27533,192.568954,3,1,0,0,0.12,1,0,0,0,0.03532386,1,0,0,0,Grip,-74.1537552,0.00389784761
463,9.260022,8.260022,83.1725845,0.7259991,192.806625,25.0124016,-0.0443538874,19.366375,3.25155258,-0.462420851,-3.06625366,113.83107,113.757324,-1.15139866,0.159947515,4.38695145,-2.085911,1,0,4,4522.98,360.259277,1604.6698,3,0,0,0,0.12,1,0,0,0,0.03533807,1,0,0,0,Grip,-76.65527,0.0319326147
464,9.280023,8.280023,83.67443,0.7249609,193.1931,25.094223,-0.05217032,19.3152714,4.091072,-0.3908217,-2.5551796,113.880615,113.805115,-1.165245,0.162306219,4.45523453,-2.10876918,1,0,4,4771.56152,339.993469,1514.40173,3,0,0,0,0.12,1,0,0,0,0.0353285857,1,0,0,0,Grip,-80.8577042,0.0303503536
465,9.300023,8.300023,84.17788,0.7238181,193.578491,25.1762772,-0.0570020564,19.261694,4.102707,-0.24158676,-2.67887115,114.0014,113.924156,-1.17767048,0.163272813,4.55685234,-2.12908125,1,0,4,4759.69238,340.980255,1518.797,3,0,0,0,0.12,1,0,0,0,0.03530546,1,0,0,0,Grip,-82.66711,0.0293902345
466,9.320024,8.320024,84.6829453,0.722644567,193.962753,25.25944,-0.05822339,19.20603,4.15811539,-0.061066635,-2.78320313,114.118355,114.039513,-1.1878376,0.163261712,4.66816139,-2.14528,1,0,4,4756.57275,341.23938,1519.95117,3,0,0,0,0.12,1,0,0,0,0.0352830626,1,0,0,0,Grip,-83.42325,0.0284281187
467,9.340024,8.340024,85.18967,0.7215148,194.345856,25.3435,-0.0557922237,19.1482925,4.20303345,0.121558271,-2.88686752,114.234886,114.154724,-1.19539261,0.16247566,4.772993,-2.15674782,1,0,4,4753.182,341.520874,1521.20508,3,0,0,0,0.12,1,0,0,0,0.03526075,1,0,0,0,Grip,-83.440155,0.02758899
468,9.360024,8.360024,85.69805,0.720496,194.727768,25.4282131,-0.0500699952,19.088726,4.235649,0.2861114,-2.978325,114.350487,114.269363,-1.20029736,0.161093533,4.860928,-2.16343284,1,0,4,4750.769,341.721161,1522.09717,3,0,0,0,0.12,1,0,0,0,0.0352386162,1,0,0,0,Grip,-82.871,0.0269024931
469,9.380025,8.380025,86.20813,0.719643354,195.108475,25.5132885,-0.04166466,19.02769,4.253769,0.420266777,-3.05175781,114.46505,114.383324,-1.20276546,0.1592857,4.92597342,-2.16573477,1,0,4,4749.59326,341.818726,1522.53174,3,0,0,0,0.12,1,0,0,0,0.0352166779,1,0,0,0,Grip,-81.851,0.0263730362
470,9.400025,8.400025,86.7198944,0.7189963,195.487946,25.5984325,-0.0313078053,18.9655876,4.257202,0.51784277,-3.10516357,114.5786,114.496605,-1.20312977,0.157197654,4.96639061,-2.16426349,1,0,4,4749.714,341.8087,1522.487,3,0,0,0,0.12,1,0,0,0,0.0351949371,1,0,0,0,Grip,-80.50892,0.0259912983
471,9.420026,8.420026,87.23335,0.718580067,195.866165,25.6833782,-0.01975686,18.9028187,4.247284,0.5775473,-3.13844681,114.69117,114.609207,-1.201787,0.154951468,4.98286152,-2.15974188,1,0,4,4751.0625,341.6968,1521.98865,3,0,0,0,0.12,1,0,0,0,0.0351733826,1,0,0,0,Grip,-78.95481,0.0257407781
472,9.440026,8.440026,87.7485046,0.7184049,196.243134,25.76789,-0.00773011753,18.8397446,4.22563553,0.601337135,-3.1537056,114.80291,114.721214,-1.19914722,0.152644113,4.978029,-2.15291286,1,0,4,4753.5083,341.493835,1521.08459,3,0,0,0,0.12,1,0,0,0,0.03515199,1,0,0,0,Grip,-77.28095,0.025602676
473,9.460027,8.460027,88.26534,0.7184677,196.618835,25.85179,0.00413962966,18.7766762,4.194927,0.5934874,-3.15341949,114.91391,114.832649,-1.19559574,0.150348768,4.955434,-2.1444726,1,0,4,4756.89941,341.21225,1519.83032,3,0,0,0,0.12,1,0,0,0,0.0351307355,1,0,0,0,Grip,-75.56069,0.025557084
474,9.480027,8.480027,88.78385,0.718756,196.9933,25.9349422,0.0153304981,18.71385,4.15763855,0.559543431,-3.14130783,115.024284,114.943596,-1.19145584,0.1481212,4.919533,-2.135003,1,0,4,4761.07227,340.8656,1518.28638,3,0,0,0,0.12,1,0,0,0,0.0351095945,1,0,0,0,Grip,-73.84939,0.0255848989
475,9.500028,8.500028,89.30402,0.7192482,197.3665,26.0172634,0.0254406,18.6514435,4.11605835,0.5055051,-3.120327,115.134148,115.054115,-1.18698692,0.1459946,4.874042,-2.12497044,1,0,4,4765.86768,340.467041,1516.51111,3,0,0,0,0.12,1,0,0,0,0.03508856,1,0,0,0,Grip,-72.18919,0.0256679635
476,9.520028,8.520028,89.82584,0.719917059,197.738449,26.0987072,0.034189444,18.589571,4.07218933,0.4374422,-3.093624,115.243584,115.164223,-1.18240643,0.143991888,4.82267332,-2.11476421,1,0,4,4771.13037,340.029358,1514.56152,3,0,0,0,0.12,1,0,0,0,0.03506761,1,0,0,0,Grip,-70.60525,0.025789503
477,9.540029,8.540029,90.34928,0.72073245,198.109161,26.1792679,0.04140851,18.5282917,4.028034,0.360953271,-3.06396484,115.352669,115.273987,-1.177844,0.142121017,4.76882458,-2.1046145,1,0,4,4776.7207,339.5641,1512.48914,3,0,0,0,0.12,1,0,0,0,0.0350467227,1,0,0,0,Grip,-69.11488,0.0259344764
478,9.560029,8.560029,90.87434,0.7216623,198.478668,26.2589588,0.0470273346,18.4676228,3.98454666,0.280941278,-3.03344727,115.461456,115.383484,-1.17339611,0.140394956,4.7147584,-2.09469342,1,0,4,4782.50732,339.082184,1510.34265,3,0,0,0,0.12,1,0,0,0,0.03502589,1,0,0,0,Grip,-67.72413,0.0260902271
479,9.58002949,8.58002949,91.4009857,0.7226746,198.846954,26.3378181,0.0510576926,18.4075527,3.94296646,0.20151791,-3.003502,115.569992,115.492676,-1.16912937,0.1388108,4.66233444,-2.08511782,1,0,4,4788.38525,338.5923,1508.16052,3,0,0,0,0.12,1,0,0,0,0.03500511,1,0,0,0,Grip,-66.44279,0.0262456834
480,9.60003,8.60003,91.92922,0.723739147,199.214035,26.4158974,0.05357689,18.3480377,3.90396118,0.125959888,-2.97575,115.678329,115.601631,-1.16505051,0.137360692,4.61326456,-2.07589841,1,0,4,4794.255,338.102783,1505.98022,3,0,0,0,0.12,1,0,0,0,0.0349843651,1,0,0,0,Grip,-65.26869,0.02639218
481,9.62003,8.62003,92.45901,0.7248281,199.579926,26.49325,0.0547104441,18.2890186,3.86762619,0.0566776842,-2.95095444,115.786491,115.710381,-1.16115665,0.1360411,4.568231,-2.06702876,1,0,4,4800.041,337.6199,1503.82935,3,0,0,0,0.12,1,0,0,0,0.0349636562,1,0,0,0,Grip,-64.19589,0.0265232846
482,9.640031,8.640031,92.99034,0.7259167,199.944641,26.5699368,0.0546163954,18.2304268,3.834343,-0.004702434,-2.92959213,115.89447,115.818939,-1.1574297,0.1348475,4.52783251,-2.05847549,1,0,4,4805.68652,337.148468,1501.72949,3,0,0,0,0.12,1,0,0,0,0.0349429771,1,0,0,0,Grip,-63.2217369,0.0266346
483,9.660031,8.660031,93.52322,0.7269838,200.308182,26.6460152,0.05347173,18.1721916,3.80392075,-0.05723331,-2.91175842,116.002312,115.927307,-1.15384769,0.133768842,4.492037,-2.05019879,1,0,4,4811.1543,336.6916,1499.69446,3,0,0,0,0.12,1,0,0,0,0.03492233,1,0,0,0,Grip,-62.34279,0.0267237052
484,9.680032,8.680032,94.05761,0.728011847,200.670563,26.72154,0.05146067,18.1142426,3.77626419,-0.100553036,-2.89745331,116.109993,116.035507,-1.15036964,0.132800564,4.460788,-2.04212475,1,0,4,4816.41943,336.2514,1497.73376,3,0,0,0,0.12,1,0,0,0,0.0349017121,1,0,0,0,Grip,-61.5507,0.0267896168
485,9.700032,8.700032,94.59352,0.728986859,201.031769,26.7965622,0.0487656072,18.056509,3.75108719,-0.134753063,-2.88667679,116.217522,116.143517,-1.14697266,0.13193503,4.433926,-2.034212,1,0,4,4821.47559,335.8285,1495.85,3,0,0,0,0.12,1,0,0,0,0.0348811261,1,0,0,0,Grip,-60.84203,0.0268317387
486,9.720033,8.720033,95.13092,0.7298987,201.39183,26.8711262,0.0455599651,17.9989319,3.728199,-0.1602821,-2.87885666,116.32489,116.251358,-1.14363861,0.131171271,4.41086054,-2.02642918,1,0,4,4826.323,335.4228,1494.043,3,0,0,0,0.12,1,0,0,0,0.0348605663,1,0,0,0,Grip,-60.211,0.02685349
487,9.740033,8.740033,95.66981,0.730739951,201.750732,26.9452724,0.042002663,17.941452,3.70731354,-0.1778651,-2.873993,116.432083,116.359024,-1.14034462,0.13049385,4.391435,-2.01873422,1,0,4,4830.97754,335.0331,1492.30725,3,0,0,0,0.12,1,0,0,0,0.03484004,1,0,0,0,Grip,-59.6568756,0.0268560462
488,9.760034,8.760034,96.2101746,0.731506348,202.10849,27.0190315,0.0382351168,17.8840218,3.687954,-0.188377321,-2.87151337,116.539131,116.4665,-1.13707638,0.129901141,4.374909,-2.0111022,1,0,4,4835.45068,334.6584,1490.63806,3,0,0,0,0.12,1,0,0,0,0.0348195434,1,0,0,0,Grip,-59.1679878,0.026841905
489,9.780034,8.780034,96.7520142,0.732195854,202.465088,27.09243,0.0343795829,17.8266029,3.6699295,-0.1927767,-2.87094116,116.645988,116.5738,-1.13384056,0.129390046,4.36077261,-2.00354433,1,0,4,4839.76855,334.29657,1489.02649,3,0,0,0,0.12,1,0,0,0,0.03479908,1,0,0,0,Grip,-58.7431068,0.0268137716
490,9.80003452,8.80003452,97.29532,0.7328089,202.820541,27.16549,0.0305384975,17.7691612,3.652954,-0.192054272,-2.87208557,116.752655,116.6809,-1.13064384,0.128955051,4.348711,-1.99607325,1,0,4,4843.955,333.945618,1487.46326,3,0,0,0,0.12,1,0,0,0,0.03477866,1,0,0,0,Grip,-58.37987,0.0267743357
491,9.820035,8.820035,97.84007,0.7333472,203.17485,27.238224,0.0267944559,17.7116718,3.63674164,-0.187202081,-2.87446976,116.859108,116.787781,-1.12748528,0.128587127,4.338166,-1.9886862,1,0,4,4848.033,333.6036,1485.94,3,0,0,0,0.12,1,0,0,0,0.0347582772,1,0,0,0,Grip,-58.07413,0.0267262273
492,9.840035,8.840035,98.38628,0.7338138,203.528015,27.310648,0.0232118014,17.6541119,3.62119675,-0.17913273,-2.87799835,116.965378,116.89447,-1.124382,0.128286034,4.32900572,-1.98141444,1,0,4,4852.023,333.26886,1484.44885,3,0,0,0,0.12,1,0,0,0,0.034737926,1,0,0,0,Grip,-57.8190575,0.026671797
493,9.860036,8.860036,98.93392,0.734213,203.880035,27.3827724,0.0198386647,17.596468,3.606224,-0.168656841,-2.88219452,117.071411,117.0009,-1.121357,0.128044069,4.320768,-1.97429693,1,0,4,4855.94727,332.9395,1482.98193,3,0,0,0,0.12,1,0,0,0,0.0347176231,1,0,0,0,Grip,-57.6144524,0.026612971
494,9.880036,8.880036,99.483,0.734549642,204.230881,27.4546032,0.0167078581,17.5387287,3.59153748,-0.156540334,-2.886963,117.177223,117.107124,-1.11842728,0.127858326,4.313223,-1.96736372,1,0,4,4859.823,332.614136,1481.53259,3,0,0,0,0.12,1,0,0,0,0.03469736,1,0,0,0,Grip,-57.4545059,0.0265515819
495,9.900037,8.900037,100.033516,0.7348287,204.5806,27.5261459,0.0138396369,17.4808846,3.577137,-0.143411055,-2.892208,117.282814,117.213104,-1.115613,0.127722815,4.30628729,-1.96064985,1,0,4,4863.6665,332.291351,1480.09485,3,0,0,0,0.12,1,0,0,0,0.0346771441,1,0,0,0,Grip,-57.3370132,0.026489038
496,9.920037,8.920037,100.585449,0.7350558,204.929153,27.5974064,0.0112437913,17.42293,3.56302261,-0.129792288,-2.89773941,117.388168,117.318832,-1.112936,0.127633423,4.299794,-1.95419312,1,0,4,4867.48926,331.970245,1478.66455,3,0,0,0,0.12,1,0,0,0,0.03465697,1,0,0,0,Grip,-57.25744,0.026426591
497,9.940038,8.940038,101.1388,0.7352365,205.276535,27.6683865,0.008921153,17.3648586,3.5490036,-0.116131924,-2.90355682,117.493286,117.424316,-1.11041546,0.127584726,4.293647,-1.94802654,1,0,4,4871.30127,331.6499,1477.23767,3,0,0,0,0.12,1,0,0,0,0.0346368439,1,0,0,0,Grip,-57.2126846,0.0263649523
498,9.960038,8.960038,101.693565,0.7353756,205.622772,27.7390881,0.006865302,17.3066654,3.53508,-0.102792546,-2.90966034,117.598175,117.529541,-1.10806942,0.127570435,4.287844,-1.942181,1,0,4,4875.11133,331.32962,1475.811,3,0,0,0,0.12,1,0,0,0,0.03461676,1,0,0,0,Grip,-57.1986427,0.0263049565
499,9.980039,8.980039,102.249733,0.7354789,205.96785,27.809515,0.005065858,17.2483482,3.521347,-0.08997221,-2.91585922,117.702805,117.634514,-1.1059103,0.127590671,4.28226757,-1.93667734,1,0,4,4878.924,331.0091,1474.38342,3,0,0,0,0.12,1,0,0,0,0.03459673,1,0,0,0,Grip,-57.210556,0.0262469724
500,10.0000391,9.000039,102.807304,0.7355506,206.311752,27.8796711,0.003507075,17.1899033,3.50780487,-0.07793915,-2.92224884,117.80719,117.739182,-1.1039629,0.127640083,4.276998,-1.93155742,1,0,4,4882.744,330.687775,1472.95215,3,0,0,0,0.12,1,0,0,0,0.03457674,1,0,0,0,Grip,-57.2485237,0.0261912774
501,10.02004,9.02004,103.36628,0.7355957,206.65448,27.9495564,0.00217191386,17.1313267,3.4942627,-0.06675805,-2.92882919,117.911339,117.84362,-1.10222149,0.127717227,4.27194,-1.92681158,1,0,4,4886.574,330.36557,1471.517,3,0,0,0,0.12,1,0,0,0,0.0345567949,1,0,0,0,Grip,-57.3084946,0.0261379667
502,10.04004,9.04004,103.926636,0.7356181,206.996048,28.0191784,0.00104087661,17.07261,3.481102,-0.0565518625,-2.935791,118.015228,117.947762,-1.100707,0.12781179,4.267448,-1.92247438,1,0,4,4890.415,330.042358,1470.07739,3,0,0,0,0.12,1,0,0,0,0.0345369056,1,0,0,0,Grip,-57.38937,0.0260872543
503,10.06004,9.06004,104.48838,0.735621333,207.336426,28.0885353,9.430152E-05,17.0137539,3.467846,-0.0473287553,-2.94284821,118.118874,118.05162,-1.099432,0.127928436,4.26303673,-1.9185667,1,0,4,4894.265,329.718262,1468.63379,3,0,0,0,0.12,1,0,0,0,0.0345170572,1,0,0,0,Grip,-57.4833679,0.026039049
504,10.0800409,9.080041,105.051514,0.7356088,207.675644,28.1576328,-0.0006871901,16.95475,3.454876,-0.03907458,-2.9501915,118.222237,118.15522,-1.09837437,0.128056109,4.25906,-1.91504955,1,0,4,4898.13,329.392853,1467.18433,3,0,0,0,0.12,1,0,0,0,0.03449727,1,0,0,0,Grip,-57.5939941,0.025993105
505,10.1000414,9.100041,105.616013,0.7355834,208.013672,28.2264748,-0.00132290239,16.8955917,3.44209671,-0.0317856148,-2.95791626,118.325371,118.258522,-1.097559,0.128194034,4.25555229,-1.91196465,1,0,4,4901.99951,329.067,1465.73279,3,0,0,0,0.12,1,0,0,0,0.03447752,1,0,0,0,Grip,-57.7129059,0.0259495378
506,10.1200418,9.120042,106.181892,0.7355481,208.350525,28.2950668,-0.00183097762,16.8362732,3.42960358,-0.0254037622,-2.96592712,118.42823,118.361534,-1.09696388,0.128343344,4.252478,-1.90927315,1,0,4,4905.88,328.7401,1464.27686,3,0,0,0,0.12,1,0,0,0,0.0344578251,1,0,0,0,Grip,-57.8395157,0.02590809
507,10.1400423,9.140042,106.74913,0.7355045,208.686188,28.363409,-0.002229439,16.7767868,3.41711044,-0.0199230742,-2.97431946,118.53083,118.464241,-1.09659958,0.128498629,4.249781,-1.9069916,1,0,4,4909.76953,328.412323,1462.81689,3,0,0,0,0.12,1,0,0,0,0.0344381779,1,0,0,0,Grip,-57.97467,0.0258686952
508,10.1600428,9.160043,107.317726,0.7354548,209.020645,28.4315071,-0.00253353966,16.7171268,3.40490341,-0.0152050285,-2.982998,118.633171,118.566689,-1.09645462,0.128657982,4.247516,-1.90509987,1,0,4,4913.663,328.0842,1461.35535,3,0,0,0,0.12,1,0,0,0,0.0344185829,1,0,0,0,Grip,-58.11429,0.0258311145
509,10.1800432,9.180043,107.88768,0.735400558,209.353928,28.4993649,-0.00275798049,16.6572857,3.392887,-0.0112220412,-2.9920578,118.735229,118.668823,-1.09652519,0.128823549,4.24572039,-1.90358973,1,0,4,4917.56152,327.755524,1459.89136,3,0,0,0,0.12,1,0,0,0,0.0343990438,1,0,0,0,Grip,-58.25692,0.0257952232
510,10.2000437,9.200044,108.459,0.7353431,209.685989,28.566988,-0.00291598868,16.5972557,3.381157,-0.007900409,-3.00149918,118.837021,118.77066,-1.09680367,0.128990412,4.24444,-1.90244746,1,0,4,4921.46436,327.426422,1458.42542,3,0,0,0,0.12,1,0,0,0,0.03437955,1,0,0,0,Grip,-58.40419,0.0257609189
511,10.2200441,9.220044,109.031654,0.7352835,210.016846,28.6343765,-0.00301916781,16.53703,3.36942673,-0.00515895663,-3.011322,118.938545,118.872231,-1.09727859,0.129154608,4.243539,-1.9016521,1,0,4,4925.368,327.097168,1456.95886,3,0,0,0,0.12,1,0,0,0,0.03436011,1,0,0,0,Grip,-58.5523834,0.0257279091
512,10.2400446,9.240045,109.605652,0.7352228,210.346512,28.7015362,-0.003077676,16.4765987,3.35798264,-0.00292541226,-3.02152634,119.0398,118.973473,-1.09793568,0.1293148,4.24315262,-1.90117788,1,0,4,4929.27051,326.767975,1455.49255,3,0,0,0,0.12,1,0,0,0,0.0343407243,1,0,0,0,Grip,-58.6985,0.0256961584
513,10.2600451,9.260045,110.180992,0.735161543,210.674957,28.76847,-0.00310082338,16.4159584,3.34672928,-0.00115736621,-3.03201675,119.140762,119.074425,-1.09877491,0.129474282,4.24315262,-1.90102434,1,0,4,4933.171,326.438873,1454.02673,3,0,0,0,0.12,1,0,0,0,0.03432139,1,0,0,0,Grip,-58.841526,0.02566553
514,10.2800455,9.28004551,110.757668,0.735100269,211.0022,28.8351841,-0.00309622078,16.3551,3.33566666,0.000230129808,-3.04288864,119.24147,119.175072,-1.09977055,0.1296282,4.2436223,-1.901146,1,0,4,4937.071,326.109741,1452.56067,3,0,0,0,0.12,1,0,0,0,0.034302108,1,0,0,0,Grip,-58.9839668,0.0256358776
515,10.300046,9.300046,111.33567,0.735039353,211.328217,28.9016781,-0.003070616,16.2940178,3.3246994,0.00128024258,-3.054142,119.341881,119.275429,-1.1009264,0.12977913,4.24451876,-1.901549,1,0,4,4940.96533,325.781,1451.09644,3,0,0,0,0.12,1,0,0,0,0.03428288,1,0,0,0,Grip,-59.1221237,0.0256072581
516,10.3200464,9.320046,111.915,0.73497957,211.653,28.9679565,-0.00302940072,16.2327061,3.313923,0.00206076074,-3.065586,119.442009,119.375473,-1.10222244,0.129922479,4.245716,-1.90219748,1,0,4,4944.85742,325.452423,1449.63281,3,0,0,0,0.12,1,0,0,0,0.0342637077,1,0,0,0,Grip,-59.2579765,0.0255792718
517,10.3400469,9.340047,112.495651,0.7349204,211.976563,29.0340233,-0.00297811674,16.1711578,3.303337,0.0025641988,-3.07741165,119.541862,119.475227,-1.10365009,0.1300595,4.24738455,-1.90307641,1,0,4,4948.742,325.1244,1448.17175,3,0,0,0,0.12,1,0,0,0,0.03424459,1,0,0,0,Grip,-59.3880272,0.0255521368
518,10.3600473,9.360047,113.077621,0.7348627,212.298889,29.0998783,-0.00291996566,16.10937,3.29275131,0.00290755415,-3.089428,119.641426,119.574684,-1.10520077,0.130194262,4.24926662,-1.90417027,1,0,4,4952.62256,324.796631,1446.71179,3,0,0,0,0.12,1,0,0,0,0.0342255272,1,0,0,0,Grip,-59.51323,0.02552557
519,10.3800478,9.380048,113.660904,0.7348058,212.619965,29.1655235,-0.00285902945,16.0473347,3.282261,0.00304681016,-3.10173035,119.740715,119.673851,-1.10686874,0.130323976,4.251492,-1.9054693,1,0,4,4956.496,324.469421,1445.25439,3,0,0,0,0.12,1,0,0,0,0.0342065133,1,0,0,0,Grip,-59.636673,0.0254996717
520,10.4000483,9.400048,114.245491,0.7347504,212.9398,29.23096,-0.00279722922,15.9850492,3.27186584,0.003090012,-3.11427116,119.8397,119.772713,-1.108633,0.13044557,4.254019,-1.90693653,1,0,4,4960.363,324.142761,1443.79932,3,0,0,0,0.12,1,0,0,0,0.0341875628,1,0,0,0,Grip,-59.75623,0.0254741851
521,10.4200487,9.420049,114.831383,0.7346961,213.258392,29.2961941,-0.00273711234,15.9225082,3.26166153,0.00300584361,-3.1270504,119.938416,119.871262,-1.1104908,0.130557463,4.256889,-1.90856624,1,0,4,4964.219,323.816864,1442.34766,3,0,0,0,0.12,1,0,0,0,0.03416866,1,0,0,0,Grip,-59.8695869,0.0254492946
522,10.4400492,9.440049,115.418579,0.734642863,213.575729,29.3612213,-0.0026802572,15.8597078,3.25136185,0.00284275739,-3.14002037,120.036827,119.969505,-1.11243057,0.1306637,4.259933,-1.910339,1,0,4,4968.067,323.4917,1440.89941,3,0,0,0,0.12,1,0,0,0,0.0341498181,1,0,0,0,Grip,-59.9755478,0.0254248716
523,10.46005,9.46005,116.007072,0.73459065,213.8918,29.4260445,-0.002627722,15.7966452,3.24115753,0.0026267604,-3.15313339,120.134949,120.067451,-1.11444473,0.130763739,4.263194,-1.91224122,1,0,4,4971.90869,323.167,1439.453,3,0,0,0,0.12,1,0,0,0,0.0341310278,1,0,0,0,Grip,-60.0771637,0.0254006777
524,10.48005,9.48005,116.596855,0.7345394,214.2066,29.4906654,-0.00258002756,15.7333164,3.23104858,0.0023847213,-3.16643715,120.23278,120.165115,-1.11652184,0.130861029,4.266714,-1.91425335,1,0,4,4975.73828,322.843231,1438.011,3,0,0,0,0.12,1,0,0,0,0.034112297,1,0,0,0,Grip,-60.17404,0.02537684
525,10.5000505,9.500051,117.187927,0.734488964,214.520142,29.5550842,-0.00253796345,15.66972,3.22093964,0.00210320577,-3.17983627,120.330322,120.262459,-1.1186533,0.130949125,4.27036667,-1.91635942,1,0,4,4979.56055,322.520081,1436.57153,3,0,0,0,0.12,1,0,0,0,0.03409362,1,0,0,0,Grip,-60.2687721,0.0253532231
526,10.520051,9.520051,117.780281,0.734439135,214.832413,29.6193027,-0.002501634,15.6058531,3.210926,0.00181647483,-3.19333076,120.427567,120.359489,-1.12083817,0.131030887,4.27419329,-1.91855872,1,0,4,4983.369,322.198,1435.137,3,0,0,0,0.12,1,0,0,0,0.034075,1,0,0,0,Grip,-60.3564873,0.0253298953
527,10.5400515,9.540051,118.373917,0.73439,215.143387,29.68332,-0.00247090519,15.5417137,3.200817,0.00153643778,-3.20696831,120.524521,120.456253,-1.12306976,0.131111562,4.278153,-1.92083859,1,0,4,4987.169,321.876678,1433.70569,3,0,0,0,0.12,1,0,0,0,0.0340564363,1,0,0,0,Grip,-60.43935,0.0253067575
528,10.5600519,9.560052,118.968826,0.7343413,215.453064,29.7471352,-0.00244585145,15.4773006,3.19080353,0.00125268707,-3.22065353,120.621185,120.552704,-1.12533474,0.131185472,4.28224468,-1.92317677,1,0,4,4990.95947,321.5561,1432.27771,3,0,0,0,0.12,1,0,0,0,0.03403793,1,0,0,0,Grip,-60.521328,0.0252837818
529,10.5800524,9.580052,119.56501,0.7342928,215.761459,29.810751,-0.00242616,15.412611,3.18079,0.0009845709,-3.23448181,120.717552,120.648857,-1.12762833,0.13125211,4.28651237,-1.92556465,1,0,4,4994.73633,321.2366,1430.85474,3,0,0,0,0.12,1,0,0,0,0.0340194739,1,0,0,0,Grip,-60.59813,0.0252609625
530,10.6000528,9.600053,120.16246,0.734244943,216.068558,29.8741646,-0.00241107121,15.3476448,3.170681,0.000754441135,-3.24831,120.813629,120.744713,-1.12995148,0.131318182,4.29078674,-1.92800426,1,0,4,4998.502,320.91803,1429.43567,3,0,0,0,0.12,1,0,0,0,0.03400108,1,0,0,0,Grip,-60.6693726,0.025238201
531,10.6200533,9.620053,120.761185,0.734197,216.374344,29.9373779,-0.00240104669,15.2824011,3.16066742,0.000501226168,-3.262186,120.909416,120.840256,-1.13230038,0.131377146,4.29519224,-1.93048835,1,0,4,5002.259,320.6002,1428.02,3,0,0,0,0.12,1,0,0,0,0.03398274,1,0,0,0,Grip,-60.7401161,0.0252157748
532,10.6400537,9.640054,121.36116,0.734149337,216.678833,30.00039,-0.00239499938,15.2168789,3.15055847,0.000302365515,-3.2761097,121.0049,120.935532,-1.13466454,0.131431565,4.29964828,-1.93299949,1,0,4,5006.00146,320.2835,1426.60938,3,0,0,0,0.12,1,0,0,0,0.0339644551,1,0,0,0,Grip,-60.8054276,0.0251932554
533,10.6600542,9.660054,121.962395,0.7341014,216.982,30.0632,-0.00239269063,15.1510792,3.140545,0.000115437433,-3.28998566,121.1001,121.030479,-1.137042,0.1314806,4.304148,-1.93553329,1,0,4,5009.733,319.9677,1425.20276,3,0,0,0,0.12,1,0,0,0,0.0339462273,1,0,0,0,Grip,-60.86724,0.0251708552
534,10.6800547,9.680055,122.56488,0.734053731,217.283844,30.1258087,-0.002393048,15.0849991,3.130436,-1.78697519E-05,-3.30400467,121.195015,121.125183,-1.13943,0.13152571,4.30878639,-1.93808627,1,0,4,5013.452,319.653046,1423.80115,3,0,0,0,0.12,1,0,0,0,0.03392805,1,0,0,0,Grip,-60.9249229,0.0251484588
535,10.7000551,9.700055,123.168617,0.7340058,217.584351,30.1882114,-0.002396191,15.0186405,3.12013626,-0.000157149043,-3.31792831,121.289635,121.219559,-1.14181709,0.131568387,4.313307,-1.94063818,1,0,4,5017.16,319.339172,1422.4032,3,0,0,0,0.12,1,0,0,0,0.0339099355,1,0,0,0,Grip,-60.97957,0.0251262486
536,10.7200556,9.720056,123.7736,0.7339577,217.883545,30.25041,-0.00240132981,14.9520035,3.109932,-0.000256940257,-3.331852,121.383957,121.313644,-1.14421654,0.131608218,4.31791449,-1.94321167,1,0,4,5020.85742,319.026245,1421.00928,3,0,0,0,0.12,1,0,0,0,0.0338918753,1,0,0,0,Grip,-61.03231,0.0251039863
537,10.740056,9.740056,124.379814,0.733909667,218.1814,30.3124046,-0.00240804744,14.885088,3.09972763,-0.0003358815,-3.3457756,121.477982,121.407448,-1.1466074,0.131642163,4.32257128,-1.94577169,1,0,4,5024.5415,318.7144,1419.62024,3,0,0,0,0.12,1,0,0,0,0.03387387,1,0,0,0,Grip,-61.08284,0.0250817779
538,10.7600565,9.7600565,124.987274,0.733861268,218.47789,30.3741932,-0.00241643353,14.8178949,3.089428,-0.0004193047,-3.35965157,121.571724,121.500946,-1.14900208,0.131674975,4.32719374,-1.94833875,1,0,4,5028.212,318.403717,1418.23645,3,0,0,0,0.12,1,0,0,0,0.03385592,1,0,0,0,Grip,-61.12886,0.0250597931
539,10.780057,9.780057,125.595963,0.7338127,218.773056,30.4357758,-0.002425743,14.7504253,3.07912827,-0.000465475023,-3.37347984,121.665176,121.594162,-1.151392,0.131704688,4.33182049,-1.95089817,1,0,4,5031.874,318.093719,1416.85559,3,0,0,0,0.12,1,0,0,0,0.0338380262,1,0,0,0,Grip,-61.1739578,0.02503771
540,10.8000574,9.800057,126.205872,0.733763933,219.066864,30.4971523,-0.00243591634,14.6826792,3.06882858,-0.0005086651,-3.38730812,121.758339,121.687111,-1.15378094,0.131733268,4.336496,-1.95345676,1,0,4,5035.522,317.784882,1415.48,3,0,0,0,0.12,1,0,0,0,0.03382019,1,0,0,0,Grip,-61.21665,0.0250157677
541,10.8200579,9.820058,126.817009,0.733715057,219.3593,30.558321,-0.00244653667,14.6146574,3.05843353,-0.000531016849,-3.40108871,121.851219,121.779747,-1.15615177,0.1317599,4.341138,-1.95598567,1,0,4,5039.16,317.4769,1414.10815,3,0,0,0,0.12,1,0,0,0,0.033802405,1,0,0,0,Grip,-61.2584229,0.0249937866
542,10.8400583,9.840058,127.429375,0.7336658,219.650375,30.61928,-0.00245763361,14.546361,3.047943,-0.000554847065,-3.41482162,121.943817,121.872093,-1.15852642,0.131781712,4.34574556,-1.95852137,1,0,4,5042.785,317.169983,1412.74109,3,0,0,0,0.12,1,0,0,0,0.0337846763,1,0,0,0,Grip,-61.2986565,0.0249718949
543,10.8600588,9.860059,128.042938,0.733616352,219.940079,30.6800289,-0.00246873056,14.4777908,3.0374527,-0.000554847065,-3.42850685,122.036118,121.96418,-1.1608839,0.131802246,4.350359,-1.961029,1,0,4,5046.39746,316.864136,1411.37878,3,0,0,0,0.12,1,0,0,0,0.033767,1,0,0,0,Grip,-61.3351936,0.02494997
544,10.8800592,9.880059,128.657715,0.7335669,220.2284,30.7405682,-0.002479604,14.4089489,3.02696228,-0.0005436712,-3.44209671,122.128143,122.055977,-1.16322613,0.131821409,4.35493326,-1.96351182,1,0,4,5049.99951,316.559143,1410.02026,3,0,0,0,0.12,1,0,0,0,0.03374938,1,0,0,0,Grip,-61.3707,0.02492813
545,10.90006,9.90006,129.273712,0.733516932,220.51535,30.8008938,-0.00249032862,14.3398361,3.01628113,-0.000536232255,-3.455639,122.219879,122.147461,-1.16556263,0.131836623,4.35943747,-1.96598506,1,0,4,5053.58936,316.255157,1408.66626,3,0,0,0,0.12,1,0,0,0,0.0337318145,1,0,0,0,Grip,-61.4051056,0.0249062926
546,10.92006,9.92006,129.8909,0.7334668,220.800919,30.8610058,-0.00250051683,14.2704535,3.0056,-0.000509410165,-3.46913338,122.31134,122.2387,-1.16787815,0.131851047,4.363947,-1.9684242,1,0,4,5057.167,315.952271,1407.31714,3,0,0,0,0.12,1,0,0,0,0.0337143019,1,0,0,0,Grip,-61.4364662,0.0248845387
547,10.9400606,9.940061,130.5093,0.733416557,221.085083,30.9209042,-0.00251007965,14.2008018,2.99491882,-0.000478141,-3.48258018,122.402512,122.329659,-1.17017937,0.131865233,4.368461,-1.97084081,1,0,4,5060.73242,315.6504,1405.97253,3,0,0,0,0.12,1,0,0,0,0.0336968452,1,0,0,0,Grip,-61.4671669,0.0248627476
548,10.9600611,9.960061,131.128891,0.733366251,221.367859,30.9805851,-0.00251895725,14.1308842,2.984047,-0.000443879981,-3.495884,122.493408,122.420311,-1.172473,0.1318762,4.37281847,-1.97324491,1,0,4,5064.2876,315.349365,1404.63171,3,0,0,0,0.12,1,0,0,0,0.03367944,1,0,0,0,Grip,-61.4976273,0.0248409938
549,10.9800615,9.980062,131.749664,0.7333156,221.649216,31.04005,-0.0025272388,14.0607,2.97327042,-0.000414077658,-3.5091877,122.584015,122.5107,-1.17475128,0.131887227,4.377261,-1.97562408,1,0,4,5067.83057,315.049377,1403.29553,3,0,0,0,0.12,1,0,0,0,0.0336620919,1,0,0,0,Grip,-61.5255966,0.0248192959
550,11.000062,10.000062,132.371613,0.7332649,221.929169,31.0992985,-0.00253409077,13.9902525,2.96239853,-0.000342598651,-3.522396,122.674355,122.6008,-1.17701435,0.1318967,4.38162851,-1.97797859,1,0,4,5071.3623,314.750336,1401.9635,3,0,0,0,0.12,1,0,0,0,0.0336447954,1,0,0,0,Grip,-61.5535431,0.02479747
551,11.0200624,10.0200624,132.994766,0.7332141,222.207718,31.1583271,-0.002540138,13.9195414,2.95143127,-0.000302365515,-3.53555679,122.7644,122.690643,-1.17926311,0.131905735,4.38596439,-1.98031044,1,0,4,5074.88037,314.452484,1400.63684,3,0,0,0,0.12,1,0,0,0,0.0336275548,1,0,0,0,Grip,-61.58026,0.0247758888
552,11.0400629,10.0400629,133.61908,0.7331631,222.484848,31.2171364,-0.0025453514,13.8485689,2.940464,-0.000260665547,-3.54862213,122.854187,122.78019,-1.181489,0.131917462,4.390261,-1.982605,1,0,4,5078.389,314.155365,1399.31335,3,0,0,0,0.12,1,0,0,0,0.03361036,1,0,0,0,Grip,-61.6065865,0.0247542579
553,11.0600634,10.0600634,134.244583,0.7331121,222.760544,31.2757244,-0.002549522,13.7773371,2.9294014,-0.000208534766,-3.561592,122.94368,122.869453,-1.18371868,0.131926984,4.39448166,-1.98490655,1,0,4,5081.888,313.8591,1397.99377,3,0,0,0,0.12,1,0,0,0,0.0335932225,1,0,0,0,Grip,-61.6348839,0.0247325972
554,11.0800638,10.0800638,134.871231,0.7330609,223.0348,31.3340912,-0.00255281385,13.7058468,2.91833878,-0.000164587982,-3.57451439,123.032906,122.958473,-1.18592834,0.1319354,4.39870739,-1.9871763,1,0,4,5085.37256,313.5641,1396.67969,3,0,0,0,0.12,1,0,0,0,0.03357614,1,0,0,0,Grip,-61.6614571,0.0247110575
555,11.1000643,10.1000643,135.499054,0.733009934,223.307632,31.3922348,-0.00255498872,13.6340981,2.90718079,-0.000108743552,-3.58743668,123.121864,123.047218,-1.18811607,0.131942526,4.40294647,-1.98941,1,0,4,5088.847,313.269928,1395.36951,3,0,0,0,0.12,1,0,0,0,0.0335591026,1,0,0,0,Grip,-61.6871376,0.024689462
556,11.1200647,10.1200647,136.128036,0.7329586,223.579025,31.4501553,-0.00255658245,13.5620947,2.8960228,-7.968629E-05,-3.60016823,123.210541,123.135666,-1.190299,0.131948739,4.407057,-1.99163687,1,0,4,5092.30957,312.976776,1394.06372,3,0,0,0,0.12,1,0,0,0,0.0335421264,1,0,0,0,Grip,-61.7117767,0.02466806
557,11.1400652,10.1400652,136.758163,0.732907653,223.848969,31.50785,-0.00255698455,13.4898367,2.88476944,-2.01049261E-05,-3.61289978,123.29895,123.223862,-1.19246292,0.131954923,4.41118145,-1.99383318,1,0,4,5095.76172,312.68454,1392.762,3,0,0,0,0.12,1,0,0,0,0.033525195,1,0,0,0,Grip,-61.7356758,0.0246465374
558,11.1600657,10.1600657,137.38945,0.7328564,224.117447,31.565321,-0.00255677616,13.417326,2.873516,1.04191713E-05,-3.625536,123.387093,123.311783,-1.19462013,0.131962225,4.41526556,-1.99601924,1,0,4,5099.202,312.3933,1391.46484,3,0,0,0,0.12,1,0,0,0,0.0335083231,1,0,0,0,Grip,-61.7594833,0.0246252026
559,11.1800661,10.1800661,138.021881,0.732805252,224.384491,31.6225643,-0.00255558454,13.3445635,2.86216736,5.958136E-05,-3.63812447,123.474968,123.399452,-1.19676685,0.1319679,4.41931963,-1.99818933,1,0,4,5102.63428,312.102783,1390.17078,3,0,0,0,0.12,1,0,0,0,0.033491496,1,0,0,0,Grip,-61.78408,0.0246037934
560,11.2000666,10.2000666,138.655441,0.7327541,224.65007,31.67958,-0.002553678,13.27155,2.85081863,9.533251E-05,-3.65066528,123.562569,123.486832,-1.198885,0.131971672,4.42337847,-2.00031281,1,0,4,5106.052,311.813538,1388.88245,3,0,0,0,0.12,1,0,0,0,0.0334747247,1,0,0,0,Grip,-61.8073959,0.0245824866
561,11.220067,10.220067,139.290146,0.732703149,224.914185,31.7363682,-0.00255087763,13.1982889,2.83937454,0.000140012708,-3.663063,123.649895,123.573967,-1.20100117,0.1319744,4.42731762,-2.00243449,1,0,4,5109.459,311.525146,1387.5979,3,0,0,0,0.12,1,0,0,0,0.033458,1,0,0,0,Grip,-61.8292122,0.0245612375
562,11.2400675,10.2400675,139.926,0.7326521,225.176834,31.7929249,-0.00254760054,13.1247807,2.827835,0.000163854565,-3.67541313,123.736977,123.660828,-1.20310593,0.131980419,4.43122768,-2.0045383,1,0,4,5112.85645,311.237579,1386.317,3,0,0,0,0.12,1,0,0,0,0.0334413275,1,0,0,0,Grip,-61.8501778,0.0245400723
563,11.2600679,10.2600679,140.562958,0.7326014,225.437988,31.84925,-0.00254383218,13.0510273,2.81629562,0.0001884182,-3.68766785,123.823769,123.747414,-1.20519924,0.131988928,4.435097,-2.00662422,1,0,4,5116.24463,310.950836,1385.03979,3,0,0,0,0.12,1,0,0,0,0.03342471,1,0,0,0,Grip,-61.8735733,0.02451891
564,11.2800684,10.2800684,141.20105,0.732550442,225.697678,31.905344,-0.00253979559,12.9770288,2.8046608,0.000201829243,-3.69992256,123.9103,123.83374,-1.20728207,0.131992429,4.43898249,-2.00869441,1,0,4,5119.62158,310.665039,1383.76672,3,0,0,0,0.12,1,0,0,0,0.03340814,1,0,0,0,Grip,-61.8987961,0.0244978163
565,11.3000689,10.3000689,141.84024,0.7324999,225.955887,31.9612045,-0.00253488,12.9027872,2.793026,0.000245776027,-3.712082,123.996574,123.919807,-1.20934963,0.13199684,4.442827,-2.010741,1,0,4,5122.985,310.380463,1382.49915,3,0,0,0,0.12,1,0,0,0,0.03339162,1,0,0,0,Grip,-61.9201775,0.02447675
566,11.3200693,10.3200693,142.48056,0.7324493,226.2126,32.01683,-0.00252974126,12.8283033,2.78129578,0.000256940257,-3.72419357,124.082581,124.005592,-1.21141911,0.132004723,4.4466424,-2.0127914,1,0,4,5126.339,310.09668,1381.23511,3,0,0,0,0.12,1,0,0,0,0.03337515,1,0,0,0,Grip,-61.94219,0.0244557355
567,11.34007,10.34007,143.122,0.732398868,226.4678,32.0722275,-0.002524379,12.7535791,2.76985168,0.000268116128,-3.73620987,124.168312,124.091133,-1.21347237,0.132006675,4.45051336,-2.01481652,1,0,4,5129.68457,309.813629,1379.97437,3,0,0,0,0.12,1,0,0,0,0.0333587341,1,0,0,0,Grip,-61.9667664,0.0244348533
568,11.36007,10.36007,143.764526,0.7323484,226.721527,32.1273842,-0.00251880824,12.6786156,2.75783539,0.0002785353,-3.74817848,124.2538,124.17643,-1.21550655,0.132012755,4.454196,-2.01681185,1,0,4,5133.01563,309.5318,1378.71912,3,0,0,0,0.12,1,0,0,0,0.03334237,1,0,0,0,Grip,-61.9867973,0.02441398
569,11.3800707,10.3800707,144.408157,0.7322983,226.973755,32.1823044,-0.00251293951,12.6034145,2.74600983,0.00029343646,-3.76005173,124.339012,124.261436,-1.21753979,0.132015839,4.45790148,-2.018807,1,0,4,5136.34,309.250641,1377.46667,3,0,0,0,0.12,1,0,0,0,0.0333260521,1,0,0,0,Grip,-62.0099,0.0243931934
570,11.4000711,10.4000711,145.052887,0.7322482,227.224457,32.2369881,-0.002507339,12.527976,2.73418427,0.000280025415,-3.771925,124.423981,124.346169,-1.21956539,0.132020026,4.461655,-2.020791,1,0,4,5139.65137,308.970551,1376.21912,3,0,0,0,0.12,1,0,0,0,0.03330978,1,0,0,0,Grip,-62.03068,0.0243725143
571,11.4200716,10.4200716,145.6987,0.7321981,227.473648,32.2914352,-0.002501619,12.452302,2.7223587,0.000285997521,-3.78370285,124.508675,124.430672,-1.221591,0.132023722,4.46536636,-2.02277613,1,0,4,5142.95459,308.691162,1374.97473,3,0,0,0,0.12,1,0,0,0,0.0332935639,1,0,0,0,Grip,-62.0522346,0.02435177
572,11.4400721,10.4400721,146.3456,0.732148051,227.721329,32.3456459,-0.00249589933,12.3763933,2.71053314,0.00028598588,-3.795433,124.593117,124.514923,-1.223588,0.132028118,4.4690814,-2.02471542,1,0,4,5146.24561,308.412842,1373.735,3,0,0,0,0.12,1,0,0,0,0.0332774,1,0,0,0,Grip,-62.07336,0.0243312381
573,11.4600725,10.4600725,146.993576,0.73209846,227.967484,32.3996124,-0.0024900008,12.300252,2.698326,0.000294926576,-3.80706787,124.6773,124.598907,-1.225584,0.132033855,4.472632,-2.02665544,1,0,4,5149.52734,308.135345,1372.4989,3,0,0,0,0.12,1,0,0,0,0.0332612768,1,0,0,0,Grip,-62.0949669,0.0243106447
574,11.480073,10.480073,147.642639,0.7320488,228.2121,32.4533424,-0.002484579,12.2238789,2.68650055,0.000271084718,-3.818655,124.761223,124.68261,-1.22758007,0.132038623,4.47630739,-2.02859616,1,0,4,5152.8,307.858673,1371.2666,3,0,0,0,0.12,1,0,0,0,0.0332452059,1,0,0,0,Grip,-62.117527,0.024290245
575,11.5000734,10.5000734,148.292755,0.7319992,228.4552,32.5068321,-0.00247920188,12.147275,2.67448425,0.0002688612,-3.83019447,124.844894,124.766106,-1.22956276,0.132042572,4.479925,-2.03051639,1,0,4,5156.06,307.583069,1370.03906,3,0,0,0,0.12,1,0,0,0,0.0332291871,1,0,0,0,Grip,-62.1392975,0.0242697261
576,11.5200739,10.5200739,148.943939,0.731949747,228.696762,32.5600777,-0.00247367565,12.0704412,2.66227722,0.000276311766,-3.84168625,124.928322,124.849319,-1.23154068,0.132050261,4.4834857,-2.03243065,1,0,4,5159.30957,307.30838,1368.81543,3,0,0,0,0.12,1,0,0,0,0.0332132131,1,0,0,0,Grip,-62.1604,0.0242493823
577,11.5400743,10.5400743,149.596191,0.7319006,228.936768,32.6130829,-0.002467941,11.99338,2.650261,0.000286730938,-3.85308266,125.011475,124.932289,-1.23351383,0.13205418,4.487064,-2.03433847,1,0,4,5162.55225,307.0343,1367.59473,3,0,0,0,0.12,1,0,0,0,0.03319729,1,0,0,0,Grip,-62.18427,0.0242289938
578,11.5600748,10.5600748,150.2495,0.731851339,229.175247,32.665844,-0.002462415,11.91609,2.638054,0.000276300125,-3.864479,125.094391,125.015007,-1.23547459,0.132058159,4.49063063,-2.0362277,1,0,4,5165.781,306.761475,1366.37939,3,0,0,0,0.12,1,0,0,0,0.033181414,1,0,0,0,Grip,-62.2052345,0.02420871
579,11.5800753,10.5800753,150.90387,0.7318022,229.41217,32.71836,-0.00245676981,11.8385735,2.62584686,0.0002822606,-3.87582779,125.177055,125.097473,-1.23743439,0.132064328,4.49420071,-2.03811669,1,0,4,5169.00049,306.4894,1365.1676,3,0,0,0,0.12,1,0,0,0,0.03316559,1,0,0,0,Grip,-62.22619,0.0241885036
580,11.6000757,10.6000757,151.559265,0.73175323,229.647537,32.7706337,-0.00245102,11.7608318,2.61363983,0.000287487637,-3.88708115,125.25946,125.179672,-1.239378,0.132069841,4.497729,-2.03998041,1,0,4,5172.21143,306.21814,1363.95935,3,0,0,0,0.12,1,0,0,0,0.0331498049,1,0,0,0,Grip,-62.2487526,0.0241683777
581,11.6200762,10.6200762,152.2157,0.731704235,229.881332,32.8226624,-0.002445092,11.6828671,2.6014328,0.000296405051,-3.89823914,125.341614,125.261635,-1.24133015,0.132077917,4.501213,-2.04185963,1,0,4,5175.411,305.947845,1362.75537,3,0,0,0,0.12,1,0,0,0,0.0331340767,1,0,0,0,Grip,-62.270752,0.0241481923
582,11.6400766,10.6400766,152.873184,0.7316555,230.113571,32.8744431,-0.0024387762,11.6046791,2.589035,0.0003157882,-3.90939713,125.423531,125.343369,-1.243267,0.132083371,4.50468826,-2.04371643,1,0,4,5178.601,305.678375,1361.555,3,0,0,0,0.12,1,0,0,0,0.03311839,1,0,0,0,Grip,-62.29465,0.0241280943
583,11.6600771,10.6600771,153.5317,0.731606841,230.344254,32.9259758,-0.002432699,11.526269,2.57663727,0.000303855632,-3.92050743,125.505188,125.42482,-1.245203,0.132087409,4.50816631,-2.04557276,1,0,4,5181.78,305.409973,1360.35962,3,0,0,0,0.12,1,0,0,0,0.03310276,1,0,0,0,Grip,-62.3164978,0.0241081938
584,11.6800776,10.6800776,154.191223,0.731558561,230.573349,32.9772644,-0.00242666644,11.4476376,2.56443024,0.0003016321,-3.93157,125.586594,125.506035,-1.24714184,0.1320926,4.511703,-2.04743481,1,0,4,5184.949,305.1423,1359.16736,3,0,0,0,0.12,1,0,0,0,0.0330871679,1,0,0,0,Grip,-62.33723,0.024088297
585,11.700078,10.700078,154.851791,0.7315099,230.800873,33.0283,-0.00242097653,11.3687859,2.55184174,0.000284495763,-3.942585,125.667755,125.587036,-1.249054,0.132098168,4.515131,-2.04925513,1,0,4,5188.111,304.875366,1357.97839,3,0,0,0,0.12,1,0,0,0,0.033071626,1,0,0,0,Grip,-62.3587761,0.0240684524
586,11.7200785,10.7200785,155.513351,0.7314619,231.026825,33.07909,-0.002414914,11.2897158,2.539444,0.000303122215,-3.95350456,125.748672,125.66774,-1.25097561,0.132104069,4.518571,-2.05109262,1,0,4,5191.26172,304.609375,1356.79358,3,0,0,0,0.12,1,0,0,0,0.0330561362,1,0,0,0,Grip,-62.3805542,0.0240486637
587,11.7400789,10.7400789,156.175949,0.7314137,231.251175,33.12963,-0.00240947749,11.2104282,2.5270462,0.000271829776,-3.96437645,125.829338,125.748215,-1.25288582,0.1321075,4.522013,-2.05291319,1,0,4,5194.402,304.34433,1355.613,3,0,0,0,0.12,1,0,0,0,0.0330406874,1,0,0,0,Grip,-62.4025345,0.0240290016
588,11.7600794,10.7600794,156.839539,0.7313657,231.473953,33.17992,-0.00240408536,11.1309233,2.5144577,0.000269606244,-3.97524834,125.909775,125.828461,-1.25478554,0.132113174,4.52544928,-2.05471849,1,0,4,5197.53174,304.0802,1354.43652,3,0,0,0,0.12,1,0,0,0,0.03302529,1,0,0,0,Grip,-62.42259,0.0240093544
589,11.78008,10.78008,157.504135,0.7313177,231.695129,33.2299576,-0.002398872,11.0512037,2.5018692,0.000260665547,-3.98597717,125.989944,125.908455,-1.25668335,0.132120132,4.52879572,-2.05652261,1,0,4,5200.654,303.816772,1353.26318,3,0,0,0,0.12,1,0,0,0,0.03300994,1,0,0,0,Grip,-62.4442863,0.0239898
590,11.80008,10.80008,158.169708,0.731269956,231.9147,33.2797432,-0.00239380775,10.97127,2.4892807,0.000253214967,-3.996706,126.069885,125.988159,-1.25858212,0.13212502,4.53219032,-2.05832887,1,0,4,5203.766,303.55423,1352.09375,3,0,0,0,0.12,1,0,0,0,0.03299463,1,0,0,0,Grip,-62.4669037,0.0239702743
591,11.8200808,10.8200808,158.836288,0.731222034,232.13266,33.329277,-0.00238911575,10.8911219,2.4766922,0.000234600157,-4.007387,126.149559,126.067673,-1.26047516,0.132130563,4.53558731,-2.06012821,1,0,4,5206.8667,303.2927,1350.92883,3,0,0,0,0.12,1,0,0,0,0.0329793729,1,0,0,0,Grip,-62.4879036,0.0239508562
592,11.8400812,10.8400812,159.50386,0.7311746,232.34903,33.37856,-0.00238423,10.8107624,2.4641037,0.0002442859,-4.017973,126.229019,126.146942,-1.262352,0.132137254,4.53894043,-2.06190276,1,0,4,5209.959,303.0319,1349.76709,3,0,0,0,0.12,1,0,0,0,0.03296416,1,0,0,0,Grip,-62.509346,0.0239313841
593,11.8600817,10.8600817,160.1724,0.7311269,232.563782,33.4275856,-0.00237974664,10.7301922,2.45132446,0.000224169344,-4.028511,126.308235,126.22596,-1.2642374,0.13214545,4.542243,-2.06369233,1,0,4,5213.0415,302.771942,1348.60925,3,0,0,0,0.12,1,0,0,0,0.03294899,1,0,0,0,Grip,-62.5316048,0.0239120983
594,11.8800821,10.8800821,160.841919,0.731079459,232.7769,33.4763565,-0.00237493543,10.64941,2.43854523,0.000240560621,-4.039097,126.3872,126.304733,-1.26611423,0.132148668,4.54564,-2.0654707,1,0,4,5216.11572,302.512756,1347.45483,3,0,0,0,0.12,1,0,0,0,0.03293387,1,0,0,0,Grip,-62.55495,0.02389272
595,11.9000826,10.9000826,161.512421,0.731032133,232.988419,33.52487,-0.002370169,10.5684185,2.425766,0.000238325447,-4.04958725,126.465927,126.38327,-1.26798058,0.132153183,4.54899359,-2.067233,1,0,4,5219.17529,302.2549,1346.30627,3,0,0,0,0.12,1,0,0,0,0.0329187959,1,0,0,0,Grip,-62.57448,0.0238734055
596,11.920083,10.920083,162.183884,0.7309848,233.198318,33.57313,-0.002365358,10.48722,2.41298676,0.000240548979,-4.05993462,126.544395,126.461563,-1.26984787,0.132160291,4.55225658,-2.068999,1,0,4,5222.229,301.997528,1345.15979,3,0,0,0,0.12,1,0,0,0,0.03290377,1,0,0,0,Grip,-62.59493,0.02385424
597,11.9400835,10.9400835,162.8563,0.730937839,233.40657,33.6211357,-0.002360338,10.4058142,2.40020752,0.000250991434,-4.070282,126.62265,126.539604,-1.27170467,0.132166147,4.55556726,-2.07074928,1,0,4,5225.273,301.741028,1344.01733,3,0,0,0,0.12,1,0,0,0,0.03288879,1,0,0,0,Grip,-62.61729,0.0238358043
598,11.960084,10.960084,163.529663,0.7308905,233.6132,33.6688843,-0.0023555865,10.3242016,2.38742828,0.000237580389,-4.08062935,126.700653,126.617432,-1.27356148,0.132169172,4.55892563,-2.07250118,1,0,4,5228.31348,301.4849,1342.87646,3,0,0,0,0.12,1,0,0,0,0.032873854,1,0,0,0,Grip,-62.6386566,0.0238166712
599,11.9800844,10.9800844,164.204,0.730843663,233.8182,33.7163734,-0.00235017971,10.242384,2.37445831,0.00027033966,-4.09088135,126.778435,126.695023,-1.27541733,0.132174253,4.56219,-2.07425332,1,0,4,5231.33643,301.230255,1341.74231,3,0,0,0,0.12,1,0,0,0,0.03285896,1,0,0,0,Grip,-62.65783,0.0237976015
600,12.0000849,11.0000849,164.879272,0.7307968,234.021545,33.763607,-0.00234513,10.1603622,2.361679,0.00025248155,-4.10108566,126.855957,126.772362,-1.27726364,0.13218306,4.5655055,-2.07599187,1,0,4,5234.35254,300.976257,1340.61084,3,0,0,0,0.12,1,0,0,0,0.032844115,1,0,0,0,Grip,-62.6785049,0.023778718
601,12.0200853,11.0200853,165.555481,0.7307501,234.223267,33.81058,-0.00234006578,10.0781374,2.348709,0.000253214967,-4.11124229,126.933273,126.849487,-1.27910233,0.132188246,4.56877327,-2.07771969,1,0,4,5237.36133,300.722931,1339.48254,3,0,0,0,0.12,1,0,0,0,0.03282931,1,0,0,0,Grip,-62.7019539,0.0237598531
602,12.0400858,11.0400858,166.23262,0.7307034,234.42334,33.8572922,-0.00233500148,9.99571,2.3355484,0.000253214967,-4.12135124,127.010338,126.926376,-1.2809391,0.132194,4.57199574,-2.079446,1,0,4,5240.35645,300.470764,1338.35938,3,0,0,0,0.12,1,0,0,0,0.0328145549,1,0,0,0,Grip,-62.7226067,0.0237410031
603,12.0600863,11.0600863,166.910675,0.730656862,234.621735,33.9037437,-0.00232986268,9.913082,2.32257843,0.000256940257,-4.13141251,127.087166,127.003006,-1.28277779,0.132202223,4.57526731,-2.08117747,1,0,4,5243.34375,300.21936,1337.2395,3,0,0,0,0.12,1,0,0,0,0.0327998437,1,0,0,0,Grip,-62.7436371,0.0237221532
604,12.0800867,11.0800867,167.589676,0.7306104,234.8185,33.94994,-0.002324709,9.830254,2.30979919,0.000257685315,-4.141426,127.16375,127.079407,-1.284605,0.132208288,4.578586,-2.08289146,1,0,4,5246.32227,299.968719,1336.12317,3,0,0,0,0.12,1,0,0,0,0.03278518,1,0,0,0,Grip,-62.7664833,0.0237034913
605,12.1000872,11.1000872,168.269592,0.730564,235.0136,33.9958725,-0.00231958483,9.747227,2.29663849,0.00025620684,-4.1513443,127.24012,127.155609,-1.28643036,0.132212743,4.581767,-2.08460474,1,0,4,5249.29053,299.718964,1335.01062,3,0,0,0,0.12,1,0,0,0,0.03277056,1,0,0,0,Grip,-62.78765,0.0236848872
606,12.1200876,11.1200876,168.950424,0.730517745,235.207016,34.0415421,-0.00231480366,9.664001,2.28347778,0.000239058863,-4.16126251,127.316269,127.231552,-1.28825188,0.1322206,4.58499575,-2.086313,1,0,4,5252.25,299.470062,1333.902,3,0,0,0,0.12,1,0,0,0,0.0327559747,1,0,0,0,Grip,-62.8075562,0.0236663911
607,12.1400881,11.1400881,169.632156,0.7304717,235.398773,34.08695,-0.00231029023,9.58058,2.270317,0.0002256711,-4.17108536,127.392174,127.307274,-1.29006958,0.13222526,4.58818,-2.08801723,1,0,4,5255.203,299.2217,1332.79578,3,0,0,0,0.12,1,0,0,0,0.032741446,1,0,0,0,Grip,-62.8299675,0.0236478634
608,12.1600885,11.1600885,170.314819,0.7304254,235.588867,34.13209,-0.00230640266,9.496962,2.25715637,0.000194378663,-4.180908,127.467842,127.382751,-1.29188156,0.132230774,4.591412,-2.089714,1,0,4,5258.143,298.974518,1331.6947,3,0,0,0,0.12,1,0,0,0,0.0327269547,1,0,0,0,Grip,-62.84993,0.02362955
609,12.180089,11.180089,170.998352,0.7303796,235.777267,34.17697,-0.00230276817,9.413149,2.24399567,0.000181724317,-4.19063568,127.543274,127.458008,-1.29369736,0.132238388,4.59459829,-2.0914185,1,0,4,5261.076,298.727936,1330.59644,3,0,0,0,0.12,1,0,0,0,0.03271251,1,0,0,0,Grip,-62.8704758,0.0236111768
610,12.2000895,11.2000895,171.682785,0.730333567,235.964,34.22159,-0.00229941681,9.329142,2.230835,0.000167568214,-4.200363,127.618492,127.533028,-1.29550457,0.132246971,4.597832,-2.0931108,1,0,4,5264,298.482239,1329.50208,3,0,0,0,0.12,1,0,0,0,0.032698106,1,0,0,0,Grip,-62.89257,0.02359283
611,12.22009,11.22009,172.3681,0.7302877,236.149063,34.2659378,-0.00229572272,9.244942,2.21748352,0.00018470455,-4.20999527,127.693474,127.607834,-1.29730892,0.132251635,4.60097742,-2.09480071,1,0,4,5266.915,298.2373,1328.411,3,0,0,0,0.12,1,0,0,0,0.03268375,1,0,0,0,Grip,-62.9153366,0.0235744789
612,12.24009,11.24009,173.0543,0.7302419,236.332413,34.3100243,-0.00229164143,9.160549,2.20432281,0.000204064418,-4.21962738,127.768219,127.6824,-1.2990942,0.132257134,4.604213,-2.0964613,1,0,4,5269.81738,297.993469,1327.325,3,0,0,0,0.12,1,0,0,0,0.03266944,1,0,0,0,Grip,-62.93509,0.0235561468
613,12.2600908,11.2600908,173.741379,0.7301961,236.514084,34.3538437,-0.002287322,9.075967,2.19097137,0.0002159737,-4.22911644,127.842758,127.756737,-1.30089092,0.132263854,4.607314,-2.09814215,1,0,4,5272.713,297.7503,1326.24182,3,0,0,0,0.12,1,0,0,0,0.03265517,1,0,0,0,Grip,-62.95543,0.0235379413
614,12.2800913,11.2800913,174.429321,0.73015064,236.694061,34.3974,-0.00228260015,8.991194,2.17781067,0.000236090273,-4.238653,127.917053,127.830872,-1.30267048,0.132268965,4.6105504,-2.09979677,1,0,4,5275.601,297.507751,1325.1615,3,0,0,0,0.12,1,0,0,0,0.0326409452,1,0,0,0,Grip,-62.9766426,0.023519747
615,12.3000917,11.3000917,175.118149,0.730105042,236.87233,34.4406853,-0.002278087,8.906232,2.16426849,0.00022565946,-4.24809456,127.991142,127.904762,-1.30446148,0.132275462,4.61365843,-2.10147166,1,0,4,5278.47656,297.266357,1324.08618,3,0,0,0,0.12,1,0,0,0,0.0326267555,1,0,0,0,Grip,-62.9965935,0.0235017426
616,12.3200922,11.3200922,175.807816,0.7300596,237.0489,34.4837074,-0.00227352884,8.821082,2.15110779,0.000227906276,-4.25748825,128.065,127.978439,-1.30623817,0.132279545,4.616849,-2.10312581,1,0,4,5281.347,297.025452,1323.01318,3,0,0,0,0.12,1,0,0,0,0.0326126143,1,0,0,0,Grip,-63.0175438,0.0234837644
617,12.3400927,11.3400927,176.498352,0.730014265,237.22377,34.52646,-0.00226903055,8.735745,2.13756561,0.0002249144,-4.26683426,128.138641,128.051865,-1.30801392,0.132282555,4.619959,-2.10477924,1,0,4,5284.20654,296.7855,1321.94434,3,0,0,0,0.12,1,0,0,0,0.03259851,1,0,0,0,Grip,-63.0366249,0.0234658029
618,12.3600931,11.3600931,177.189743,0.7299689,237.396912,34.568943,-0.002264413,8.650223,2.12421417,0.000230874866,-4.27613258,128.212036,128.125122,-1.30978107,0.132288724,4.62311029,-2.10642147,1,0,4,5287.057,296.546356,1320.87915,3,0,0,0,0.12,1,0,0,0,0.0325844623,1,0,0,0,Grip,-63.05483,0.0234479364
619,12.3800936,11.3800936,177.881973,0.7299237,237.568359,34.6111565,-0.00225963164,8.564516,2.110672,0.0002390705,-4.28533554,128.285233,128.19812,-1.31154156,0.132294282,4.6261754,-2.108054,1,0,4,5289.902,296.30777,1319.81653,3,0,0,0,0.12,1,0,0,0,0.032570444,1,0,0,0,Grip,-63.07539,0.02343006
620,12.400094,11.400094,178.575043,0.729878843,237.738083,34.6531,-0.002254776,8.478625,2.09712982,0.000242784154,-4.2945385,128.3582,128.2709,-1.31329632,0.13230218,4.62928867,-2.1096797,1,0,4,5292.73438,296.070251,1318.75854,3,0,0,0,0.12,1,0,0,0,0.03255647,1,0,0,0,Grip,-63.09544,0.0234122425
621,12.4200945,11.4200945,179.268951,0.729833841,237.906067,34.69477,-0.00225036684,8.392552,2.08358765,0.0002204557,-4.303646,128.430939,128.34346,-1.31505108,0.132304668,4.63235569,-2.11130738,1,0,4,5295.56055,295.8333,1317.70313,3,0,0,0,0.12,1,0,0,0,0.03254254,1,0,0,0,Grip,-63.1172028,0.02339458
622,12.4400949,11.4400949,179.963669,0.729789,238.072342,34.73617,-0.00224589836,8.306298,2.07004547,0.000223424286,-4.312706,128.503464,128.415787,-1.316802,0.132309631,4.63542366,-2.11293054,1,0,4,5298.37451,295.597473,1316.65271,3,0,0,0,0.12,1,0,0,0,0.0325286575,1,0,0,0,Grip,-63.1348267,0.02337692
623,12.4600954,11.4600954,180.659225,0.7297441,238.2369,34.7773,-0.00224157865,8.219864,2.0565033,0.000215985347,-4.321718,128.57576,128.4879,-1.31854725,0.132316813,4.63849163,-2.11454582,1,0,4,5301.183,295.362152,1315.60449,3,0,0,0,0.12,1,0,0,0,0.0325148143,1,0,0,0,Grip,-63.1542778,0.0233593285
624,12.4800959,11.4800959,181.355591,0.7296995,238.399689,34.81816,-0.00223711017,8.13325,2.04296112,0.000223424286,-4.33068275,128.647842,128.55983,-1.32029629,0.132324964,4.6415596,-2.11616921,1,0,4,5303.9834,295.127563,1314.55957,3,0,0,0,0.12,1,0,0,0,0.0325010121,1,0,0,0,Grip,-63.17536,0.0233417973
625,12.5000963,11.5000963,182.05278,0.729654849,238.560776,34.8587456,-0.00223287987,8.046458,2.02922821,0.000211515,-4.33959961,128.719711,128.631516,-1.32202768,0.1323315,4.644592,-2.11776614,1,0,4,5306.77344,294.8939,1313.5188,3,0,0,0,0.12,1,0,0,0,0.03248725,1,0,0,0,Grip,-63.19713,0.0233242344
626,12.5200968,11.5200968,182.750763,0.7296103,238.720123,34.8990555,-0.00222859019,7.95948839,2.0154953,0.000214483589,-4.34849262,128.791367,128.702972,-1.32375765,0.1323365,4.647648,-2.11936283,1,0,4,5309.55469,294.661072,1312.48169,3,0,0,0,0.12,1,0,0,0,0.03247353,1,0,0,0,Grip,-63.2176323,0.023306815
627,12.5400972,11.5400972,183.449554,0.7295658,238.8777,34.9390945,-0.002224196,7.87234259,2.00195313,0.000219710637,-4.35729027,128.862778,128.774216,-1.32548618,0.132344067,4.65069342,-2.120959,1,0,4,5312.326,294.429047,1311.44824,3,0,0,0,0.12,1,0,0,0,0.03245986,1,0,0,0,Grip,-63.236908,0.0232893936
628,12.5600977,11.5600977,184.149124,0.729521453,239.033554,34.97886,-0.00221969769,7.785022,1.98822021,0.0002249144,-4.36604,128.93399,128.845245,-1.32720947,0.1323502,4.653703,-2.12254834,1,0,4,5315.09131,294.197632,1310.41748,3,0,0,0,0.12,1,0,0,0,0.0324462242,1,0,0,0,Grip,-63.2580948,0.023272045
629,12.5800982,11.5800982,184.8495,0.729477167,239.187637,35.01835,-0.00221519941,7.69752645,1.9744873,0.0002249144,-4.37476635,129.00499,128.916077,-1.32893085,0.132354915,4.65673733,-2.12413645,1,0,4,5317.8457,293.9672,1309.39111,3,0,0,0,0.12,1,0,0,0,0.0324326269,1,0,0,0,Grip,-63.2781563,0.0232547782
630,12.6000986,11.6000986,185.550674,0.72943306,239.339981,35.05756,-0.00221071579,7.60985851,1.96056366,0.000224180985,-4.383397,129.075775,128.986664,-1.33064651,0.1323612,4.65969038,-2.12571764,1,0,4,5320.59326,293.7374,1308.36755,3,0,0,0,0.12,1,0,0,0,0.0324190743,1,0,0,0,Grip,-63.29708,0.02323759
631,12.6200991,11.6200991,186.252609,0.729388833,239.49057,35.0964966,-0.002206307,7.52201748,1.94683075,0.000220444053,-4.3920517,129.146332,129.057037,-1.33235645,0.132365167,4.662748,-2.1272912,1,0,4,5323.33252,293.5083,1307.347,3,0,0,0,0.12,1,0,0,0,0.0324055664,1,0,0,0,Grip,-63.3171577,0.0232204348
632,12.6401,11.6401,186.955322,0.729344964,239.639389,35.13516,-0.0022015553,7.43400574,1.93309784,0.000237580389,-4.400587,129.216675,129.127213,-1.334065,0.132370308,4.66573524,-2.12886429,1,0,4,5326.06055,293.280273,1306.33142,3,0,0,0,0.12,1,0,0,0,0.0323920958,1,0,0,0,Grip,-63.33543,0.023203278
633,12.6601,11.6601,187.658813,0.7293009,239.786453,35.173542,-0.00219717622,7.34582424,1.91917419,0.000218953937,-4.409075,129.2868,129.197174,-1.33576727,0.132376492,4.66868973,-2.13042927,1,0,4,5328.78271,293.052734,1305.31787,3,0,0,0,0.12,1,0,0,0,0.0323786661,1,0,0,0,Grip,-63.35454,0.0231862664
634,12.6801,11.6801,188.363068,0.7292572,239.931763,35.21165,-0.00219255872,7.25747347,1.90544128,0.000230874866,-4.41753864,129.356735,129.266922,-1.33746,0.132381856,4.67169952,-2.13198066,1,0,4,5331.49658,292.825958,1304.30774,3,0,0,0,0.12,1,0,0,0,0.0323652737,1,0,0,0,Grip,-63.37441,0.0231692716
635,12.7001009,11.7001009,189.068054,0.7292135,240.075272,35.24948,-0.00218817941,7.168956,1.89151764,0.000218965579,-4.42588329,129.426437,129.336441,-1.339159,0.132389873,4.67460728,-2.133544,1,0,4,5334.20068,292.6001,1303.30176,3,0,0,0,0.12,1,0,0,0,0.03235193,1,0,0,0,Grip,-63.3935928,0.0231523328
636,12.7201014,11.7201014,189.7738,0.729169846,240.217026,35.2870331,-0.002183696,7.08027029,1.877594,0.000224169344,-4.43427563,129.495941,129.405777,-1.34084368,0.132393643,4.677609,-2.13508654,1,0,4,5336.89941,292.3747,1302.29773,3,0,0,0,0.12,1,0,0,0,0.03233862,1,0,0,0,Grip,-63.41475,0.0231353827
637,12.7401018,11.7401018,190.4803,0.729126334,240.357,35.3243065,-0.00217918283,6.99142,1.86367035,0.00022565946,-4.442525,129.565231,129.474884,-1.34254456,0.132400513,4.680516,-2.13665581,1,0,4,5339.58447,292.150574,1301.29944,3,0,0,0,0.12,1,0,0,0,0.0323253535,1,0,0,0,Grip,-63.4326439,0.0231185965
638,12.7601023,11.7601023,191.187546,0.729082942,240.4952,35.3613,-0.00217480352,6.90240335,1.8497467,0.000218965579,-4.450822,129.634308,129.543808,-1.34422445,0.132404134,4.683517,-2.13819385,1,0,4,5342.2666,291.926666,1300.30212,3,0,0,0,0.12,1,0,0,0,0.03231213,1,0,0,0,Grip,-63.45283,0.0231017936
639,12.7801027,11.7801027,191.895523,0.72903955,240.6316,35.3980179,-0.00217036484,6.81322336,1.835823,0.00022193417,-4.45899963,129.7032,129.6125,-1.34590483,0.132408351,4.686447,-2.13973451,1,0,4,5344.936,291.703918,1299.30994,3,0,0,0,0.12,1,0,0,0,0.0322989374,1,0,0,0,Grip,-63.4705276,0.0230850577
640,12.8001032,11.8001032,192.604233,0.728996038,240.76622,35.4344521,-0.00216589612,6.72388029,1.82170868,0.000223435927,-4.46715355,129.771866,129.681,-1.34757614,0.132414892,4.68937159,-2.14126277,1,0,4,5347.6,291.48172,1298.32019,3,0,0,0,0.12,1,0,0,0,0.0322857872,1,0,0,0,Grip,-63.48863,0.0230683982
641,12.8201036,11.8201036,193.31366,0.7289529,240.899063,35.4706039,-0.00216089142,6.63437557,1.8075943,0.000250234734,-4.475236,129.840317,129.749283,-1.34924173,0.132421374,4.69227266,-2.14278436,1,0,4,5350.257,291.260132,1297.33325,3,0,0,0,0.12,1,0,0,0,0.03227268,1,0,0,0,Grip,-63.5084343,0.0230516642
642,12.8401041,11.8401041,194.0238,0.728909969,241.03009,35.5064774,-0.00215596124,6.54471064,1.79367065,0.000246509444,-4.483247,129.908554,129.817352,-1.35091352,0.132428274,4.69517756,-2.14431667,1,0,4,5352.90234,291.039581,1296.35083,3,0,0,0,0.12,1,0,0,0,0.032259617,1,0,0,0,Grip,-63.52815,0.0230350811
643,12.8601046,11.8601046,194.734665,0.728866935,241.159348,35.5420723,-0.002151165,6.454886,1.779747,0.000239815563,-4.491234,129.976608,129.885208,-1.352571,0.132431984,4.69810534,-2.14582825,1,0,4,5355.541,290.819672,1295.37134,3,0,0,0,0.12,1,0,0,0,0.0322465859,1,0,0,0,Grip,-63.5481453,0.0230185632
644,12.880105,11.880105,195.446228,0.7288241,241.286789,35.57738,-0.00214596651,6.364903,1.76544189,0.0002599205,-4.49914932,130.044464,129.952881,-1.35423088,0.132437557,4.700955,-2.14734578,1,0,4,5358.17,290.6006,1294.39551,3,0,0,0,0.12,1,0,0,0,0.0322335921,1,0,0,0,Grip,-63.5656853,0.023002062
645,12.9001055,11.9001055,196.1585,0.7287812,241.41243,35.6124077,-0.0021407085,6.274762,1.75132751,0.000262900721,-4.507041,130.112076,130.02034,-1.35588169,0.1324421,4.70385456,-2.14885044,1,0,4,5360.79346,290.382019,1293.422,3,0,0,0,0.12,1,0,0,0,0.0322206467,1,0,0,0,Grip,-63.58458,0.02298561
646,12.9201059,11.9201059,196.871445,0.728738546,241.53627,35.6471519,-0.00213512266,6.184465,1.73721313,0.000279292,-4.514861,130.1795,130.087585,-1.3575263,0.132446527,4.70673,-2.15034747,1,0,4,5363.40771,290.1643,1292.45227,3,0,0,0,0.12,1,0,0,0,0.0322077349,1,0,0,0,Grip,-63.6026573,0.0229691826
647,12.9401064,11.9401064,197.5851,0.728696,241.6583,35.6816139,-0.002129537,6.09401274,1.72309875,0.000279280357,-4.52260971,130.246735,130.154633,-1.35917854,0.132454365,4.70958138,-2.15185761,1,0,4,5366.012,289.947479,1291.48645,3,0,0,0,0.12,1,0,0,0,0.032194864,1,0,0,0,Grip,-63.6205978,0.02295291
648,12.9601068,11.9601068,198.299423,0.72865355,241.778519,35.71579,-0.00212402572,6.00340557,1.70879364,0.0002755667,-4.53035831,130.313766,130.221512,-1.36082029,0.13245739,4.71245432,-2.15335345,1,0,4,5368.613,289.731049,1290.52234,3,0,0,0,0.12,1,0,0,0,0.0321820267,1,0,0,0,Grip,-63.64108,0.022936631
649,12.9801073,11.9801073,199.014435,0.728611231,241.896912,35.7496834,-0.00211867853,5.912645,1.69467926,0.000267359428,-4.53803539,130.380569,130.288132,-1.362463,0.132460311,4.71532726,-2.15485215,1,0,4,5371.201,289.5157,1289.56311,3,0,0,0,0.12,1,0,0,0,0.0321692377,1,0,0,0,Grip,-63.65787,0.0229204763
650,13.0001078,12.0001078,199.730118,0.7285689,242.0135,35.78329,-0.002113748,5.821732,1.68037415,0.0002465211,-4.545641,130.447189,130.3546,-1.36409092,0.132464066,4.71815252,-2.15632987,1,0,4,5373.783,289.300873,1288.60632,3,0,0,0,0.12,1,0,0,0,0.03215648,1,0,0,0,Grip,-63.67455,0.0229043886
651,13.0201082,12.0201082,200.446487,0.7285268,242.12825,35.8166161,-0.0021089667,5.73066854,1.66625977,0.0002390705,-4.553175,130.513611,130.420822,-1.3657198,0.13247025,4.72097635,-2.15781069,1,0,4,5376.35938,289.086639,1287.6521,3,0,0,0,0.12,1,0,0,0,0.0321437642,1,0,0,0,Grip,-63.691803,0.0228883848
652,13.0401087,12.0401087,201.1635,0.72848475,242.2412,35.84965,-0.00210472173,5.639455,1.65176392,0.000212248415,-4.560685,130.579819,130.486862,-1.36734581,0.132476017,4.72377729,-2.159289,1,0,4,5378.92725,288.873169,1286.70117,3,0,0,0,0.12,1,0,0,0,0.032131087,1,0,0,0,Grip,-63.7108574,0.02287241
653,13.0601091,12.0601091,201.881165,0.7284428,242.3523,35.8824043,-0.00210074452,5.54809237,1.63764954,0.000198860653,-4.568124,130.645828,130.552719,-1.36896372,0.132483,4.726599,-2.160756,1,0,4,5381.486,288.660522,1285.754,3,0,0,0,0.12,1,0,0,0,0.0321184434,1,0,0,0,Grip,-63.72955,0.0228563938
654,13.08011,12.08011,202.599472,0.7284008,242.461578,35.9148674,-0.00209681224,5.456582,1.62315369,0.000196613837,-4.575515,130.711655,130.618347,-1.37058163,0.132485479,4.729376,-2.162225,1,0,4,5384.038,288.448456,1284.80945,3,0,0,0,0.12,1,0,0,0,0.03210584,1,0,0,0,Grip,-63.7491264,0.02284047
655,13.10011,12.10011,203.318451,0.728359,242.569016,35.9470444,-0.00209280546,5.36492443,1.60884857,0.000200339127,-4.582882,130.777252,130.683792,-1.37219381,0.132489339,4.73219776,-2.16368651,1,0,4,5386.578,288.2375,1283.86975,3,0,0,0,0.12,1,0,0,0,0.0320932828,1,0,0,0,Grip,-63.76524,0.0228245836
656,13.1201105,12.1201105,204.03804,0.7283172,242.674637,35.9789352,-0.00208894769,5.27312136,1.59454346,0.000192888547,-4.59015369,130.842667,130.749039,-1.37380266,0.132495746,4.73497057,-2.165145,1,0,4,5389.11426,288.026917,1282.93188,3,0,0,0,0.12,1,0,0,0,0.03208076,1,0,0,0,Grip,-63.7823563,0.0228087641
657,13.140111,12.140111,204.75827,0.728275537,242.7784,36.0105362,-0.00208511949,5.18117332,1.58004761,0.000191410072,-4.59740162,130.907883,130.814087,-1.3754034,0.132501289,4.73774672,-2.16659284,1,0,4,5391.642,287.817047,1281.99707,3,0,0,0,0.12,1,0,0,0,0.0320682675,1,0,0,0,Grip,-63.8013649,0.022793008
658,13.1601114,12.1601114,205.479141,0.728234,242.880325,36.04185,-0.00208126171,5.08908129,1.56574249,0.000192888547,-4.604602,130.972885,130.878922,-1.3770113,0.132506579,4.740541,-2.16805315,1,0,4,5394.16162,287.607971,1281.0658,3,0,0,0,0.12,1,0,0,0,0.03205582,1,0,0,0,Grip,-63.81967,0.0227772519
659,13.1801119,12.1801119,206.2006,0.728192449,242.980408,36.07288,-0.00207747822,4.996846,1.55143738,0.0001891749,-4.61175442,131.0377,130.943588,-1.37861252,0.132510528,4.743334,-2.169505,1,0,4,5396.673,287.399658,1280.138,3,0,0,0,0.12,1,0,0,0,0.0320434123,1,0,0,0,Grip,-63.83774,0.02276159
660,13.2001123,12.2001123,206.922714,0.728151,243.078629,36.10362,-0.00207381416,4.90446949,1.53694153,0.000183202792,-4.61883545,131.102356,131.008041,-1.38020658,0.132515639,4.74608326,-2.17094684,1,0,4,5399.17627,287.192047,1279.21313,3,0,0,0,0.12,1,0,0,0,0.0320310332,1,0,0,0,Grip,-63.854763,0.0227460135
661,13.2201128,12.2201128,207.645416,0.7281096,243.175018,36.1340637,-0.00207025418,4.811952,1.522255,0.000177999027,-4.625869,131.166779,131.0723,-1.38178873,0.132519111,4.74881363,-2.17237258,1,0,4,5401.674,286.984955,1278.29077,3,0,0,0,0.12,1,0,0,0,0.0320187,1,0,0,0,Grip,-63.8726158,0.0227304325
662,13.2401133,12.2401133,208.368729,0.728068352,243.269547,36.1642227,-0.00206636661,4.719295,1.50794983,0.000194378663,-4.63285446,131.231,131.136368,-1.383378,0.132524222,4.75157976,-2.17381072,1,0,4,5404.16064,286.778839,1277.37268,3,0,0,0,0.12,1,0,0,0,0.0320063978,1,0,0,0,Grip,-63.88919,0.0227148682
663,13.2601137,12.2601137,209.092621,0.728027165,243.362213,36.19409,-0.002062315,4.6264987,1.493454,0.000202585943,-4.63981628,131.295044,131.200241,-1.38494778,0.132527828,4.75434971,-2.17522049,1,0,4,5406.642,286.5732,1276.45679,3,0,0,0,0.12,1,0,0,0,0.0319941342,1,0,0,0,Grip,-63.9069633,0.022699289
664,13.2801142,12.2801142,209.817123,0.727986,243.453033,36.22367,-0.00205811462,4.53356552,1.47895813,0.000210013241,-4.646659,131.358887,131.263931,-1.38651991,0.132534072,4.757048,-2.17663574,1,0,4,5409.11426,286.368439,1275.54468,3,0,0,0,0.12,1,0,0,0,0.0319819152,1,0,0,0,Grip,-63.9235458,0.0226838309
665,13.3001146,12.3001146,210.542191,0.7279449,243.541977,36.25296,-0.002053631,4.440496,1.46446228,0.000224180985,-4.65347767,131.422562,131.327408,-1.38809156,0.132539138,4.75976849,-2.17805171,1,0,4,5411.58154,286.164124,1274.63452,3,0,0,0,0.12,1,0,0,0,0.03196972,1,0,0,0,Grip,-63.9420967,0.022668479
666,13.3201151,12.3201151,211.267853,0.727903962,243.629074,36.2819557,-0.002048939,4.34729147,1.4497757,0.000234600157,-4.660225,131.486038,131.390717,-1.389667,0.13254486,4.762448,-2.17947555,1,0,4,5414.039,285.960724,1273.72864,3,0,0,0,0.12,1,0,0,0,0.0319575667,1,0,0,0,Grip,-63.9597054,0.0226531066
667,13.3401155,12.3401155,211.99408,0.7278632,243.7143,36.31066,-0.0020443215,4.253952,1.43527985,0.000230874866,-4.666972,131.5493,131.453812,-1.39123535,0.132549033,4.765189,-2.18088984,1,0,4,5416.48975,285.7579,1272.8252,3,0,0,0,0.12,1,0,0,0,0.0319454521,1,0,0,0,Grip,-63.9777679,0.0226378758
668,13.360116,12.360116,212.720886,0.727822363,243.797653,36.3390732,-0.002039868,4.160479,1.42059326,0.000222679228,-4.673648,131.6124,131.516724,-1.3927927,0.132552579,4.767891,-2.18228912,1,0,4,5418.932,285.555847,1271.92517,3,0,0,0,0.12,1,0,0,0,0.03193337,1,0,0,0,Grip,-63.99462,0.0226226617
669,13.3801165,12.3801165,213.448257,0.727781653,243.879135,36.3671951,-0.00203536963,4.066874,1.40609741,0.0002249144,-4.680252,131.675278,131.579453,-1.39434671,0.132557,4.77058172,-2.18368459,1,0,4,5421.36865,285.354279,1271.02734,3,0,0,0,0.12,1,0,0,0,0.03192133,1,0,0,0,Grip,-64.0109558,0.02260748
670,13.4001169,12.4001169,214.176178,0.727741,243.958755,36.3950233,-0.002030767,3.97313786,1.39141083,0.000230129808,-4.68680859,131.737976,131.642,-1.3958919,0.132561609,4.77325726,-2.18506837,1,0,4,5423.79639,285.1536,1270.13342,3,0,0,0,0.12,1,0,0,0,0.031909328,1,0,0,0,Grip,-64.027916,0.022592254
671,13.4201174,12.4201174,214.904663,0.727700531,244.036484,36.4225578,-0.00202595582,3.879272,1.37672424,0.000240560621,-4.69329357,131.800491,131.70433,-1.39744,0.1325661,4.775908,-2.18645859,1,0,4,5426.217,284.953522,1269.24231,3,0,0,0,0.12,1,0,0,0,0.0318973549,1,0,0,0,Grip,-64.0449753,0.0225771815
672,13.4401178,12.4401178,215.633682,0.7276602,244.112335,36.4498,-0.002021383,3.78527737,1.36203766,0.000228639692,-4.699731,131.862808,131.766479,-1.39898586,0.132569462,4.7785573,-2.187847,1,0,4,5428.63037,284.75412,1268.35413,3,0,0,0,0.12,1,0,0,0,0.0318854228,1,0,0,0,Grip,-64.0619,0.0225621685
673,13.4601183,12.4601183,216.363251,0.727619767,244.1863,36.47675,-0.002017123,3.691155,1.34754181,0.000213005114,-4.70612049,131.924957,131.828461,-1.40052462,0.132574052,4.78121758,-2.18922544,1,0,4,5431.03564,284.55545,1267.46924,3,0,0,0,0.12,1,0,0,0,0.0318735242,1,0,0,0,Grip,-64.0779343,0.022547232
674,13.4801188,12.4801188,217.093353,0.727579653,244.258377,36.5034027,-0.00201287773,3.59690571,1.33266449,0.000212260056,-4.71246243,131.986908,131.890259,-1.40206337,0.132580236,4.783852,-2.19060636,1,0,4,5433.435,284.35733,1266.58679,3,0,0,0,0.12,1,0,0,0,0.03186166,1,0,0,0,Grip,-64.0948639,0.0225323364
675,13.5001192,12.5001192,217.823959,0.727539361,244.328583,36.5297623,-0.00200878154,3.50253034,1.31797791,0.000204809476,-4.7187686,132.048676,131.951874,-1.40359163,0.132584378,4.78650951,-2.19197321,1,0,4,5435.82764,284.1598,1265.70679,3,0,0,0,0.12,1,0,0,0,0.03184983,1,0,0,0,Grip,-64.1129456,0.02251743
676,13.52012,12.52012,218.5551,0.727499366,244.396881,36.5558243,-0.00200438756,3.40803051,1.30310059,0.000219699,-4.72499132,132.110245,132.01326,-1.40511489,0.1325893,4.78911829,-2.19333339,1,0,4,5438.21,283.963226,1264.8313,3,0,0,0,0.12,1,0,0,0,0.03183805,1,0,0,0,Grip,-64.12944,0.02250255
677,13.54012,12.54012,219.286758,0.727459431,244.4633,36.5815964,-0.002000187,3.31340718,1.28860474,0.000210024882,-4.73116636,132.171631,132.0745,-1.4066391,0.132593632,4.79174662,-2.194697,1,0,4,5440.587,283.767151,1263.958,3,0,0,0,0.12,1,0,0,0,0.03182629,1,0,0,0,Grip,-64.14649,0.0224877968
678,13.5601206,12.5601206,220.018936,0.7274195,244.527817,36.60707,-0.00199618028,3.21866131,1.27372742,0.000200339127,-4.73729372,132.232849,132.135529,-1.40816021,0.13259761,4.794353,-2.19605684,1,0,4,5442.956,283.5718,1263.08789,3,0,0,0,0.12,1,0,0,0,0.0318145677,1,0,0,0,Grip,-64.16306,0.02247313
679,13.580121,12.580121,220.751617,0.7273797,244.590424,36.6322479,-0.00199205428,3.12379384,1.2588501,0.000206299592,-4.74337339,132.293869,132.1964,-1.40968013,0.132601365,4.79695845,-2.19741774,1,0,4,5445.319,283.376984,1262.22009,3,0,0,0,0.12,1,0,0,0,0.0318028852,1,0,0,0,Grip,-64.17932,0.02245837
680,13.6001215,12.6001215,221.484787,0.72734,244.651154,36.65713,-0.00198789849,3.02880549,1.24416351,0.000207789708,-4.7494173,132.3547,132.257065,-1.41119456,0.132604852,4.799583,-2.19877124,1,0,4,5447.673,283.182983,1261.356,3,0,0,0,0.12,1,0,0,0,0.0317912363,1,0,0,0,Grip,-64.19537,0.0224436913
681,13.620122,12.620122,222.218445,0.727300346,244.709961,36.6817169,-0.00198371313,2.9336977,1.22928619,0.000209268183,-4.75538969,132.415359,132.317581,-1.41269827,0.132608309,4.80217361,-2.2001102,1,0,4,5450.01953,282.989655,1260.49487,3,0,0,0,0.12,1,0,0,0,0.0317796245,1,0,0,0,Grip,-64.211174,0.0224291682
682,13.6401224,12.6401224,222.952591,0.7272607,244.766876,36.7060051,-0.001979289,2.83847165,1.21440887,0.000221200753,-4.76130247,132.47583,132.377869,-1.41420341,0.132613912,4.8047514,-2.201453,1,0,4,5452.361,282.7968,1259.63586,3,0,0,0,0.12,1,0,0,0,0.0317680426,1,0,0,0,Grip,-64.22692,0.0224145241
683,13.6601229,12.6601229,223.687225,0.727221251,244.821869,36.7299957,-0.001974627,2.7431283,1.19953156,0.00023311004,-4.76716757,132.536118,132.438019,-1.41570449,0.132618383,4.80732727,-2.20279145,1,0,4,5454.69434,282.604736,1258.78027,3,0,0,0,0.12,1,0,0,0,0.0317565,1,0,0,0,Grip,-64.24425,0.02239997
684,13.6801233,12.6801233,224.422333,0.7271819,244.874954,36.75369,-0.00196971162,2.6476686,1.18465424,0.0002457644,-4.772985,132.596222,132.49794,-1.41719651,0.1326223,4.80990171,-2.20411754,1,0,4,5457.019,282.4134,1257.928,3,0,0,0,0.12,1,0,0,0,0.0317449942,1,0,0,0,Grip,-64.26067,0.0223854519
685,13.7001238,12.7001238,225.1579,0.7271427,244.926147,36.7770844,-0.00196470669,2.55209374,1.16977692,0.000250246376,-4.778743,132.656143,132.557709,-1.418695,0.132623866,4.81246233,-2.205455,1,0,4,5459.3374,282.222656,1257.07849,3,0,0,0,0.12,1,0,0,0,0.03173352,1,0,0,0,Grip,-64.27665,0.0223710854
686,13.7201242,12.7201242,225.893936,0.7271035,244.975418,36.8001823,-0.001959568,2.45640421,1.1548996,0.000256940257,-4.78447676,132.7159,132.61731,-1.42017484,0.132627413,4.81504536,-2.20676565,1,0,4,5461.64844,282.032532,1256.23157,3,0,0,0,0.12,1,0,0,0,0.0317220762,1,0,0,0,Grip,-64.29081,0.0223566331
687,13.7401247,12.7401247,226.630432,0.7270644,245.022766,36.8229828,-0.00195428,2.36060214,1.14002228,0.000264390837,-4.79010344,132.775452,132.6767,-1.42165208,0.132631585,4.817567,-2.20807457,1,0,4,5463.95361,281.843,1255.38733,3,0,0,0,0.12,1,0,0,0,0.0317106768,1,0,0,0,Grip,-64.30641,0.0223423243
688,13.7601252,12.7601252,227.367386,0.7270255,245.0682,36.8454857,-0.00194912637,2.26468849,1.125145,0.000257685315,-4.79568243,132.834854,132.735931,-1.42312932,0.132635653,4.82008648,-2.20938468,1,0,4,5466.25146,281.6541,1254.546,3,0,0,0,0.12,1,0,0,0,0.0316993035,1,0,0,0,Grip,-64.322464,0.0223280955
689,13.7801256,12.7801256,228.104767,0.726986647,245.111725,36.86769,-0.00194437476,2.16866469,1.11026764,0.000237580389,-4.80119,132.894073,132.794983,-1.424607,0.132639259,4.82258,-2.210697,1,0,4,5468.543,281.465851,1253.70752,3,0,0,0,0.12,1,0,0,0,0.03168796,1,0,0,0,Grip,-64.3384,0.0223139413
690,13.8001261,12.8001261,228.84259,0.726947844,245.15332,36.88959,-0.00193954876,2.07253075,1.09500885,0.000241299858,-4.80669737,132.95311,132.853882,-1.42607856,0.132643655,4.82511234,-2.21200252,1,0,4,5470.827,281.2782,1252.87158,3,0,0,0,0.12,1,0,0,0,0.0316766538,1,0,0,0,Grip,-64.35395,0.0222997
691,13.8201265,12.8201265,229.580841,0.726909161,245.193,36.9111938,-0.00193470786,1.97628808,1.08013153,0.000242044916,-4.81213331,133.011948,132.912537,-1.42754424,0.1326495,4.827626,-2.2133,1,0,4,5473.10449,281.091217,1252.03882,3,0,0,0,0.12,1,0,0,0,0.0316653922,1,0,0,0,Grip,-64.37005,0.0222855322
692,13.840127,12.840127,230.319519,0.726870537,245.230728,36.9325,-0.00192988175,1.87993789,1.06525421,0.000241305679,-4.81750965,133.070618,132.971069,-1.42900276,0.132654816,4.830126,-2.2145884,1,0,4,5475.37451,280.904877,1251.20874,3,0,0,0,0.12,1,0,0,0,0.03165416,1,0,0,0,Grip,-64.3872,0.0222714841
693,13.8601274,12.8601274,231.05864,0.726832151,245.266541,36.9535027,-0.00192504085,1.78348124,1.05018616,0.000242044916,-4.82283258,133.129135,133.0294,-1.43046188,0.1326571,4.832616,-2.21587944,1,0,4,5477.6377,280.719177,1250.38159,3,0,0,0,0.12,1,0,0,0,0.03164295,1,0,0,0,Grip,-64.40393,0.0222574249
694,13.8801279,12.8801279,231.798157,0.726793647,245.300415,36.974205,-0.001920602,1.68691957,1.0351181,0.00022193999,-4.82808352,133.187454,133.087585,-1.431909,0.132660255,4.83507967,-2.217154,1,0,4,5479.892,280.534241,1249.55786,3,0,0,0,0.12,1,0,0,0,0.0316317864,1,0,0,0,Grip,-64.41831,0.0222435221
695,13.9001284,12.9001284,232.538086,0.7267554,245.332367,36.994606,-0.001915925,1.59025383,1.02005,0.0002338551,-4.83328724,133.2456,133.145554,-1.43336678,0.132663727,4.837542,-2.21844649,1,0,4,5482.1416,280.3498,1248.73633,3,0,0,0,0.12,1,0,0,0,0.03162065,1,0,0,0,Grip,-64.4333344,0.02222948
696,13.9201288,12.9201288,233.278427,0.7267171,245.362381,37.0147057,-0.00191129255,1.4934845,1.004982,0.000231619924,-4.83846664,133.303574,133.203369,-1.43480325,0.132665828,4.840027,-2.21970773,1,0,4,5484.384,280.166,1247.9176,3,0,0,0,0.12,1,0,0,0,0.03160955,1,0,0,0,Grip,-64.44855,0.0222155824
697,13.9401293,12.9401293,234.01915,0.7266791,245.390457,37.0345039,-0.001906675,1.39661336,0.98991394,0.000230874866,-4.843557,133.361359,133.261032,-1.4362489,0.1326702,4.842468,-2.22098541,1,0,4,5486.618,279.98288,1247.102,3,0,0,0,0.12,1,0,0,0,0.031598486,1,0,0,0,Grip,-64.46268,0.0222017337
698,13.96013,12.96013,234.760269,0.726641,245.4166,37.054,-0.00190217665,1.29964089,0.9748459,0.000224920223,-4.84862328,133.418976,133.318481,-1.43767929,0.132674754,4.84493065,-2.2222414,1,0,4,5488.847,279.8003,1246.2887,3,0,0,0,0.12,1,0,0,0,0.03158745,1,0,0,0,Grip,-64.47849,0.0221878737
699,13.98013,12.98013,235.50177,0.72660315,245.440781,37.0731964,-0.00189751445,1.20256877,0.959777832,0.00023311004,-4.853606,133.476425,133.375763,-1.43911731,0.132681072,4.847356,-2.2235105,1,0,4,5491.069,279.618317,1245.47815,3,0,0,0,0.12,1,0,0,0,0.0315764546,1,0,0,0,Grip,-64.4944153,0.02217409
700,14.0001307,13.0001307,236.243637,0.7265653,245.463028,37.09209,-0.00189291185,1.10539734,0.9447098,0.000230129808,-4.85857153,133.5337,133.432892,-1.44055438,0.132687032,4.84980869,-2.22477984,1,0,4,5493.28467,279.436951,1244.67029,3,0,0,0,0.12,1,0,0,0,0.0315654837,1,0,0,0,Grip,-64.5116348,0.0221603271
701,14.0201311,13.0201311,236.9859,0.7265276,245.483322,37.1106834,-0.00188817526,1.00812781,0.9296417,0.00023682951,-4.86347675,133.5908,133.489838,-1.44198179,0.132690623,4.852247,-2.226036,1,0,4,5495.493,279.2562,1243.86523,3,0,0,0,0.12,1,0,0,0,0.0315545537,1,0,0,0,Grip,-64.52853,0.0221466161
702,14.0401316,13.0401316,237.728516,0.7264899,245.5017,37.1289749,-0.00188351306,0.9107612,0.914573669,0.00023311004,-4.86833143,133.647751,133.546616,-1.4434067,0.132693157,4.854681,-2.22729039,1,0,4,5497.69336,279.076233,1243.0636,3,0,0,0,0.12,1,0,0,0,0.03154365,1,0,0,0,Grip,-64.54361,0.02213303
703,14.060132,13.060132,238.4715,0.726452351,245.5181,37.14696,-0.00187888066,0.8132988,0.8993149,0.000231619924,-4.873118,133.704514,133.603241,-1.44482875,0.132696956,4.85709429,-2.228542,1,0,4,5499.88672,278.896851,1242.26465,3,0,0,0,0.12,1,0,0,0,0.0315327831,1,0,0,0,Grip,-64.5578461,0.02211943
704,14.0801325,13.0801325,239.214828,0.7264148,245.532547,37.1646423,-0.00187436736,0.7157414,0.8840561,0.000225665281,-4.87787151,133.761108,133.659683,-1.44625032,0.1326989,4.859522,-2.22979522,1,0,4,5502.07666,278.717834,1241.46729,3,0,0,0,0.12,1,0,0,0,0.0315219462,1,0,0,0,Grip,-64.57301,0.0221058931
705,14.1001329,13.1001329,239.9585,0.7263775,245.545044,37.1820259,-0.00186983927,0.6180901,0.8691788,0.000226404518,-4.882565,133.81752,133.715927,-1.44765222,0.132702738,4.86192656,-2.23101926,1,0,4,5504.25635,278.539673,1240.67371,3,0,0,0,0.12,1,0,0,0,0.0315111428,1,0,0,0,Grip,-64.58672,0.0220923387
706,14.1201334,13.1201334,240.70253,0.7263401,245.555588,37.1991043,-0.001865326,0.520346642,0.85392,0.000225665281,-4.8871727,133.8738,133.772034,-1.44905329,0.132705525,4.8642993,-2.23224378,1,0,4,5506.431,278.36203,1239.88245,3,0,0,0,0.12,1,0,0,0,0.03150037,1,0,0,0,Grip,-64.60185,0.022078868
707,14.1401339,13.1401339,241.446884,0.726303,245.5642,37.2158775,-0.00186066376,0.422512144,0.8386612,0.00023311004,-4.891725,133.929871,133.827972,-1.45046067,0.13270995,4.8666625,-2.23347974,1,0,4,5508.59961,278.184937,1239.09363,3,0,0,0,0.12,1,0,0,0,0.031489633,1,0,0,0,Grip,-64.61613,0.0220654681
708,14.1601343,13.1601343,242.191574,0.7262659,245.570816,37.2323456,-0.00185601646,0.324586928,0.8234024,0.000232364982,-4.89626074,133.9858,133.883759,-1.45186126,0.132712021,4.86905527,-2.23470736,1,0,4,5510.7627,278.008331,1238.307,3,0,0,0,0.12,1,0,0,0,0.0314789265,1,0,0,0,Grip,-64.6316147,0.0220520981
709,14.1801348,13.1801348,242.936584,0.726228833,245.575485,37.2485123,-0.00185148837,0.226572379,0.808334351,0.000226404518,-4.90072775,134.041534,133.939331,-1.45325494,0.132716224,4.871419,-2.23592544,1,0,4,5512.9165,277.83255,1237.524,3,0,0,0,0.12,1,0,0,0,0.0314682536,1,0,0,0,Grip,-64.64529,0.0220387764
710,14.2001352,13.2001352,243.681915,0.726192,245.578186,37.2643738,-0.00184697506,0.1284697,0.793075562,0.000225665281,-4.90513372,134.097122,133.994781,-1.454645,0.1327206,4.873773,-2.23714042,1,0,4,5515.06641,277.6572,1236.74292,3,0,0,0,0.12,1,0,0,0,0.0314576067,1,0,0,0,Grip,-64.66054,0.0220254622
711,14.2201357,13.2201357,244.427551,0.726155162,245.578934,37.27993,-0.00184255117,0.0302799027,0.7778168,0.000221194932,-4.90949,134.152542,134.050049,-1.45603442,0.132725686,4.876124,-2.23835564,1,0,4,5517.208,277.4825,1235.96484,3,0,0,0,0.12,1,0,0,0,0.0314469971,1,0,0,0,Grip,-64.67588,0.022012189
712,14.2401361,13.2401361,245.173508,0.7261184,245.577713,37.2951851,-0.001837889,-0.0679963753,0.7627487,0.00023311004,-4.913814,134.207779,134.105148,-1.45742989,0.132728517,4.878479,-2.23958254,1,0,4,5519.344,277.30835,1235.18909,3,0,0,0,0.12,1,0,0,0,0.0314364173,1,0,0,0,Grip,-64.69172,0.0219989
713,14.2601366,13.2601366,245.919754,0.7260818,245.574524,37.31013,-0.00183313747,-0.166358262,0.7472992,0.000237574568,-4.91809464,134.262878,134.16008,-1.45880759,0.132730946,4.8808527,-2.24078369,1,0,4,5521.471,277.135,1234.417,3,0,0,0,0.12,1,0,0,0,0.0314258672,1,0,0,0,Grip,-64.7058258,0.02198571
714,14.2801371,13.2801371,246.66629,0.726045251,245.569382,37.3247757,-0.00182835606,-0.264804035,0.73223114,0.0002390705,-4.922289,134.3178,134.214859,-1.4601866,0.1327337,4.883169,-2.24198818,1,0,4,5523.59326,276.9621,1233.64685,3,0,0,0,0.12,1,0,0,0,0.03141535,1,0,0,0,Grip,-64.71958,0.0219726544
715,14.3001375,13.3001375,247.413116,0.7260088,245.562256,37.33911,-0.00182360457,-0.363332659,0.7167816,0.000237574568,-4.926431,134.372574,134.26947,-1.4615587,0.132738039,4.885497,-2.243184,1,0,4,5525.70947,276.7898,1232.87939,3,0,0,0,0.12,1,0,0,0,0.031404864,1,0,0,0,Grip,-64.73357,0.0219595768
716,14.320138,13.320138,248.160217,0.725972354,245.553162,37.35314,-0.00181867415,-0.4619433,0.7015228,0.0002465211,-4.930532,134.427155,134.323914,-1.46292686,0.132742658,4.88781929,-2.24437618,1,0,4,5527.821,276.6179,1232.11365,3,0,0,0,0.12,1,0,0,0,0.03139441,1,0,0,0,Grip,-64.7486954,0.0219464973
717,14.3401384,13.3401384,248.907608,0.7259361,245.542084,37.3668671,-0.00181355025,-0.5606351,0.686264038,0.0002561952,-4.93459,134.4816,134.378189,-1.46430159,0.132745683,4.890144,-2.24557948,1,0,4,5529.924,276.446747,1231.35132,3,0,0,0,0.12,1,0,0,0,0.0313839875,1,0,0,0,Grip,-64.76401,0.0219334457
718,14.3601389,13.3601389,249.655258,0.725899935,245.529037,37.3802872,-0.00180861994,-0.6594071,0.671005249,0.000246515265,-4.93859959,134.535858,134.432312,-1.46565914,0.132747129,4.89246655,-2.24675822,1,0,4,5532.02,276.2762,1230.5918,3,0,0,0,0.12,1,0,0,0,0.0313736,1,0,0,0,Grip,-64.77807,0.0219205357
719,14.3801394,13.3801394,250.403168,0.725863934,245.514,37.3934,-0.001803913,-0.7582571,0.6555557,0.000235345215,-4.94250059,134.589966,134.486267,-1.46702313,0.132749766,4.89473629,-2.247949,1,0,4,5534.11,276.106262,1229.83472,3,0,0,0,0.12,1,0,0,0,0.0313632376,1,0,0,0,Grip,-64.79092,0.02190772
720,14.40014,13.40014,251.151337,0.725827932,245.497,37.4062042,-0.00179954874,-0.857184947,0.640296936,0.0002182147,-4.946393,134.6439,134.540054,-1.46837306,0.132752433,4.89703226,-2.24911976,1,0,4,5536.196,275.936676,1229.07935,3,0,0,0,0.12,1,0,0,0,0.03135291,1,0,0,0,Grip,-64.80462,0.0218948722
721,14.42014,13.42014,251.89975,0.72579205,245.478012,37.418705,-0.00179539307,-0.9561891,0.625038147,0.000207783887,-4.95020771,134.697678,134.593674,-1.46972752,0.132755473,4.89929533,-2.25029874,1,0,4,5538.27344,275.767822,1228.32727,3,0,0,0,0.12,1,0,0,0,0.0313426144,1,0,0,0,Grip,-64.81831,0.0218820982
722,14.4401407,13.4401407,252.6484,0.725756168,245.457047,37.4308968,-0.00179162447,-1.055269,0.6095886,0.00018842984,-4.953995,134.751312,134.647156,-1.4710741,0.132758349,4.90158939,-2.251468,1,0,4,5540.3457,275.5995,1227.57751,3,0,0,0,0.12,1,0,0,0,0.0313323438,1,0,0,0,Grip,-64.83226,0.0218693875
723,14.4601412,13.4601412,253.397308,0.7257205,245.4341,37.4427834,-0.00178784109,-1.15442324,0.594329834,0.000189169077,-4.9577117,134.804764,134.70047,-1.47242,0.132761046,4.903845,-2.25263762,1,0,4,5542.41162,275.4317,1226.83008,3,0,0,0,0.12,1,0,0,0,0.03132211,1,0,0,0,Grip,-64.84604,0.021856606
724,14.4801416,13.4801416,254.146439,0.7256849,245.409164,37.45436,-0.00178420672,-1.2536509,0.5788803,0.0001817185,-4.96138334,134.858063,134.753632,-1.47375727,0.1327646,4.90611458,-2.253796,1,0,4,5544.47,275.264557,1226.08557,3,0,0,0,0.12,1,0,0,0,0.0313119031,1,0,0,0,Grip,-64.85965,0.02184394
725,14.5001421,13.5001421,254.8958,0.725649238,245.382248,37.4656334,-0.001780602,-1.35295081,0.5636215,0.0001802342,-4.96499538,134.9112,134.806625,-1.47509253,0.132766813,4.90835571,-2.25495315,1,0,4,5546.52441,275.09787,1225.34314,3,0,0,0,0.12,1,0,0,0,0.03130173,1,0,0,0,Grip,-64.87387,0.0218312964
726,14.5201426,13.5201426,255.64537,0.7256137,245.353333,37.4765968,-0.00177693786,-1.45232189,0.548172,0.000183208613,-4.968554,134.964188,134.859451,-1.47642171,0.132768989,4.910604,-2.25610256,1,0,4,5548.57031,274.9319,1224.60388,3,0,0,0,0.12,1,0,0,0,0.0312915854,1,0,0,0,Grip,-64.8870544,0.0218187049
727,14.540143,13.540143,256.395172,0.7255783,245.322433,37.4872551,-0.00177319918,-1.55176318,0.5329132,0.0001869339,-4.9720645,135.017014,134.91214,-1.47775519,0.1327726,4.912834,-2.25726,1,0,4,5550.611,274.766418,1223.86682,3,0,0,0,0.12,1,0,0,0,0.03128147,1,0,0,0,Grip,-64.90016,0.02180608
728,14.5601435,13.5601435,257.145142,0.7255429,245.289551,37.4976,-0.0017694605,-1.65127373,0.517272949,0.0001869339,-4.975528,135.069687,134.964645,-1.47907734,0.132776335,4.91509342,-2.258403,1,0,4,5552.646,274.60144,1223.132,3,0,0,0,0.12,1,0,0,0,0.0312713832,1,0,0,0,Grip,-64.91433,0.02179358
729,14.5801439,13.5801439,257.895355,0.7255076,245.254669,37.50764,-0.0017654387,-1.75085235,0.50201416,0.00020109,-4.978931,135.1222,135.017,-1.48040247,0.132778332,4.917307,-2.25955129,1,0,4,5554.67432,274.437073,1222.3999,3,0,0,0,0.12,1,0,0,0,0.03126133,1,0,0,0,Grip,-64.92856,0.0217810441
730,14.6001444,13.6001444,258.645752,0.7254724,245.2178,37.5173721,-0.001761566,-1.850498,0.486564636,0.0001936336,-4.98228073,135.174545,135.069214,-1.48171914,0.132782862,4.91952848,-2.26068854,1,0,4,5556.69531,274.273346,1221.67053,3,0,0,0,0.12,1,0,0,0,0.0312513076,1,0,0,0,Grip,-64.94144,0.021768637
731,14.6201448,13.6201448,259.396332,0.725437164,245.17894,37.5267944,-0.00175775285,-1.95020926,0.4711151,0.0001906592,-4.985565,135.22673,135.121277,-1.48304212,0.132788271,4.92173,-2.26183772,1,0,4,5558.71338,274.109924,1220.94263,3,0,0,0,0.12,1,0,0,0,0.0312413126,1,0,0,0,Grip,-64.95619,0.0217562579
732,14.6401453,13.6401453,260.147125,0.7254021,245.138077,37.5359077,-0.00175346306,-2.04998636,0.4556656,0.00021448941,-4.98885536,135.278763,135.173141,-1.48435378,0.132792,4.923983,-2.262971,1,0,4,5560.722,273.9473,1220.21826,3,0,0,0,0.12,1,0,0,0,0.03123135,1,0,0,0,Grip,-64.97158,0.0217437223
733,14.6601458,13.6601458,260.898041,0.7253672,245.095215,37.5447159,-0.00174902426,-2.14982748,0.4404068,0.00022193999,-4.992056,135.330643,135.224869,-1.48566246,0.132795721,4.926173,-2.264101,1,0,4,5562.72461,273.785248,1219.49646,3,0,0,0,0.12,1,0,0,0,0.031221414,1,0,0,0,Grip,-64.9856644,0.0217313673
734,14.6801462,13.6801462,261.64917,0.7253323,245.050354,37.553215,-0.00174424285,-2.24973178,0.424957275,0.0002390705,-4.995215,135.38237,135.276459,-1.48697066,0.132796988,4.92838573,-2.265232,1,0,4,5564.72168,273.623718,1218.777,3,0,0,0,0.12,1,0,0,0,0.0312115122,1,0,0,0,Grip,-64.99971,0.0217190161
735,14.7001467,13.7001467,262.400452,0.7252976,245.0035,37.5614052,-0.00173962535,-2.34969783,0.409507751,0.000230874866,-4.99830246,135.43396,135.3279,-1.48827124,0.132799119,4.930572,-2.26635337,1,0,4,5566.7124,273.4627,1218.05981,3,0,0,0,0.12,1,0,0,0,0.0312016327,1,0,0,0,Grip,-65.01187,0.0217068736
736,14.7201471,13.7201471,263.151855,0.7252629,244.954636,37.5692863,-0.00173520145,-2.44972444,0.394058228,0.000221194932,-5.00133038,135.485367,135.379166,-1.48957491,0.132803917,4.9327445,-2.26748133,1,0,4,5568.69873,273.302155,1217.34473,3,0,0,0,0.12,1,0,0,0,0.03119179,1,0,0,0,Grip,-65.02464,0.0216946546
737,14.7401476,13.7401476,263.903442,0.7252283,244.903778,37.57686,-0.00173065846,-2.549811,0.3786087,0.000227149576,-5.00432253,135.536652,135.430283,-1.49087572,0.13280718,4.934926,-2.26860642,1,0,4,5570.68066,273.141968,1216.63123,3,0,0,0,0.12,1,0,0,0,0.0311819687,1,0,0,0,Grip,-65.0394058,0.0216824319
738,14.760148,13.760148,264.655182,0.7251938,244.850922,37.5841179,-0.00172623456,-2.64995623,0.362968445,0.000221194932,-5.007267,135.587769,135.481277,-1.49216723,0.132812083,4.937126,-2.269719,1,0,4,5572.653,272.9827,1215.92175,3,0,0,0,0.12,1,0,0,0,0.0311721824,1,0,0,0,Grip,-65.05297,0.0216703452
739,14.7801485,13.7801485,265.407074,0.7251594,244.796051,37.5910721,-0.00172181067,-2.7501595,0.347709656,0.000221194932,-5.010164,135.638718,135.532074,-1.493459,0.132816285,4.93928242,-2.270834,1,0,4,5574.622,272.823669,1215.21338,3,0,0,0,0.12,1,0,0,0,0.03116243,1,0,0,0,Grip,-65.06773,0.0216582343
740,14.800149,13.800149,266.159058,0.7251251,244.739182,37.5977135,-0.00171738688,-2.85041952,0.3320694,0.000221189111,-5.013001,135.689545,135.582764,-1.49474359,0.132819578,4.94146729,-2.27193928,1,0,4,5576.582,272.665436,1214.50854,3,0,0,0,0.12,1,0,0,0,0.0311526954,1,0,0,0,Grip,-65.081955,0.0216461122
741,14.8201494,13.8201494,266.9112,0.725090861,244.680283,37.6040459,-0.00171256077,-2.95073533,0.316619873,0.000241305679,-5.01579046,135.740189,135.633255,-1.49603057,0.132822379,4.943628,-2.27305031,1,0,4,5578.5376,272.50766,1213.80579,3,0,0,0,0.12,1,0,0,0,0.0311429966,1,0,0,0,Grip,-65.09544,0.0216340274
742,14.84015,13.84015,267.663452,0.725056648,244.6194,37.61007,-0.001707556,-3.05110621,0.301170349,0.000250240555,-5.018544,135.7907,135.68364,-1.49730873,0.13282454,4.9457984,-2.27414942,1,0,4,5580.487,272.350433,1213.10547,3,0,0,0,0.12,1,0,0,0,0.0311333258,1,0,0,0,Grip,-65.10853,0.021621976
743,14.86015,13.86015,268.415833,0.7250227,244.5565,37.6157837,-0.00170217885,-3.1515305,0.285720825,0.000268855365,-5.02121449,135.841049,135.733856,-1.49858928,0.132828027,4.94793,-2.27525353,1,0,4,5582.42969,272.1938,1212.40784,3,0,0,0,0.12,1,0,0,0,0.0311236847,1,0,0,0,Grip,-65.12109,0.02160997
744,14.8801508,13.8801508,269.168274,0.7249888,244.491608,37.6211853,-0.00169680163,-3.25200748,0.270080566,0.0002688612,-5.023849,135.891266,135.783936,-1.49985957,0.132831067,4.950095,-2.27634454,1,0,4,5584.368,272.037537,1211.71179,3,0,0,0,0.12,1,0,0,0,0.0311140716,1,0,0,0,Grip,-65.13463,0.0215980932
745,14.9001513,13.9001513,269.920868,0.724954844,244.4247,37.6262779,-0.00169126061,-3.35253572,0.254631042,0.000277051,-5.026412,135.941315,135.833832,-1.50113058,0.132832974,4.952211,-2.27743816,1,0,4,5586.29932,271.8819,1211.01855,3,0,0,0,0.12,1,0,0,0,0.0311044883,1,0,0,0,Grip,-65.1478,0.0215861853
746,14.9201517,13.9201517,270.673553,0.724921346,244.355774,37.6310577,-0.00168536219,-3.453115,0.238990784,0.000294920756,-5.028963,135.991226,135.8836,-1.50239038,0.132832751,4.95438433,-2.27851653,1,0,4,5588.22559,271.726776,1210.32764,3,0,0,0,0.12,1,0,0,0,0.03109493,1,0,0,0,Grip,-65.16008,0.0215742979
747,14.9401522,13.9401522,271.426331,0.7248876,244.284821,37.63553,-0.00168010418,-3.55374265,0.22354126,0.000262900721,-5.031383,136.04097,135.9332,-1.50365043,0.132834092,4.9564476,-2.27959681,1,0,4,5590.14453,271.5722,1209.63916,3,0,0,0,0.12,1,0,0,0,0.0310854074,1,0,0,0,Grip,-65.17071,0.0215626452
748,14.9601526,13.9601526,272.1792,0.7248541,244.211868,37.63969,-0.00167484616,-3.65441823,0.208091736,0.000262900721,-5.033779,136.090561,135.982666,-1.50490594,0.132835671,4.95853233,-2.2806716,1,0,4,5592.06055,271.41803,1208.95239,3,0,0,0,0.12,1,0,0,0,0.03107591,1,0,0,0,Grip,-65.18249,0.02155092
749,14.9801531,13.9801531,272.9321,0.724820733,244.1369,37.6435432,-0.00166976685,-3.755141,0.192642212,0.000253965845,-5.03613949,136.14003,136.032013,-1.50616431,0.132838443,4.960626,-2.2817533,1,0,4,5593.97,271.264374,1208.268,3,0,0,0,0.12,1,0,0,0,0.03106644,1,0,0,0,Grip,-65.19442,0.0215392057
750,15.0001535,14.0001535,273.6851,0.7247875,244.059921,37.6470833,-0.00166488125,-3.85591,0.177001953,0.0002442801,-5.038452,136.189346,136.081177,-1.50740433,0.132839814,4.962744,-2.282808,1,0,4,5595.87354,271.111267,1207.586,3,0,0,0,0.12,1,0,0,0,0.0310569964,1,0,0,0,Grip,-65.20723,0.0215275437
751,15.020154,14.020154,274.438171,0.724754333,243.980911,37.65031,-0.00166039786,-3.95672345,0.1613617,0.000224169344,-5.04066944,136.238525,136.130188,-1.50864673,0.132840872,4.964813,-2.28386831,1,0,4,5597.772,270.958649,1206.90625,3,0,0,0,0.12,1,0,0,0,0.03104758,1,0,0,0,Grip,-65.21894,0.02151603
752,15.0401545,14.0401545,275.191284,0.7247213,243.8999,37.65323,-0.00165656977,-4.05758,0.14591217,0.000191404251,-5.042827,136.287521,136.179062,-1.50989056,0.132842883,4.966841,-2.28493261,1,0,4,5599.664,270.806549,1206.22876,3,0,0,0,0.12,1,0,0,0,0.0310381949,1,0,0,0,Grip,-65.2303848,0.0215045474
753,15.0601549,14.0601549,275.944458,0.724688053,243.816864,37.655838,-0.001653263,-4.158479,0.130462646,0.000165338861,-5.044961,136.3364,136.227783,-1.511137,0.132846251,4.968889,-2.286002,1,0,4,5601.55127,270.654938,1205.55347,3,0,0,0,0.12,1,0,0,0,0.03102884,1,0,0,0,Grip,-65.24251,0.0214930773
754,15.0801554,14.0801554,276.6977,0.7246553,243.731812,37.65814,-0.00164983713,-4.25942039,0.115013123,0.0001712935,-5.047059,136.385132,136.2764,-1.51236534,0.132849038,4.97094727,-2.28704619,1,0,4,5603.43457,270.5037,1204.87976,3,0,0,0,0.12,1,0,0,0,0.0310195051,1,0,0,0,Grip,-65.2556458,0.0214815363
755,15.1001558,14.1001558,277.450958,0.724622369,243.64473,37.6601219,-0.00164690276,-4.360402,0.09918213,0.00014671823,-5.04908562,136.433731,136.324844,-1.5135951,0.132853523,4.97303724,-2.288094,1,0,4,5605.309,270.35318,1204.20935,3,0,0,0,0.12,1,0,0,0,0.0310102012,1,0,0,0,Grip,-65.2683,0.0214701071
756,15.1201563,14.1201563,278.204254,0.724589348,243.555634,37.6617966,-0.00164390879,-4.4614234,0.083732605,0.000149698462,-5.05106449,136.482162,136.373138,-1.51483536,0.1328567,4.97506666,-2.28915977,1,0,4,5607.179,270.2031,1203.54077,3,0,0,0,0.12,1,0,0,0,0.031000929,1,0,0,0,Grip,-65.2822,0.0214586183
757,15.1401567,14.1401567,278.95755,0.7245567,243.464523,37.6631622,-0.00164021482,-4.562484,0.06828308,0.000184698729,-5.05301952,136.530441,136.42128,-1.51606083,0.13286154,4.97711658,-2.29020452,1,0,4,5609.0415,270.05365,1202.87512,3,0,0,0,0.12,1,0,0,0,0.0309916828,1,0,0,0,Grip,-65.29509,0.0214470457
758,15.1601572,14.1601572,279.7109,0.7245239,243.371368,37.6642151,-0.00163665484,-4.66358232,0.0526428223,0.000177999027,-5.054927,136.578613,136.469315,-1.51729345,0.132862717,4.97919464,-2.291261,1,0,4,5610.9,269.9046,1202.2113,3,0,0,0,0.12,1,0,0,0,0.03098246,1,0,0,0,Grip,-65.30921,0.0214357153
759,15.1801577,14.1801577,280.464264,0.724491239,243.276215,37.66496,-0.00163305027,-4.764718,0.0371933,0.00018022838,-5.05678654,136.626617,136.517212,-1.51850748,0.13286379,4.98124,-2.292292,1,0,4,5612.75146,269.7562,1201.55029,3,0,0,0,0.12,1,0,0,0,0.03097327,1,0,0,0,Grip,-65.3205261,0.0214244351
760,15.2001581,14.2001581,281.217621,0.7244588,243.179031,37.66539,-0.00162971369,-4.8658886,0.02155304,0.000166828977,-5.058527,136.674484,136.564926,-1.51972151,0.132865846,4.983243,-2.29332447,1,0,4,5614.598,269.608215,1200.89111,3,0,0,0,0.12,1,0,0,0,0.0309641026,1,0,0,0,Grip,-65.33173,0.0214132518
761,15.2201586,14.2201586,281.970978,0.7244261,243.079819,37.6655121,-0.00162706233,-4.967094,0.00610351563,0.000132567948,-5.06026745,136.722214,136.6125,-1.52093267,0.1328684,4.985259,-2.294354,1,0,4,5616.442,269.46048,1200.233,3,0,0,0,0.12,1,0,0,0,0.0309549626,1,0,0,0,Grip,-65.34365,0.0214020927
762,15.240159,14.240159,282.724335,0.7243936,242.978592,37.66532,-0.00162423227,-5.06833267,-0.009536743,0.000141502824,-5.06193638,136.7698,136.659973,-1.52214622,0.132869944,4.987282,-2.2953887,1,0,4,5618.2793,269.313324,1199.57764,3,0,0,0,0.12,1,0,0,0,0.0309458487,1,0,0,0,Grip,-65.35591,0.0213908982
763,15.2601595,14.2601595,283.4777,0.7243614,242.875336,37.6648178,-0.001621715,-5.169604,-0.025177002,0.000125862425,-5.06355762,136.817261,136.7073,-1.52335739,0.132871792,4.989303,-2.29642129,1,0,4,5620.11,269.1668,1198.925,3,0,0,0,0.12,1,0,0,0,0.0309367664,1,0,0,0,Grip,-65.36738,0.0213798136
764,15.28016,14.28016,284.231018,0.724329,242.770035,37.664,-0.00161973387,-5.270906,-0.04081726,9.90578E-05,-5.06510735,136.864548,136.754471,-1.52455521,0.1328762,4.99129868,-2.29743671,1,0,4,5621.935,269.020721,1198.27429,3,0,0,0,0.12,1,0,0,0,0.0309277084,1,0,0,0,Grip,-65.37905,0.0213686563
765,15.30016,14.30016,284.984344,0.72429657,242.66272,37.6628761,-0.00161757413,-5.37223864,-0.0562667847,0.000107986853,-5.066633,136.911713,136.801483,-1.52574539,0.132878751,4.99328136,-2.29844141,1,0,4,5623.757,268.875,1197.62524,3,0,0,0,0.12,1,0,0,0,0.03091868,1,0,0,0,Grip,-65.3926239,0.0213575363
766,15.3201609,14.3201609,285.73764,0.724264264,242.553391,37.661438,-0.00161511637,-5.4736,-0.07190704,0.000122888014,-5.06806374,136.95874,136.848343,-1.52695322,0.132881954,4.99524927,-2.29947424,1,0,4,5625.569,268.730072,1196.97961,3,0,0,0,0.12,1,0,0,0,0.0309096724,1,0,0,0,Grip,-65.40476,0.0213464275
767,15.3401613,14.3401613,286.4909,0.7242321,242.442017,37.659687,-0.00161253952,-5.57499,-0.0875473,0.000128842657,-5.06949425,137.005615,136.8951,-1.52814817,0.132884651,4.99726248,-2.300489,1,0,4,5627.37842,268.585449,1196.33545,3,0,0,0,0.12,1,0,0,0,0.0309007,1,0,0,0,Grip,-65.417366,0.0213354416
768,15.3601618,14.3601618,287.2441,0.7241999,242.328629,37.6576271,-0.00161002227,-5.67640734,-0.102996826,0.000125862425,-5.070877,137.052353,136.941727,-1.52933264,0.132888526,4.999237,-2.30149031,1,0,4,5629.181,268.441345,1195.6936,3,0,0,0,0.12,1,0,0,0,0.03089175,1,0,0,0,Grip,-65.42955,0.021324411
769,15.3801622,14.3801622,287.9973,0.7241677,242.2132,37.6552544,-0.00160728151,-5.777851,-0.118637085,0.0001370383,-5.07218838,137.098969,136.98819,-1.53052235,0.132890508,5.00122261,-2.30250072,1,0,4,5630.97949,268.2977,1195.05383,3,0,0,0,0.12,1,0,0,0,0.0308828242,1,0,0,0,Grip,-65.4426,0.021313414
770,15.4001627,14.4001627,288.750427,0.724135756,242.095749,37.65257,-0.00160425785,-5.87932,-0.134277344,0.000151182758,-5.073452,137.145432,137.034546,-1.53171635,0.132894546,5.003206,-2.303519,1,0,4,5632.77,268.154724,1194.417,3,0,0,0,0.12,1,0,0,0,0.03087393,1,0,0,0,Grip,-65.4541855,0.0213024728
771,15.4201632,14.4201632,289.503479,0.72410357,241.976257,37.6495743,-0.00160054886,-5.98081446,-0.149726868,0.000185449608,-5.07471561,137.191757,137.080734,-1.5328908,0.1328984,5.00519657,-2.30451059,1,0,4,5634.558,268.011963,1193.781,3,0,0,0,0.12,1,0,0,0,0.0308650583,1,0,0,0,Grip,-65.4673,0.02129131
772,15.4401636,14.4401636,290.25647,0.7240717,241.854752,37.6462669,-0.00159543986,-6.082332,-0.165367126,0.000255450141,-5.075884,137.237946,137.12677,-1.53406763,0.132901251,5.007176,-2.30550647,1,0,4,5636.337,267.870056,1193.14893,3,0,0,0,0.12,1,0,0,0,0.0308562145,1,0,0,0,Grip,-65.48025,0.0212802514
773,15.4601641,14.4601641,291.009369,0.7240401,241.7312,37.6426468,-0.00158916891,-6.183872,-0.181007385,0.0003135472,-5.07700443,137.284012,137.1727,-1.53524971,0.13290374,5.009153,-2.30651188,1,0,4,5638.11133,267.7285,1192.51843,3,0,0,0,0.12,1,0,0,0,0.0308473948,1,0,0,0,Grip,-65.4924,0.0212691911
774,15.4801645,14.4801645,291.7622,0.724008262,241.605637,37.6387177,-0.00158264488,-6.285434,-0.196456909,0.000326201553,-5.07807732,137.329941,137.218491,-1.53641367,0.132905141,5.01108932,-2.307492,1,0,4,5639.88037,267.587463,1191.89026,3,0,0,0,0.12,1,0,0,0,0.0308385976,1,0,0,0,Grip,-65.50426,0.0212583765
775,15.500165,14.500165,292.514954,0.723976851,241.478012,37.6344757,-0.00157524191,-6.387016,-0.212097168,0.000370148337,-5.07910252,137.375717,137.264145,-1.53757429,0.132906243,5.01306248,-2.308468,1,0,4,5641.645,267.4468,1191.26379,3,0,0,0,0.12,1,0,0,0,0.030829832,1,0,0,0,Grip,-65.51525,0.0212475248
776,15.5201654,14.5201654,293.2676,0.7239456,241.348373,37.62992,-0.00156801776,-6.48861647,-0.227737427,0.00036120764,-5.08003235,137.421371,137.309662,-1.53873825,0.13290748,5.014987,-2.30945086,1,0,4,5643.405,267.30658,1190.63916,3,0,0,0,0.12,1,0,0,0,0.03082109,1,0,0,0,Grip,-65.526,0.02123684
777,15.5401659,14.5401659,294.0202,0.7239144,241.21669,37.6250534,-0.00156119582,-6.59023476,-0.243377686,0.0003410969,-5.0809145,137.466873,137.355087,-1.539886,0.132908016,5.01691,-2.310412,1,0,4,5645.16064,267.166718,1190.01611,3,0,0,0,0.12,1,0,0,0,0.030812379,1,0,0,0,Grip,-65.53682,0.0212261956
778,15.5601664,14.5601664,294.772675,0.723883152,241.083,37.6198769,-0.00155468658,-6.691869,-0.2588272,0.000325462315,-5.08170128,137.512268,137.400269,-1.54104185,0.132910311,5.01874352,-2.31138587,1,0,4,5646.91064,267.027374,1189.39551,3,0,0,0,0.12,1,0,0,0,0.0308036879,1,0,0,0,Grip,-65.54707,0.0212155934
779,15.5801668,14.5801668,295.525024,0.7238522,240.94725,37.6143875,-0.00154795393,-6.793519,-0.274467468,0.000336632365,-5.082512,137.55751,137.4454,-1.54219627,0.1329119,5.02068567,-2.31235981,1,0,4,5648.65674,266.8884,1188.77649,3,0,0,0,0.12,1,0,0,0,0.0307950247,1,0,0,0,Grip,-65.55863,0.02120484
780,15.6001673,14.6001673,296.277252,0.7238215,240.809464,37.6085854,-0.0015414001,-6.895183,-0.290107727,0.000327691669,-5.08320332,137.602615,137.4904,-1.54333544,0.132913783,5.0225563,-2.31331253,1,0,4,5650.395,266.7501,1188.1604,3,0,0,0,0.12,1,0,0,0,0.03078639,1,0,0,0,Grip,-65.56963,0.021194214
781,15.6201677,14.6201677,297.029358,0.7237908,240.669662,37.60247,-0.001535144,-6.9968605,-0.305748,0.000312802149,-5.083871,137.6476,137.535233,-1.54448509,0.132915258,5.02444839,-2.314282,1,0,4,5652.12939,266.612152,1187.546,3,0,0,0,0.12,1,0,0,0,0.0307777729,1,0,0,0,Grip,-65.5808258,0.021183677
782,15.6401682,14.6401682,297.781342,0.723760247,240.527817,37.5960426,-0.00152911153,-7.09855127,-0.321388245,0.000301626278,-5.08453846,137.692429,137.579956,-1.54561949,0.13291721,5.02638531,-2.31523061,1,0,4,5653.859,266.47467,1186.93359,3,0,0,0,0.12,1,0,0,0,0.0307691917,1,0,0,0,Grip,-65.59167,0.0211732164
783,15.6601686,14.6601686,298.533234,0.7237297,240.383942,37.5893059,-0.0015237045,-7.20025253,-0.336837769,0.0002703513,-5.085063,137.737137,137.624527,-1.546751,0.132917389,5.028184,-2.316177,1,0,4,5655.585,266.337463,1186.32251,3,0,0,0,0.12,1,0,0,0,0.03076063,1,0,0,0,Grip,-65.60286,0.0211628545
784,15.6801691,14.6801691,299.284943,0.723699331,240.238022,37.58226,-0.001519087,-7.30196333,-0.3522873,0.000230874866,-5.08554,137.781723,137.668976,-1.54788876,0.132920861,5.02998,-2.31713343,1,0,4,5657.30273,266.201,1185.7146,3,0,0,0,0.12,1,0,0,0,0.0307520926,1,0,0,0,Grip,-65.61267,0.0211525634
785,15.70017,14.70017,300.0365,0.723669,240.090073,37.5748978,-0.00151502062,-7.403684,-0.3681183,0.00020331936,-5.0860405,137.826172,137.7133,-1.54902411,0.132923454,5.031932,-2.31808782,1,0,4,5659.02,266.064575,1185.107,3,0,0,0,0.12,1,0,0,0,0.0307435822,1,0,0,0,Grip,-65.62495,0.02114214
786,15.72017,14.72017,300.7879,0.7236389,239.940109,37.5672264,-0.00151120743,-7.505413,-0.3835678,0.0001906592,-5.086446,137.870483,137.757492,-1.55015326,0.132924169,5.033747,-2.31903481,1,0,4,5660.72852,265.928955,1184.50293,3,0,0,0,0.12,1,0,0,0,0.030735096,1,0,0,0,Grip,-65.63653,0.0211317763
787,15.7401705,14.7401705,301.539185,0.723608732,239.788086,37.5592422,-0.00150816888,-7.6071496,-0.399208069,0.000151927816,-5.08682728,137.914673,137.801559,-1.55128288,0.132926822,5.035628,-2.3199842,1,0,4,5662.43066,265.793854,1183.90112,3,0,0,0,0.12,1,0,0,0,0.0307266358,1,0,0,0,Grip,-65.64667,0.0211215336
788,15.7601709,14.7601709,302.290253,0.7235787,239.634033,37.55095,-0.00150556222,-7.70889235,-0.4146576,0.000130332774,-5.087137,137.95871,137.84549,-1.55241156,0.132931352,5.03743839,-2.32093358,1,0,4,5664.133,265.6588,1183.29968,3,0,0,0,0.12,1,0,0,0,0.0307182055,1,0,0,0,Grip,-65.65823,0.0211113244
789,15.7801714,14.7801714,303.041168,0.7235486,239.477951,37.5423431,-0.00150326837,-7.81064034,-0.430297852,0.000114692375,-5.08739948,138.00264,137.8893,-1.55352879,0.132933691,5.039293,-2.321868,1,0,4,5665.827,265.524445,1182.70117,3,0,0,0,0.12,1,0,0,0,0.0307097938,1,0,0,0,Grip,-65.671196,0.0211009625
790,15.8001719,14.8001719,303.791931,0.7235186,239.319824,37.53343,-0.00150081061,-7.912393,-0.445747375,0.000122888014,-5.087638,138.046432,137.932953,-1.55464125,0.132935956,5.041122,-2.32279658,1,0,4,5667.51465,265.390656,1182.10522,3,0,0,0,0.12,1,0,0,0,0.0307014082,1,0,0,0,Grip,-65.68247,0.0210907515
791,15.8201723,14.8201723,304.54248,0.7234886,239.159668,37.5242,-0.00149857637,-8.014149,-0.461387634,0.000111712143,-5.087781,138.0901,137.976471,-1.55578232,0.13294065,5.04294872,-2.32376838,1,0,4,5669.19873,265.257172,1181.51062,3,0,0,0,0.12,1,0,0,0,0.0306930449,1,0,0,0,Grip,-65.69367,0.0210805517
792,15.8401728,14.8401728,305.292847,0.7234587,238.997467,37.51466,-0.00149596971,-8.115909,-0.4770279,0.000130332774,-5.08799553,138.133652,138.019913,-1.55689716,0.132943571,5.0448904,-2.324704,1,0,4,5670.87646,265.1243,1180.91882,3,0,0,0,0.12,1,0,0,0,0.0306847058,1,0,0,0,Grip,-65.70667,0.0210702345
793,15.8601732,14.8601732,306.04303,0.723428845,238.833252,37.5048065,-0.00149302045,-8.21767,-0.492668152,0.000147463288,-5.088091,138.177063,138.063171,-1.55800629,0.132946178,5.046761,-2.325632,1,0,4,5672.549,264.991852,1180.32886,3,0,0,0,0.12,1,0,0,0,0.0306763928,1,0,0,0,Grip,-65.71831,0.0210600421
794,15.8801737,14.8801737,306.792969,0.723399162,238.666992,37.4946442,-0.00148986268,-8.319432,-0.5081177,0.00015788828,-5.088091,138.220337,138.106339,-1.55911922,0.1329496,5.04853535,-2.32656717,1,0,4,5674.21729,264.859772,1179.7406,3,0,0,0,0.12,1,0,0,0,0.03066811,1,0,0,0,Grip,-65.7296753,0.0210499372
795,15.9001741,14.9001741,307.542725,0.723369241,238.498688,37.48417,-0.00148655591,-8.421194,-0.523757935,0.000165338861,-5.088091,138.2635,138.149384,-1.56022263,0.1329522,5.05040264,-2.32749,1,0,4,5675.881,264.728119,1179.15417,3,0,0,0,0.12,1,0,0,0,0.0306598414,1,0,0,0,Grip,-65.74164,0.0210397765
796,15.9201746,14.9201746,308.2923,0.7233398,238.328354,37.47338,-0.00148262363,-8.522955,-0.5393982,0.000196613837,-5.088043,138.3065,138.192261,-1.56132412,0.13295351,5.052268,-2.32841229,1,0,4,5677.5376,264.597076,1178.57043,3,0,0,0,0.12,1,0,0,0,0.03065161,1,0,0,0,Grip,-65.75294,0.02102957
797,15.9401751,14.9401751,309.0416,0.72331,238.155975,37.4622841,-0.00147903385,-8.624713,-0.5548477,0.000179489143,-5.0879,138.349411,138.235016,-1.56243324,0.132955089,5.05403662,-2.329346,1,0,4,5679.19043,264.46637,1177.98828,3,0,0,0,0.12,1,0,0,0,0.0306433942,1,0,0,0,Grip,-65.7632446,0.0210197475
798,15.9601755,14.9601755,309.79068,0.723280668,237.981583,37.4508743,-0.00147469935,-8.726467,-0.570488,0.000216724584,-5.08770943,138.392181,138.2777,-1.56351757,0.132957,5.05585337,-2.33024573,1,0,4,5680.83936,264.336029,1177.40771,3,0,0,0,0.12,1,0,0,0,0.0306352079,1,0,0,0,Grip,-65.77372,0.0210096072
799,15.980176,14.980176,310.539551,0.7232512,237.805145,37.4391556,-0.00147072237,-8.82821751,-0.5859375,0.000198849011,-5.08751869,138.434814,138.320175,-1.564621,0.132957846,5.057663,-2.331174,1,0,4,5682.48242,264.206177,1176.82935,3,0,0,0,0.12,1,0,0,0,0.03062704,1,0,0,0,Grip,-65.7844238,0.0209997259
800,16.0001755,15.0001755,311.288147,0.7232219,237.626663,37.427124,-0.00146674528,-8.929962,-0.601577759,0.000198854832,-5.08723259,138.477341,138.36261,-1.56570721,0.132958487,5.059477,-2.33207917,1,0,4,5684.12061,264.076782,1176.25293,3,0,0,0,0.12,1,0,0,0,0.0306188986,1,0,0,0,Grip,-65.7943,0.02098983
801,16.0201759,15.0201759,312.03653,0.7231927,237.446152,37.41478,-0.0014630662,-9.0317,-0.617218,0.000183953671,-5.086899,138.519745,138.404861,-1.56679726,0.132959858,5.06128931,-2.3329916,1,0,4,5685.75537,263.947662,1175.67786,3,0,0,0,0.12,1,0,0,0,0.03061078,1,0,0,0,Grip,-65.80399,0.02097997
802,16.0401764,15.0401764,312.784637,0.7231635,237.263611,37.4021263,-0.00145971472,-9.13343048,-0.632667542,0.000167574035,-5.08651733,138.562,138.447,-1.56787014,0.132961273,5.063048,-2.33388019,1,0,4,5687.385,263.819031,1175.10486,3,0,0,0,0.12,1,0,0,0,0.0306026917,1,0,0,0,Grip,-65.8142,0.02097021
803,16.0601768,15.0601768,313.5325,0.72313416,237.079025,37.389164,-0.00145637826,-9.235151,-0.648117065,0.000166823156,-5.0860405,138.604141,138.489,-1.56895447,0.132962,5.0647583,-2.33478642,1,0,4,5689.01025,263.690765,1174.53357,3,0,0,0,0.12,1,0,0,0,0.03059462,1,0,0,0,Grip,-65.82442,0.0209603347
804,16.0801773,15.0801773,314.2801,0.7231053,236.89241,37.37589,-0.00145272887,-9.336863,-0.6637573,0.000182469375,-5.08556366,138.646164,138.530914,-1.57003784,0.132965654,5.066567,-2.3356936,1,0,4,5690.629,263.563141,1173.96509,3,0,0,0,0.12,1,0,0,0,0.0305865742,1,0,0,0,Grip,-65.8341,0.0209505353
805,16.1001778,15.1001778,315.027435,0.7230763,236.703781,37.3623047,-0.00144939241,-9.438564,-0.679206848,0.000166823156,-5.085087,138.688049,138.572647,-1.57111645,0.132967174,5.068365,-2.33659458,1,0,4,5692.245,263.435669,1173.39734,3,0,0,0,0.12,1,0,0,0,0.0305785537,1,0,0,0,Grip,-65.8459549,0.0209407378
806,16.1201782,15.1201782,315.774475,0.7230474,236.513092,37.3484077,-0.00144562393,-9.540254,-0.6948471,0.000188424019,-5.084467,138.729828,138.614349,-1.572195,0.132970557,5.070125,-2.33749747,1,0,4,5693.854,263.308838,1172.8324,3,0,0,0,0.12,1,0,0,0,0.0305705518,1,0,0,0,Grip,-65.85618,0.0209309459
807,16.1401787,15.1401787,316.52124,0.7230185,236.320374,37.3342,-0.00144152774,-9.641932,-0.710296631,0.000204809476,-5.08389473,138.771484,138.655869,-1.57326412,0.132972181,5.07192039,-2.33838749,1,0,4,5695.46,263.1823,1172.2688,3,0,0,0,0.12,1,0,0,0,0.03056258,1,0,0,0,Grip,-65.867775,0.0209211335
808,16.16018,15.1601791,317.2677,0.7229898,236.125626,37.3196831,-0.00143729744,-9.743596,-0.7259369,0.000211515,-5.083227,138.813,138.697281,-1.57432747,0.132974774,5.07372332,-2.33927059,1,0,4,5697.05762,263.056458,1171.70825,3,0,0,0,0.12,1,0,0,0,0.030554628,1,0,0,0,Grip,-65.87802,0.0209115054
809,16.18018,15.18018,318.0139,0.722961068,235.928848,37.3048553,-0.00143305236,-9.845245,-0.7413864,0.000212254236,-5.082464,138.8544,138.738556,-1.57538986,0.1329767,5.075424,-2.34015441,1,0,4,5698.654,262.9308,1171.14844,3,0,0,0,0.12,1,0,0,0,0.0305466987,1,0,0,0,Grip,-65.88897,0.0209018439
810,16.20018,15.20018,318.759735,0.7229327,235.730026,37.28972,-0.00142882217,-9.946878,-0.756835938,0.000211509177,-5.08165359,138.895676,138.7797,-1.57645226,0.1329794,5.077123,-2.34103918,1,0,4,5700.24463,262.805573,1170.5907,3,0,0,0,0.12,1,0,0,0,0.0305388,1,0,0,0,Grip,-65.89938,0.0208922476
811,16.22018,15.2201805,319.5053,0.722903967,235.529175,37.2742729,-0.00142493448,-10.0484953,-0.772285461,0.000194384484,-5.080843,138.936844,138.82074,-1.57751369,0.132981762,5.078866,-2.34192419,1,0,4,5701.82959,262.680878,1170.03528,3,0,0,0,0.12,1,0,0,0,0.0305309147,1,0,0,0,Grip,-65.91036,0.02088264
812,16.240181,15.240181,320.250549,0.7228758,235.3263,37.25852,-0.00142071908,-10.150095,-0.787735,0.00021076994,-5.07998466,138.97789,138.861679,-1.57857513,0.132985145,5.08060646,-2.34281087,1,0,4,5703.41162,262.556427,1169.481,3,0,0,0,0.12,1,0,0,0,0.0305230562,1,0,0,0,Grip,-65.92107,0.0208731
813,16.2601814,15.2601814,320.995483,0.7228474,235.121384,37.24245,-0.0014169506,-10.2516756,-0.803375244,0.000188424019,-5.079031,139.018814,138.902451,-1.57963371,0.132986858,5.08235836,-2.343694,1,0,4,5704.98828,262.432465,1168.92883,3,0,0,0,0.12,1,0,0,0,0.03051522,1,0,0,0,Grip,-65.93251,0.02086362
814,16.2801819,15.2801819,321.740051,0.7228191,234.914444,37.2260742,-0.001413346,-10.3532372,-0.818824768,0.00018022838,-5.07807732,139.059616,138.943161,-1.580677,0.1329886,5.08409643,-2.34455681,1,0,4,5706.56055,262.308838,1168.37817,3,0,0,0,0.12,1,0,0,0,0.0305074081,1,0,0,0,Grip,-65.9426651,0.0208541937
815,16.3001823,15.3001823,322.484344,0.722790956,234.705475,37.20939,-0.00140983076,-10.4547777,-0.8342743,0.000175763853,-5.07702827,139.1003,138.9837,-1.58172321,0.132988632,5.08578825,-2.34542561,1,0,4,5708.129,262.185669,1167.82959,3,0,0,0,0.12,1,0,0,0,0.0304996148,1,0,0,0,Grip,-65.95282,0.0208447911
816,16.3201828,15.3201828,323.228241,0.7227628,234.494461,37.19239,-0.00140683679,-10.5562963,-0.849914551,0.000149698462,-5.07593155,139.140854,139.024124,-1.58277607,0.132989645,5.08753729,-2.34630466,1,0,4,5709.691,262.062958,1167.283,3,0,0,0,0.12,1,0,0,0,0.0304918513,1,0,0,0,Grip,-65.96165,0.0208354946
817,16.3401833,15.3401833,323.971832,0.722734749,234.281433,37.1750832,-0.00140385772,-10.657793,-0.8653641,0.0001489534,-5.074835,139.18129,139.064484,-1.5838089,0.132990539,5.089272,-2.34715676,1,0,4,5711.25049,261.940521,1166.73755,3,0,0,0,0.12,1,0,0,0,0.0304841064,1,0,0,0,Grip,-65.97119,0.0208260231
818,16.3601837,15.3601837,324.7151,0.722706854,234.066376,37.1574669,-0.00140108727,-10.7592649,-0.8808136,0.000138522591,-5.073595,139.2216,139.10466,-1.5848484,0.132992357,5.09091425,-2.3480196,1,0,4,5712.803,261.818634,1166.1947,3,0,0,0,0.12,1,0,0,0,0.0304763913,1,0,0,0,Grip,-65.98062,0.0208167471
819,16.3801842,15.3801842,325.457947,0.7226787,233.849289,37.13954,-0.00139852532,-10.860713,-0.8962631,0.0001280976,-5.072403,139.2618,139.14473,-1.58587742,0.132994965,5.09264565,-2.34886837,1,0,4,5714.354,261.69696,1165.65271,3,0,0,0,0.12,1,0,0,0,0.0304686949,1,0,0,0,Grip,-65.99072,0.02080738
820,16.4001846,15.4001846,326.20047,0.7226509,233.630173,37.1213074,-0.00139527814,-10.9621353,-0.911712646,0.000162358629,-5.07111549,139.30188,139.184723,-1.58692265,0.132996574,5.094331,-2.349743,1,0,4,5715.89746,261.5759,1165.11353,3,0,0,0,0.12,1,0,0,0,0.0304610189,1,0,0,0,Grip,-66.0013962,0.0207979977
821,16.4201851,15.4201851,326.942627,0.722623169,233.409027,37.1027641,-0.00139204587,-11.0635319,-0.9271622,0.000161613571,-5.069828,139.341843,139.224564,-1.587944,0.132998586,5.09606028,-2.350584,1,0,4,5717.43652,261.455261,1164.57617,3,0,0,0,0.12,1,0,0,0,0.0304533653,1,0,0,0,Grip,-66.01129,0.0207887422
822,16.4401855,15.4401855,327.684357,0.722595334,233.185852,37.08391,-0.00138885831,-11.1649,-0.9426117,0.0001593784,-5.06839752,139.3817,139.264267,-1.58897877,0.133000627,5.09769773,-2.351445,1,0,4,5718.972,261.334869,1164.03992,3,0,0,0,0.12,1,0,0,0,0.0304457378,1,0,0,0,Grip,-66.02146,0.0207795259
823,16.460186,15.460186,328.425751,0.7225677,232.960632,37.06475,-0.00138519413,-11.26624,-0.9580612,0.000183208613,-5.06701469,139.421432,139.303909,-1.58998489,0.133001953,5.099425,-2.35226655,1,0,4,5720.50244,261.215,1163.506,3,0,0,0,0.12,1,0,0,0,0.030438127,1,0,0,0,Grip,-66.03164,0.020770181
824,16.4801865,15.4801865,329.166748,0.7225399,232.7334,37.04528,-0.00138152984,-11.36755,-0.973510742,0.000183214433,-5.065489,139.461029,139.343369,-1.59101582,0.133005291,5.101061,-2.35312581,1,0,4,5722.02734,261.09552,1162.97375,3,0,0,0,0.12,1,0,0,0,0.030430546,1,0,0,0,Grip,-66.04124,0.02076106
825,16.5001869,15.5001869,329.907318,0.7225125,232.50415,37.0255051,-0.00137734436,-11.46883,-0.988769531,0.000209274,-5.06401062,139.500534,139.382767,-1.59203339,0.1330059,5.102722,-2.353967,1,0,4,5723.55,260.976349,1162.443,3,0,0,0,0.12,1,0,0,0,0.0304229818,1,0,0,0,Grip,-66.05234,0.020751778
826,16.5201874,15.5201874,330.647522,0.722484946,232.272873,37.00542,-0.00137311406,-11.5700779,-1.004219,0.000211515,-5.06238937,139.539917,139.422028,-1.59305,0.133005,5.10435534,-2.35480738,1,0,4,5725.06445,260.857819,1161.915,3,0,0,0,0.12,1,0,0,0,0.03041544,1,0,0,0,Grip,-66.06135,0.0207426436
827,16.5401878,15.5401878,331.387329,0.7224577,232.039566,36.9850273,-0.00136872,-11.6712933,-1.01966858,0.000219704816,-5.060768,139.5792,139.4612,-1.5940609,0.133005649,5.10603333,-2.35564137,1,0,4,5726.57568,260.739563,1161.38831,3,0,0,0,0.12,1,0,0,0,0.03040792,1,0,0,0,Grip,-66.06919,0.0207335874
828,16.5601883,15.5601883,332.126678,0.7224302,231.80423,36.964325,-0.00136440038,-11.7724743,-1.0351181,0.000215979526,-5.05905151,139.618347,139.500244,-1.59507179,0.133008391,5.107666,-2.356477,1,0,4,5728.084,260.6216,1160.86292,3,0,0,0,0.12,1,0,0,0,0.0304004252,1,0,0,0,Grip,-66.078186,0.0207244642
829,16.5801888,15.5801888,332.865631,0.7224032,231.566879,36.9433174,-0.00135947007,-11.8736219,-1.05037689,0.000246515265,-5.05738258,139.657379,139.539154,-1.59608173,0.133008689,5.109321,-2.3573122,1,0,4,5729.589,260.503967,1160.33887,3,0,0,0,0.12,1,0,0,0,0.03039295,1,0,0,0,Grip,-66.08874,0.0207152888
830,16.60019,15.6001892,333.604156,0.7223761,231.3275,36.922,-0.00135497167,-11.9747334,-1.06582642,0.000224920223,-5.0555706,139.6963,139.577972,-1.59707355,0.13300924,5.11095238,-2.35812283,1,0,4,5731.086,260.386963,1159.81775,3,0,0,0,0.12,1,0,0,0,0.0303854961,1,0,0,0,Grip,-66.09741,0.0207063835
831,16.62019,15.62019,334.342255,0.722349167,231.08609,36.9003754,-0.00135086069,-12.0758076,-1.08127594,0.000205548713,-5.053711,139.735123,139.616623,-1.59807682,0.133011222,5.11258268,-2.35895085,1,0,4,5732.582,260.270081,1159.29712,3,0,0,0,0.12,1,0,0,0,0.0303780641,1,0,0,0,Grip,-66.10626,0.0206975341
832,16.64019,15.64019,335.0799,0.722322,230.842682,36.87844,-0.00134722621,-12.1768456,-1.09672546,0.000181724317,-5.051899,139.7738,139.655258,-1.59907246,0.133013532,5.11430168,-2.3597703,1,0,4,5734.075,260.153442,1158.77759,3,0,0,0,0.12,1,0,0,0,0.0303706583,1,0,0,0,Grip,-66.11616,0.02068859
833,16.66019,15.6601906,335.8171,0.7222953,230.597244,36.8562,-0.00134324923,-12.2778444,-1.11198425,0.000198849011,-5.049944,139.812378,139.69368,-1.60007191,0.133014068,5.115864,-2.3605957,1,0,4,5735.56055,260.0375,1158.26123,3,0,0,0,0.12,1,0,0,0,0.030363271,1,0,0,0,Grip,-66.1262741,0.02067963
834,16.680191,15.680191,336.553864,0.722268462,230.349777,36.8336563,-0.00134021055,-12.3788033,-1.127243,0.000151933637,-5.047941,139.850845,139.732056,-1.60105515,0.133016244,5.11742449,-2.36139941,1,0,4,5737.04053,259.922,1157.7467,3,0,0,0,0.12,1,0,0,0,0.0303559061,1,0,0,0,Grip,-66.13504,0.0206709467
835,16.7001915,15.7001915,337.290161,0.72224164,230.100311,36.8108025,-0.001337455,-12.4797211,-1.14269257,0.000137777533,-5.045891,139.8892,139.7703,-1.60203934,0.133016869,5.119053,-2.36220551,1,0,4,5738.52,259.806549,1157.23242,3,0,0,0,0.12,1,0,0,0,0.03034856,1,0,0,0,Grip,-66.14501,0.0206621215
836,16.720192,15.720192,338.02597,0.7222151,229.848816,36.7876434,-0.00133460993,-12.5805969,-1.15795135,0.0001422537,-5.04379272,139.927444,139.808426,-1.60302734,0.1330191,5.12061167,-2.36301923,1,0,4,5739.99268,259.691742,1156.72107,3,0,0,0,0.12,1,0,0,0,0.0303412378,1,0,0,0,Grip,-66.1537857,0.0206532553
837,16.7401924,15.7401924,338.761353,0.722188354,229.595291,36.7641754,-0.001332048,-12.6814308,-1.17340088,0.0001280976,-5.04169464,139.965576,139.84642,-1.60400963,0.1330187,5.12228441,-2.36382556,1,0,4,5741.462,259.577148,1156.21069,3,0,0,0,0.12,1,0,0,0,0.0303339362,1,0,0,0,Grip,-66.16376,0.020644391
838,16.7601929,15.7601929,339.496246,0.72216177,229.339767,36.7404022,-0.00132930733,-12.7822218,-1.18865967,0.000137032475,-5.039549,140.003586,139.884323,-1.60498047,0.133018985,5.12388659,-2.36461663,1,0,4,5742.92529,259.4631,1155.70264,3,0,0,0,0.12,1,0,0,0,0.0303266589,1,0,0,0,Grip,-66.17171,0.0206356719
839,16.7801933,15.7801933,340.230652,0.7221353,229.082214,36.7163239,-0.00132670067,-12.882967,-1.20391846,0.000130332774,-5.03726,140.0415,139.922134,-1.6059618,0.1330215,5.125399,-2.36542416,1,0,4,5744.385,259.349426,1155.19629,3,0,0,0,0.12,1,0,0,0,0.0303193983,1,0,0,0,Grip,-66.18015,0.0206269138
840,16.8001938,15.8001938,340.964569,0.722108841,228.822662,36.69194,-0.001324094,-12.9836674,-1.21917725,0.000130332774,-5.035019,140.079285,139.959808,-1.60692215,0.1330246,5.127,-2.366203,1,0,4,5745.843,259.23587,1154.69055,3,0,0,0,0.12,1,0,0,0,0.0303121619,1,0,0,0,Grip,-66.19026,0.0206181742
841,16.8201942,15.8201942,341.698,0.7220824,228.5611,36.66725,-0.00132117455,-13.084321,-1.234436,0.000145973172,-5.03268242,140.116974,139.997345,-1.60790062,0.1330281,5.1285553,-2.367009,1,0,4,5747.29346,259.122925,1154.1875,3,0,0,0,0.12,1,0,0,0,0.030304946,1,0,0,0,Grip,-66.20079,0.0206094086
842,16.8401947,15.8401947,342.4309,0.72205615,228.2975,36.6422539,-0.00131762947,-13.1849279,-1.24988556,0.000177253969,-5.030346,140.154556,140.034866,-1.60887146,0.133030415,5.13022661,-2.367806,1,0,4,5748.73926,259.0104,1153.68628,3,0,0,0,0.12,1,0,0,0,0.03029775,1,0,0,0,Grip,-66.21159,0.02060062
843,16.8601952,15.8601952,343.16333,0.722029746,228.0319,36.6169548,-0.00131363748,-13.2854862,-1.26495361,0.00019959989,-5.027914,140.192017,140.072189,-1.60983658,0.133030847,5.13170958,-2.36859512,1,0,4,5750.18066,258.8983,1153.18689,3,0,0,0,0.12,1,0,0,0,0.03029058,1,0,0,0,Grip,-66.22147,0.0205918346
844,16.8801956,15.8801956,343.895264,0.7220037,227.7643,36.59135,-0.0013092584,-13.3859959,-1.2802124,0.000218953937,-5.025482,140.229385,140.109467,-1.61079216,0.133029938,5.13330746,-2.36937284,1,0,4,5751.617,258.78656,1152.68921,3,0,0,0,0.12,1,0,0,0,0.0302834231,1,0,0,0,Grip,-66.22991,0.0205832571
845,16.9001961,15.9001961,344.626678,0.7219775,227.49469,36.5654373,-0.0013055345,-13.486454,-1.29566193,0.000186194666,-5.02290726,140.266632,140.146576,-1.61175728,0.133029208,5.13489056,-2.37016463,1,0,4,5753.052,258.675018,1152.19238,3,0,0,0,0.12,1,0,0,0,0.0302762929,1,0,0,0,Grip,-66.23731,0.0205748286
846,16.9201965,15.9201965,345.357544,0.7219515,227.223053,36.5392227,-0.00130185543,-13.5868616,-1.31073,0.000183953671,-5.02038,140.303757,140.18364,-1.61271572,0.133029819,5.136415,-2.37094855,1,0,4,5754.483,258.563782,1151.6969,3,0,0,0,0.12,1,0,0,0,0.0302691832,1,0,0,0,Grip,-66.24483,0.020566266
847,16.940197,15.940197,346.0879,0.7219256,226.949417,36.5127029,-0.00129851885,-13.6872168,-1.32598877,0.000166828977,-5.01775742,140.34079,140.220566,-1.61366463,0.133031115,5.137969,-2.37172079,1,0,4,5755.908,258.453064,1151.20374,3,0,0,0,0.12,1,0,0,0,0.0302620921,1,0,0,0,Grip,-66.25333,0.02055776
848,16.9601974,15.9601974,346.8177,0.7218996,226.673782,36.48588,-0.00129531638,-13.7875185,-1.34105682,0.000160123454,-5.015087,140.377716,140.257355,-1.61460209,0.133033156,5.13944769,-2.37247682,1,0,4,5757.331,258.34256,1150.71155,3,0,0,0,0.12,1,0,0,0,0.0302550215,1,0,0,0,Grip,-66.26233,0.0205493011
849,16.9801979,15.9801979,347.546967,0.72187376,226.396133,36.45875,-0.00129162241,-13.8877659,-1.35650635,0.000184698729,-5.012369,140.414536,140.294052,-1.61555862,0.133035943,5.141076,-2.37326241,1,0,4,5758.75,258.2324,1150.22083,3,0,0,0,0.12,1,0,0,0,0.0302479733,1,0,0,0,Grip,-66.27186,0.0205406509
850,17.0001984,16.0001984,348.2757,0.721848,226.1165,36.43132,-0.00128746661,-13.987958,-1.3715744,0.000207789708,-5.0096035,140.451248,140.330658,-1.61650276,0.133037448,5.14255428,-2.37403083,1,0,4,5760.1626,258.122742,1149.73242,3,0,0,0,0.12,1,0,0,0,0.0302409437,1,0,0,0,Grip,-66.2819443,0.0205321144
851,17.0201988,16.0201988,349.003845,0.72182256,225.834839,36.4035835,-0.00128295342,-14.0880938,-1.38683319,0.00022565946,-5.00679,140.487839,140.367142,-1.617444,0.13303934,5.14410734,-2.37479663,1,0,4,5761.56934,258.0136,1149.24634,3,0,0,0,0.12,1,0,0,0,0.0302339364,1,0,0,0,Grip,-66.29102,0.02052363
852,17.0402,16.0402,349.731445,0.7217969,225.551178,36.37554,-0.00127836573,-14.1881733,-1.402092,0.00022938475,-5.003977,140.524338,140.403534,-1.61837864,0.133039162,5.145705,-2.3755548,1,0,4,5762.97363,257.9047,1148.76123,3,0,0,0,0.12,1,0,0,0,0.0302269477,1,0,0,0,Grip,-66.30038,0.02051514
853,17.0602,16.0602,350.458466,0.7217714,225.265533,36.3472,-0.00127313752,-14.2881947,-1.41716,0.0002614106,-5.001068,140.560715,140.439774,-1.619319,0.133040324,5.147182,-2.37632155,1,0,4,5764.374,257.796173,1148.27783,3,0,0,0,0.12,1,0,0,0,0.0302199833,1,0,0,0,Grip,-66.30814,0.0205066688
854,17.0802,16.0802,351.184937,0.7217461,224.977875,36.3185539,-0.00126767089,-14.3881569,-1.43222809,0.000273331534,-4.99811172,140.597,140.476,-1.62026024,0.1330423,5.14865875,-2.37709165,1,0,4,5765.769,257.688019,1147.796,3,0,0,0,0.12,1,0,0,0,0.0302130338,1,0,0,0,Grip,-66.3169,0.0204982571
855,17.1002,16.1002,351.910828,0.7217208,224.688217,36.2896042,-0.00126210018,-14.488059,-1.44748688,0.0002785353,-4.99510765,140.633179,140.51207,-1.62119293,0.133044139,5.15021324,-2.37785053,1,0,4,5767.161,257.58017,1147.31567,3,0,0,0,0.12,1,0,0,0,0.0302061066,1,0,0,0,Grip,-66.3262558,0.0204898827
856,17.1202011,16.1202011,352.6361,0.7216956,224.396576,36.2603531,-0.00125636545,-14.5879,-1.46255493,0.000286736758,-4.992056,140.66925,140.548019,-1.62212276,0.133046567,5.15169,-2.37860656,1,0,4,5768.55,257.472626,1146.83667,3,0,0,0,0.12,1,0,0,0,0.0301992,1,0,0,0,Grip,-66.33547,0.0204815641
857,17.1402016,16.1402016,353.36084,0.7216706,224.102936,36.2307968,-0.00125042233,-14.68768,-1.47781372,0.00029715593,-4.989004,140.705215,140.583878,-1.62303829,0.133046046,5.153289,-2.379344,1,0,4,5769.93359,257.365479,1146.35938,3,0,0,0,0.12,1,0,0,0,0.0301923137,1,0,0,0,Grip,-66.34512,0.0204732232
858,17.160202,16.160202,354.084961,0.721645832,223.8073,36.20094,-0.00124516431,-14.7873964,-1.49288177,0.000262900721,-4.98580933,140.741058,140.619583,-1.62396908,0.133048356,5.154722,-2.38010359,1,0,4,5771.31348,257.2587,1145.88379,3,0,0,0,0.12,1,0,0,0,0.0301854517,1,0,0,0,Grip,-66.35251,0.0204651728
859,17.1802025,16.1802025,354.808472,0.721621,223.509659,36.170784,-0.00124048721,-14.8870487,-1.50775909,0.0002338551,-4.98261452,140.7768,140.655258,-1.62489223,0.133048832,5.15611935,-2.380854,1,0,4,5772.69141,257.152039,1145.40869,3,0,0,0,0.12,1,0,0,0,0.0301786084,1,0,0,0,Grip,-66.3620148,0.0204569288
860,17.2002029,16.2002029,355.531372,0.721596241,223.210052,36.1403275,-0.00123600371,-14.9866371,-1.52282715,0.000224175164,-4.97941971,140.812469,140.690811,-1.62581158,0.133049041,5.1576395,-2.38160038,1,0,4,5774.063,257.046021,1144.93652,3,0,0,0,0.12,1,0,0,0,0.0301717762,1,0,0,0,Grip,-66.37012,0.0204487666
861,17.2202034,16.2202034,356.253662,0.721571743,222.908432,36.1095657,-0.00123183313,-15.0861588,-1.53808594,0.000208528945,-4.976082,140.848022,140.726242,-1.6267252,0.133049756,5.159154,-2.38234,1,0,4,5775.431,256.940216,1144.46521,3,0,0,0,0.12,1,0,0,0,0.0301649682,1,0,0,0,Grip,-66.378,0.020440653
862,17.2402039,16.2402039,356.9753,0.7215472,222.604828,36.0785027,-0.00122822844,-15.1856136,-1.553154,0.0001802342,-4.972744,140.883453,140.761551,-1.62764454,0.133050576,5.16063166,-2.38308859,1,0,4,5776.797,256.834625,1143.99487,3,0,0,0,0.12,1,0,0,0,0.0301581845,1,0,0,0,Grip,-66.38623,0.0204325132
863,17.2602043,16.2602043,357.69635,0.7215226,222.29924,36.047142,-0.00122483238,-15.2850008,-1.56803131,0.000169803388,-4.96935844,140.918777,140.796829,-1.62855434,0.133053541,5.16202831,-2.383825,1,0,4,5778.157,256.729553,1143.52686,3,0,0,0,0.12,1,0,0,0,0.0301514212,1,0,0,0,Grip,-66.39452,0.0204243977
864,17.2802048,16.2802048,358.416748,0.72149837,221.991653,36.01548,-0.0012215703,-15.38432,-1.58309937,0.000163103687,-4.965973,140.954025,140.83197,-1.6294632,0.13305454,5.16354942,-2.38456154,1,0,4,5779.51465,256.6247,1143.05981,3,0,0,0,0.12,1,0,0,0,0.0301446728,1,0,0,0,Grip,-66.40442,0.0204163
865,17.3002052,16.3002052,359.1365,0.7214739,221.682083,35.9835167,-0.00121885934,-15.4835691,-1.59816742,0.00013554818,-4.96244431,140.989166,140.866974,-1.63037109,0.13305518,5.16498566,-2.38529778,1,0,4,5780.86768,256.520264,1142.5946,3,0,0,0,0.12,1,0,0,0,0.0301379431,1,0,0,0,Grip,-66.4128,0.0204083249
866,17.3202057,16.3202057,359.855621,0.7214495,221.370544,35.9512558,-0.00121601438,-15.5827475,-1.61304474,0.000142247882,-4.95891571,141.0242,140.9019,-1.63128471,0.133055374,5.16638231,-2.386044,1,0,4,5782.216,256.416168,1142.131,3,0,0,0,0.12,1,0,0,0,0.0301312339,1,0,0,0,Grip,-66.4209,0.0204002913
867,17.3402061,16.3402061,360.5741,0.721425235,221.057,35.9186935,-0.00121342263,-15.6818552,-1.62811279,0.000129587715,-4.955387,141.059128,140.936752,-1.632185,0.133054212,5.167906,-2.38677168,1,0,4,5783.56,256.312439,1141.669,3,0,0,0,0.12,1,0,0,0,0.0301245488,1,0,0,0,Grip,-66.42862,0.0203923732
868,17.3602066,16.3602066,361.2919,0.721401036,220.7415,35.8858337,-0.00121139688,-15.7808895,-1.64299011,0.000101287151,-4.95171547,141.093964,140.971451,-1.6330862,0.133055016,5.1692605,-2.38750243,1,0,4,5784.901,256.209045,1141.20837,3,0,0,0,0.12,1,0,0,0,0.0301178787,1,0,0,0,Grip,-66.43531,0.0203844868
869,17.3802071,16.3802071,362.009033,0.7213769,220.424011,35.8526726,-0.00121002656,-15.8798513,-1.65805817,6.851624E-05,-4.94809151,141.128708,141.006088,-1.63398266,0.133056,5.170785,-2.38822746,1,0,4,5786.239,256.105865,1140.74878,3,0,0,0,0.12,1,0,0,0,0.0301112272,1,0,0,0,Grip,-66.44346,0.02037661
870,17.4002075,16.4002075,362.7255,0.7213528,220.104538,35.8192139,-0.00120931154,-15.9787378,-1.67293549,3.57511453E-05,-4.94432449,141.16333,141.0406,-1.6348772,0.133055866,5.172141,-2.38895082,1,0,4,5787.57275,256.003052,1140.29089,3,0,0,0,0.12,1,0,0,0,0.0301045962,1,0,0,0,Grip,-66.45172,0.020368848
871,17.420208,16.420208,363.4413,0.7213284,219.7831,35.7854538,-0.00120928173,-16.077549,-1.68800354,1.49011612E-06,-4.94055748,141.197861,141.075043,-1.63575935,0.133056089,5.17362547,-2.389658,1,0,4,5788.904,255.900467,1139.834,3,0,0,0,0.12,1,0,0,0,0.0300979838,1,0,0,0,Grip,-66.45912,0.0203610472
872,17.4402084,16.4402084,364.156433,0.721304357,219.459671,35.7513962,-0.00120914774,-16.1762848,-1.70288086,6.69970177E-06,-4.93679047,141.232285,141.109344,-1.636653,0.133058086,5.17506742,-2.39038277,1,0,4,5790.23047,255.798309,1139.37891,3,0,0,0,0.12,1,0,0,0,0.03009139,1,0,0,0,Grip,-66.46677,0.0203532055
873,17.4602089,16.4602089,364.87088,0.721280038,219.134277,35.71704,-0.00120925193,-16.2749424,-1.71775818,-5.20958565E-06,-4.9328804,141.266617,141.143585,-1.63754368,0.133059427,5.17642546,-2.39110422,1,0,4,5791.55127,255.696609,1138.9259,3,0,0,0,0.12,1,0,0,0,0.0300848186,1,0,0,0,Grip,-66.47572,0.0203452855
874,17.48021,16.48021,365.584625,0.7212559,218.806915,35.68239,-0.00120874553,-16.3735237,-1.7326355,2.53203325E-05,-4.9290657,141.300827,141.1777,-1.63843632,0.1330609,5.17791176,-2.39183044,1,0,4,5792.86768,255.59523,1138.47437,3,0,0,0,0.12,1,0,0,0,0.03007827,1,0,0,0,Grip,-66.48417,0.0203373954
875,17.50021,16.50021,366.297668,0.7212318,218.477585,35.647438,-0.00120786671,-16.4720268,-1.74751282,4.39409632E-05,-4.92515564,141.334961,141.211746,-1.63930988,0.133060858,5.179356,-2.3925302,1,0,4,5794.18164,255.494171,1138.02417,3,0,0,0,0.12,1,0,0,0,0.0300717335,1,0,0,0,Grip,-66.4927,0.0203295164
876,17.52021,16.52021,367.01,0.7212077,218.146286,35.6121864,-0.00120651128,-16.5704479,-1.76258087,6.777118E-05,-4.921055,141.369,141.245667,-1.64018536,0.133062482,5.18076229,-2.39323425,1,0,4,5795.48926,255.39357,1137.57617,3,0,0,0,0.12,1,0,0,0,0.0300652161,1,0,0,0,Grip,-66.50005,0.02032169
877,17.54021,16.54021,367.72168,0.721183538,217.813019,35.57664,-0.00120470894,-16.66879,-1.77726746,9.01171E-05,-4.917145,141.402908,141.27948,-1.64106941,0.133063972,5.18220568,-2.39395142,1,0,4,5796.79541,255.293137,1137.12878,3,0,0,0,0.12,1,0,0,0,0.0300587211,1,0,0,0,Grip,-66.5086441,0.0203139074
878,17.5602112,16.5602112,368.4326,0.721159637,217.477783,35.5408,-0.00120262359,-16.7670517,-1.79214478,0.000104267383,-4.913044,141.436752,141.313217,-1.64195251,0.133065313,5.183611,-2.39466858,1,0,4,5798.09668,255.193115,1136.68323,3,0,0,0,0.12,1,0,0,0,0.0300522409,1,0,0,0,Grip,-66.51712,0.0203061774
879,17.5802116,16.5802116,369.142761,0.7211356,217.140564,35.5046577,-0.00120038935,-16.86523,-1.80702209,0.000111712143,-4.908943,141.47049,141.346878,-1.64282036,0.133065388,5.18505955,-2.39536619,1,0,4,5799.394,255.0934,1136.23914,3,0,0,0,0.12,1,0,0,0,0.0300457813,1,0,0,0,Grip,-66.52546,0.0202984437
880,17.6002121,16.6002121,369.8522,0.7211116,216.8014,35.46822,-0.001197738,-16.9633255,-1.82189941,0.000132567948,-4.904747,141.50412,141.380341,-1.64368534,0.133066624,5.186468,-2.39605951,1,0,4,5800.68848,254.993942,1135.79614,3,0,0,0,0.12,1,0,0,0,0.0300393421,1,0,0,0,Grip,-66.532814,0.0202906821
881,17.6202126,16.6202126,370.5609,0.7210877,216.460281,35.431488,-0.00119449082,-17.0613365,-1.836586,0.000162358629,-4.900551,141.537643,141.413818,-1.64456272,0.1330672,5.18783,-2.39677262,1,0,4,5801.97852,254.894882,1135.35486,3,0,0,0,0.12,1,0,0,0,0.0300329216,1,0,0,0,Grip,-66.54103,0.0202829819
882,17.640213,16.640213,371.268921,0.721063852,216.1172,35.39446,-0.001191199,-17.1592636,-1.85146332,0.0001645938,-4.89635468,141.571091,141.447159,-1.6454134,0.133067787,5.18932533,-2.39744854,1,0,4,5803.26465,254.796158,1134.91516,3,0,0,0,0.12,1,0,0,0,0.03002652,1,0,0,0,Grip,-66.54873,0.0202754363
883,17.6602135,16.6602135,371.976166,0.7210401,215.772171,35.3571358,-0.00118780287,-17.257103,-1.8661499,0.000169803388,-4.891968,141.604431,141.480377,-1.64628315,0.133069649,5.19060469,-2.398153,1,0,4,5804.549,254.6976,1134.47607,3,0,0,0,0.12,1,0,0,0,0.0300201345,1,0,0,0,Grip,-66.55641,0.02026784
884,17.6802139,16.6802139,372.682648,0.7210164,215.425186,35.3195152,-0.00118440681,-17.3548565,-1.88102722,0.000169803388,-4.88767624,141.63768,141.513535,-1.6471405,0.133070022,5.19210339,-2.398841,1,0,4,5805.829,254.59938,1134.03857,3,0,0,0,0.12,1,0,0,0,0.03001377,1,0,0,0,Grip,-66.56504,0.0202601925
885,17.7002144,16.7002144,373.3884,0.720993,215.076233,35.2816,-0.00118074252,-17.45252,-1.89571381,0.000183214433,-4.883194,141.670822,141.54657,-1.64799213,0.133070692,5.193386,-2.39952183,1,0,4,5807.10449,254.501587,1133.603,3,0,0,0,0.12,1,0,0,0,0.030007422,1,0,0,0,Grip,-66.57252,0.020252604
886,17.7202148,16.7202148,374.093353,0.7209692,214.725342,35.2433929,-0.00117719744,-17.5500965,-1.91040039,0.000177253969,-4.878807,141.703873,141.579514,-1.64885616,0.133071572,5.194795,-2.40022182,1,0,4,5808.375,254.40419,1133.16919,3,0,0,0,0.12,1,0,0,0,0.0300010946,1,0,0,0,Grip,-66.5802,0.0202450678
887,17.7402153,16.7402153,374.797546,0.720945954,214.3725,35.20489,-0.001172848,-17.6475811,-1.925087,0.000217469642,-4.87422943,141.736832,141.6124,-1.64970875,0.1330712,5.19608164,-2.4009068,1,0,4,5809.642,254.307037,1132.73645,3,0,0,0,0.12,1,0,0,0,0.0299947839,1,0,0,0,Grip,-66.58802,0.02023743
888,17.7602158,16.7602158,375.500946,0.72092247,214.0177,35.1660957,-0.00116857316,-17.744976,-1.93977356,0.000213744352,-4.869747,141.769684,141.645157,-1.65055561,0.133072287,5.19749355,-2.40158463,1,0,4,5810.905,254.210327,1132.30566,3,0,0,0,0.12,1,0,0,0,0.0299884956,1,0,0,0,Grip,-66.59487,0.0202298872
889,17.7802162,16.7802162,376.2036,0.7208992,213.66095,35.1270065,-0.00116385135,-17.8422813,-1.95446014,0.000236090273,-4.865265,141.80246,141.6778,-1.65140438,0.13307178,5.198949,-2.40226626,1,0,4,5812.16748,254.1136,1131.87488,3,0,0,0,0.12,1,0,0,0,0.0299822185,1,0,0,0,Grip,-66.60281,0.0202224068
890,17.8002167,16.8002167,376.905457,0.720876157,213.302261,35.0876236,-0.00115932326,-17.9394913,-1.96914673,0.000226404518,-4.86049652,141.835144,141.7104,-1.65224266,0.133073628,5.20019865,-2.40293479,1,0,4,5813.422,254.017563,1131.44714,3,0,0,0,0.12,1,0,0,0,0.02997596,1,0,0,0,Grip,-66.60953,0.02021502
891,17.8202171,16.8202171,377.6065,0.720853,212.941635,35.0479469,-0.00115494407,-18.03661,-1.98383331,0.000218959758,-4.855919,141.867722,141.742859,-1.65308952,0.1330746,5.201658,-2.403616,1,0,4,5814.678,253.921387,1131.01868,3,0,0,0,0.12,1,0,0,0,0.02996972,1,0,0,0,Grip,-66.618,0.0202075634
892,17.8402176,16.8402176,378.3068,0.7208301,212.579056,35.00798,-0.00115034147,-18.1336327,-1.99832916,0.000230129808,-4.85115051,141.900192,141.775269,-1.65393353,0.1330755,5.20289946,-2.40429449,1,0,4,5815.927,253.825851,1130.59314,3,0,0,0,0.12,1,0,0,0,0.0299635027,1,0,0,0,Grip,-66.62578,0.0202001259
893,17.860218,16.860218,379.006226,0.7208071,212.214554,34.96772,-0.00114620058,-18.23056,-2.01301575,0.00020704465,-4.846382,141.932587,141.807571,-1.65477657,0.133077338,5.204279,-2.40497327,1,0,4,5817.17236,253.730591,1130.16882,3,0,0,0,0.12,1,0,0,0,0.0299573,1,0,0,0,Grip,-66.6335,0.02019288
894,17.8802185,16.8802185,379.704865,0.720784247,211.848114,34.927166,-0.00114174688,-18.3273926,-2.02770233,0.000222685048,-4.841614,141.964874,141.839752,-1.65560722,0.133078471,5.2057023,-2.40563583,1,0,4,5818.4165,253.635452,1129.74512,3,0,0,0,0.12,1,0,0,0,0.02995112,1,0,0,0,Grip,-66.64189,0.0201854073
895,17.900219,16.900219,380.4027,0.7207614,211.479721,34.88632,-0.00113741239,-18.4241276,-2.042389,0.000216724584,-4.83675,141.997086,141.871841,-1.65643692,0.13307856,5.207086,-2.40629721,1,0,4,5819.654,253.540878,1129.32385,3,0,0,0,0.12,1,0,0,0,0.0299449489,1,0,0,0,Grip,-66.64975,0.02017805
896,17.92022,16.92022,381.0997,0.720738769,211.1094,34.8451843,-0.00113324181,-18.5207634,-2.056694,0.000208528945,-4.831791,142.029175,141.903839,-1.65727234,0.133079559,5.208239,-2.40696883,1,0,4,5820.89,253.446411,1128.90308,3,0,0,0,0.12,1,0,0,0,0.0299388058,1,0,0,0,Grip,-66.6567841,0.0201708432
897,17.94022,16.94022,381.795868,0.7207162,210.737152,34.8037567,-0.00112941372,-18.6173,-2.07138062,0.000191404251,-4.826832,142.0612,141.935745,-1.65809822,0.133079082,5.209628,-2.407628,1,0,4,5822.122,253.35231,1128.48389,3,0,0,0,0.12,1,0,0,0,0.0299326759,1,0,0,0,Grip,-66.66449,0.020163592
898,17.96022,16.96022,382.491241,0.7206936,210.362991,34.76204,-0.00112589845,-18.7137375,-2.08587646,0.000175763853,-4.82187271,142.093109,141.96759,-1.65892029,0.1330789,5.210963,-2.40828228,1,0,4,5823.35,253.25853,1128.06616,3,0,0,0,0.12,1,0,0,0,0.0299265664,1,0,0,0,Grip,-66.67106,0.0201563425
899,17.98022,16.98022,383.18573,0.7206713,209.986877,34.72003,-0.00112233846,-18.8100739,-2.10037231,0.000177999027,-4.816818,142.124939,141.999313,-1.65974426,0.1330804,5.21225929,-2.40894127,1,0,4,5824.57471,253.165054,1127.6499,3,0,0,0,0.12,1,0,0,0,0.02992047,1,0,0,0,Grip,-66.67783,0.0201491266
900,18.0002213,17.0002213,383.8794,0.720648766,209.608856,34.6777344,-0.00111927011,-18.9063072,-2.11486816,0.000153417932,-4.8116684,142.156662,142.03096,-1.66057014,0.133080691,5.213517,-2.40960336,1,0,4,5825.79639,253.071808,1127.2345,3,0,0,0,0.12,1,0,0,0,0.0299143959,1,0,0,0,Grip,-66.68585,0.020141948
901,18.0202217,17.0202217,384.572174,0.7206267,209.2289,34.6351471,-0.00111606764,-19.00244,-2.129364,0.000160123454,-4.806614,142.188324,142.062531,-1.6613903,0.13308239,5.21489954,-2.41025925,1,0,4,5827.014,252.9789,1126.82068,3,0,0,0,0.12,1,0,0,0,0.029908333,1,0,0,0,Grip,-66.69295,0.020134721
902,18.0402222,17.0402222,385.2641,0.720604241,208.847031,34.59227,-0.00111320766,-19.0984688,-2.14385986,0.000142998761,-4.801464,142.219864,142.094,-1.66220284,0.133084327,5.21624374,-2.41090536,1,0,4,5828.22852,252.886292,1126.4082,3,0,0,0,0.12,1,0,0,0,0.0299022961,1,0,0,0,Grip,-66.70108,0.020127587
903,18.0602226,17.0602226,385.9552,0.720582247,208.463242,34.5491066,-0.00110978179,-19.1943932,-2.158165,0.0001712935,-4.796219,142.251328,142.125336,-1.66302109,0.133083344,5.21745,-2.4115603,1,0,4,5829.438,252.794067,1125.99744,3,0,0,0,0.12,1,0,0,0,0.0298962723,1,0,0,0,Grip,-66.70937,0.0201203115
904,18.0802231,17.0802231,386.645416,0.7205601,208.077545,34.5056534,-0.00110683253,-19.2902126,-2.17266083,0.000147463288,-4.79097366,142.282715,142.156631,-1.66383362,0.133085191,5.21879864,-2.41220927,1,0,4,5830.64258,252.702286,1125.58862,3,0,0,0,0.12,1,0,0,0,0.0298902616,1,0,0,0,Grip,-66.71545,0.02011333
905,18.1002235,17.1002235,387.334778,0.7205378,207.689911,34.4619141,-0.00110376417,-19.3859253,-2.186966,0.000153417932,-4.785633,142.31398,142.18779,-1.66464424,0.133085921,5.22001,-2.41285563,1,0,4,5831.84863,252.6104,1125.17932,3,0,0,0,0.12,1,0,0,0,0.029884275,1,0,0,0,Grip,-66.72363,0.02010614
906,18.120224,17.120224,388.023224,0.720516,207.300385,34.4178848,-0.0011007553,-19.4815311,-2.20146179,0.00015044352,-4.78029251,142.345184,142.218887,-1.665451,0.13308768,5.221364,-2.41349864,1,0,4,5833.04834,252.519028,1124.77234,3,0,0,0,0.12,1,0,0,0,0.0298782978,1,0,0,0,Grip,-66.7309647,0.0200992078
907,18.1402245,17.1402245,388.710815,0.7204939,206.908936,34.37357,-0.00109843165,-19.57703,-2.215767,0.000116182491,-4.774952,142.376282,142.249878,-1.66626358,0.1330869,5.22266054,-2.41415,1,0,4,5834.245,252.427917,1124.36646,3,0,0,0,0.12,1,0,0,0,0.0298723448,1,0,0,0,Grip,-66.7390442,0.02009213
908,18.1602249,17.1602249,389.3975,0.720472,206.515579,34.328968,-0.00109606329,-19.67242,-2.230072,0.000118417665,-4.769516,142.407288,142.280838,-1.66706657,0.1330878,5.22391939,-2.41478944,1,0,4,5835.4375,252.337112,1123.962,3,0,0,0,0.12,1,0,0,0,0.0298664067,1,0,0,0,Grip,-66.74519,0.02008516
909,18.1802254,17.1802254,390.083282,0.7204503,206.120331,34.28408,-0.001093561,-19.7677,-2.24437714,0.000125117367,-4.76398468,142.438217,142.311646,-1.66787148,0.133088619,5.22514,-2.41543269,1,0,4,5836.62744,252.2466,1123.55884,3,0,0,0,0.12,1,0,0,0,0.0298604835,1,0,0,0,Grip,-66.75259,0.02007803
910,18.2002258,17.2002258,390.768158,0.7204282,205.72316,34.238903,-0.00109138619,-19.86287,-2.258873,0.000108737731,-4.75845337,142.46907,142.342392,-1.66867065,0.133091629,5.226506,-2.41606879,1,0,4,5837.813,252.1564,1123.1571,3,0,0,0,0.12,1,0,0,0,0.0298545789,1,0,0,0,Grip,-66.7599,0.0200711153
911,18.2202263,17.2202263,391.452148,0.7204067,205.3241,34.19344,-0.00108854123,-19.9579277,-2.273178,0.000142247882,-4.752922,142.4998,142.373062,-1.66946983,0.133091137,5.22781372,-2.41670656,1,0,4,5838.998,252.066284,1122.75574,3,0,0,0,0.12,1,0,0,0,0.0298486948,1,0,0,0,Grip,-66.76885,0.0200640112
912,18.2402267,17.2402267,392.1352,0.720384836,204.923126,34.14769,-0.00108594948,-20.0528736,-2.28748322,0.000129587715,-4.74729538,142.530457,142.403625,-1.67025948,0.133092791,5.229084,-2.417332,1,0,4,5840.174,251.976913,1122.35767,3,0,0,0,0.12,1,0,0,0,0.0298428237,1,0,0,0,Grip,-66.77514,0.02005705
913,18.2602272,17.2602272,392.817352,0.7203632,204.520279,34.1016579,-0.00108247891,-20.147707,-2.3015976,0.000173528679,-4.7416687,142.56102,142.434082,-1.67105293,0.133092731,5.23029327,-2.4179635,1,0,4,5841.35,251.887527,1121.95947,3,0,0,0,0.12,1,0,0,0,0.0298369732,1,0,0,0,Grip,-66.78302,0.020049952
914,18.2802277,17.2802277,393.498566,0.7203417,204.115524,34.05534,-0.00107857632,-20.2424259,-2.31590271,0.000195129542,-4.73594666,142.591492,142.464478,-1.67184639,0.133093819,5.23156929,-2.41859674,1,0,4,5842.519,251.798721,1121.564,3,0,0,0,0.12,1,0,0,0,0.0298311356,1,0,0,0,Grip,-66.7896,0.0200430267
915,18.3002281,17.3002281,394.178864,0.7203202,203.708878,34.0087357,-0.00107459933,-20.33703,-2.33020782,0.000198849011,-4.73022461,142.621887,142.494766,-1.672636,0.133093491,5.232889,-2.41922474,1,0,4,5843.689,251.709885,1121.16821,3,0,0,0,0.12,1,0,0,0,0.0298253186,1,0,0,0,Grip,-66.79701,0.0200361088
916,18.3202286,17.3202286,394.8582,0.720298767,203.300339,33.9618454,-0.00107057765,-20.4315186,-2.344513,0.000201084185,-4.724407,142.652191,142.524979,-1.67341614,0.133092865,5.23417234,-2.41984224,1,0,4,5844.85352,251.621445,1120.77429,3,0,0,0,0.12,1,0,0,0,0.0298195127,1,0,0,0,Grip,-66.80335,0.02002925
917,18.340229,17.340229,395.5366,0.7202775,202.889923,33.9146729,-0.00106636225,-20.5258923,-2.35862732,0.00021076994,-4.718685,142.682388,142.555054,-1.6742,0.133093625,5.235473,-2.42046452,1,0,4,5846.01563,251.533264,1120.38147,3,0,0,0,0.12,1,0,0,0,0.029813733,1,0,0,0,Grip,-66.80943,0.02002236
918,18.36023,17.36023,396.21402,0.7202562,202.477615,33.867218,-0.00106238527,-20.6201477,-2.3727417,0.000198849011,-4.71277237,142.712524,142.585129,-1.67498016,0.1330954,5.23665762,-2.42108321,1,0,4,5847.17236,251.445511,1119.9906,3,0,0,0,0.12,1,0,0,0,0.02980796,1,0,0,0,Grip,-66.81655,0.020015616
919,18.38023,17.38023,396.890533,0.7202351,202.063416,33.81948,-0.00105861679,-20.714283,-2.386856,0.000188424019,-4.706764,142.742554,142.615067,-1.67576218,0.133095443,5.23780537,-2.42170548,1,0,4,5848.33057,251.357651,1119.59924,3,0,0,0,0.12,1,0,0,0,0.0298022125,1,0,0,0,Grip,-66.82441,0.0200088546
920,18.40023,17.40023,397.56604,0.720214,201.647339,33.77146,-0.00105541432,-20.8083,-2.40097046,0.000160123454,-4.70085144,142.7725,142.644943,-1.67653275,0.1330958,5.23907566,-2.42231345,1,0,4,5849.482,251.270355,1119.21045,3,0,0,0,0.12,1,0,0,0,0.0297964755,1,0,0,0,Grip,-66.83095,0.0200021751
921,18.42023,17.42023,398.240631,0.7201928,201.229385,33.72316,-0.00105245016,-20.9021969,-2.41508484,0.000148208346,-4.69484329,142.802383,142.674667,-1.677309,0.133095056,5.24031,-2.42292953,1,0,4,5850.63232,251.183167,1118.82214,3,0,0,0,0.12,1,0,0,0,0.0297907572,1,0,0,0,Grip,-66.83771,0.01999543
922,18.4402313,17.4402313,398.914246,0.7201719,200.809555,33.6745758,-0.0010496499,-20.9959717,-2.42919922,0.000140012708,-4.68874,142.832169,142.704391,-1.67808914,0.133097082,5.24150848,-2.42355251,1,0,4,5851.77734,251.096375,1118.43555,3,0,0,0,0.12,1,0,0,0,0.0297850538,1,0,0,0,Grip,-66.843605,0.0199887119
923,18.4602318,17.4602318,399.586853,0.720150948,200.387848,33.6257133,-0.00104743056,-21.0896244,-2.44312286,0.000110967085,-4.68263626,142.861847,142.734024,-1.6788559,0.133098185,5.242642,-2.42415833,1,0,4,5852.92,251.009842,1118.05,3,0,0,0,0.12,1,0,0,0,0.029779369,1,0,0,0,Grip,-66.8515854,0.01998214
924,18.4802322,17.4802322,400.2585,0.72013,199.964279,33.57657,-0.0010451515,-21.183157,-2.45723724,0.000113953138,-4.676628,142.891464,142.763519,-1.67962456,0.133097142,5.244005,-2.42476726,1,0,4,5854.06055,250.923477,1117.66541,3,0,0,0,0.12,1,0,0,0,0.0297737,1,0,0,0,Grip,-66.85885,0.0199753679
925,18.5002327,17.5002327,400.929138,0.720109344,199.538834,33.52714,-0.00104290235,-21.2765636,-2.47135162,0.0001124572,-4.670334,142.921,142.792953,-1.68038559,0.1330975,5.245176,-2.425367,1,0,4,5855.196,250.837524,1117.28259,3,0,0,0,0.12,1,0,0,0,0.0297680423,1,0,0,0,Grip,-66.86448,0.01996874
926,18.5202332,17.5202332,401.598816,0.720088363,199.111526,33.4774361,-0.0010408021,-21.3698483,-2.48527527,0.000105012441,-4.66423035,142.950424,142.8223,-1.68116,0.133097142,5.246437,-2.42598677,1,0,4,5856.327,250.751877,1116.901,3,0,0,0,0.12,1,0,0,0,0.02976241,1,0,0,0,Grip,-66.87113,0.0199620333
927,18.5402336,17.5402336,402.2675,0.7200677,198.682358,33.42745,-0.00103829976,-21.463007,-2.49938965,0.000125117367,-4.657936,142.9798,142.851578,-1.68191528,0.133099332,5.247694,-2.42658019,1,0,4,5857.45459,250.6666,1116.52124,3,0,0,0,0.12,1,0,0,0,0.0297567882,1,0,0,0,Grip,-66.8772354,0.0199553631
928,18.5602341,17.5602341,402.93512,0.720047,198.251328,33.377182,-0.0010359165,-21.5560379,-2.51331329,0.000119162723,-4.65154648,143.009064,142.880783,-1.68267441,0.133100972,5.24880743,-2.42718053,1,0,4,5858.58154,250.58136,1116.14148,3,0,0,0,0.12,1,0,0,0,0.0297511816,1,0,0,0,Grip,-66.8852539,0.0199488159
929,18.5802345,17.5802345,403.601776,0.7200263,197.818436,33.3266373,-0.00103328,-21.6489429,-2.527237,0.00013182289,-4.645252,143.038239,142.909851,-1.68343925,0.133099765,5.250041,-2.4277904,1,0,4,5859.70361,250.496536,1115.76367,3,0,0,0,0.12,1,0,0,0,0.0297455974,1,0,0,0,Grip,-66.89282,0.0199421123
930,18.600235,17.600235,404.2674,0.720005751,197.3837,33.2758141,-0.00103061378,-21.7417221,-2.54116058,0.000133313,-4.638958,143.067337,142.938873,-1.68419266,0.13310127,5.251317,-2.4283843,1,0,4,5860.82227,250.411957,1115.387,3,0,0,0,0.12,1,0,0,0,0.0297400262,1,0,0,0,Grip,-66.89823,0.0199356265
931,18.6202354,17.6202354,404.932,0.719985247,196.9471,33.2247124,-0.00102805183,-21.8343716,-2.55508423,0.0001280976,-4.632473,143.096359,142.9678,-1.68494415,0.133098811,5.252481,-2.42897749,1,0,4,5861.938,250.327667,1115.01147,3,0,0,0,0.12,1,0,0,0,0.0297344681,1,0,0,0,Grip,-66.90567,0.0199290588
932,18.6402359,17.6402359,405.595581,0.7199646,196.508652,33.1733322,-0.0010261155,-21.9268913,-2.56900787,9.68168E-05,-4.625988,143.12529,142.996613,-1.68568993,0.133099109,5.253688,-2.42956328,1,0,4,5863.05029,250.243652,1114.63733,3,0,0,0,0.12,1,0,0,0,0.0297289286,1,0,0,0,Grip,-66.9100952,0.0199227687
933,18.6602364,17.6602364,406.258118,0.719944239,196.068359,33.1216736,-0.00102443236,-22.01928,-2.58293152,8.41566361E-05,-4.61940765,143.154144,143.0254,-1.68644333,0.133099809,5.2548604,-2.43016052,1,0,4,5864.1626,250.159653,1114.26318,3,0,0,0,0.12,1,0,0,0,0.0297234,1,0,0,0,Grip,-66.91659,0.0199163
934,18.6802368,17.6802368,406.919647,0.719923735,195.6262,33.06974,-0.00102303212,-22.1115379,-2.59666443,7.00121745E-05,-4.61292267,143.1829,143.0541,-1.68717575,0.133098915,5.256042,-2.43073058,1,0,4,5865.269,250.076126,1113.89111,3,0,0,0,0.12,1,0,0,0,0.0297178943,1,0,0,0,Grip,-66.92336,0.0199098177
935,18.7002373,17.7002373,407.5801,0.7199033,195.18222,33.01753,-0.001021781,-22.2036629,-2.610588,6.255577E-05,-4.606247,143.2116,143.082626,-1.68792915,0.13309972,5.257224,-2.43133044,1,0,4,5866.37158,249.9929,1113.52039,3,0,0,0,0.12,1,0,0,0,0.0297124051,1,0,0,0,Grip,-66.92891,0.0199034158
936,18.7202377,17.7202377,408.239532,0.719882846,194.7364,32.9650459,-0.00102058938,-22.2956543,-2.62413025,5.958136E-05,-4.599571,143.240189,143.111145,-1.68868256,0.133102134,5.25822258,-2.431931,1,0,4,5867.472,249.909882,1113.15063,3,0,0,0,0.12,1,0,0,0,0.0297069252,1,0,0,0,Grip,-66.93573,0.0198969934
937,18.7402382,17.7402382,408.897858,0.719862342,194.288742,32.9122849,-0.00101892115,-22.3875141,-2.638054,8.341158E-05,-4.592991,143.2687,143.139633,-1.68941307,0.133101583,5.25956774,-2.43250132,1,0,4,5868.56934,249.827118,1112.782,3,0,0,0,0.12,1,0,0,0,0.0297014657,1,0,0,0,Grip,-66.94375,0.0198904779
938,18.7602386,17.7602386,409.555176,0.719842255,193.839249,32.85925,-0.00101644848,-22.47924,-2.6517868,0.000123633072,-4.586315,143.29715,143.167953,-1.69014549,0.1331019,5.260765,-2.43307471,1,0,4,5869.66162,249.7448,1112.41528,3,0,0,0,0.12,1,0,0,0,0.0296960212,1,0,0,0,Grip,-66.9495,0.0198839046
939,18.78024,17.78024,410.211426,0.7198218,193.387909,32.80594,-0.00101418444,-22.5708313,-2.66551971,0.000113202259,-4.579544,143.3255,143.196228,-1.69088173,0.1331031,5.26192856,-2.43365455,1,0,4,5870.751,249.662674,1112.04956,3,0,0,0,0.12,1,0,0,0,0.0296905935,1,0,0,0,Grip,-66.9558945,0.0198775828
940,18.80024,17.80024,410.866577,0.719801545,192.934753,32.7523537,-0.00101119047,-22.6622829,-2.67925262,0.000149698462,-4.57258224,143.35379,143.224426,-1.691616,0.1331053,5.262983,-2.43423319,1,0,4,5871.839,249.5807,1111.68445,3,0,0,0,0.12,1,0,0,0,0.029685175,1,0,0,0,Grip,-66.96296,0.01987107
941,18.82024,17.82024,411.52066,0.719781458,192.479767,32.698494,-0.00100761559,-22.7536,-2.69298553,0.000178744085,-4.565811,143.381973,143.252533,-1.69234657,0.133103326,5.26423264,-2.434807,1,0,4,5872.92139,249.499161,1111.32117,3,0,0,0,0.12,1,0,0,0,0.0296797771,1,0,0,0,Grip,-66.97073,0.01986458
942,18.84024,17.84024,412.173676,0.7197615,192.022949,32.6443634,-0.00100415992,-22.8447781,-2.70652771,0.000172783621,-4.5589447,143.41008,143.280563,-1.69307327,0.133103281,5.265333,-2.43537664,1,0,4,5874.001,249.417862,1110.95911,3,0,0,0,0.12,1,0,0,0,0.0296743959,1,0,0,0,Grip,-66.97535,0.0198583454
943,18.86024,17.86024,412.8256,0.7197414,191.564331,32.58996,-0.00100077875,-22.9358177,-2.72026062,0.00016905833,-4.551983,143.438126,143.308517,-1.69379425,0.133103877,5.266517,-2.43594,1,0,4,5875.07959,249.33667,1110.59741,3,0,0,0,0.12,1,0,0,0,0.0296690259,1,0,0,0,Grip,-66.9814,0.0198520459
944,18.8802414,17.8802414,413.476379,0.719721437,191.103882,32.5352821,-0.0009970848,-23.0267181,-2.7338028,0.000184698729,-4.545021,143.46608,143.336334,-1.69452477,0.133104265,5.267627,-2.43651676,1,0,4,5876.1543,249.255768,1110.237,3,0,0,0,0.12,1,0,0,0,0.0296636764,1,0,0,0,Grip,-66.98792,0.0198457
945,18.9002419,17.9002419,414.1261,0.7197014,190.6416,32.4803352,-0.0009932418,-23.11748,-2.747345,0.000192149309,-4.538059,143.493958,143.364182,-1.69524956,0.133106008,5.26877975,-2.43708754,1,0,4,5877.22559,249.175217,1109.8783,3,0,0,0,0.12,1,0,0,0,0.0296583362,1,0,0,0,Grip,-66.99427,0.0198394246
946,18.9202423,17.9202423,414.774719,0.719681859,190.177536,32.4251175,-0.0009893392,-23.2081,-2.76088715,0.000195129542,-4.531002,143.521744,143.391876,-1.69597244,0.133106247,5.26989937,-2.43765688,1,0,4,5878.294,249.094818,1109.52014,3,0,0,0,0.12,1,0,0,0,0.0296530165,1,0,0,0,Grip,-67.00162,0.019833222
947,18.9402428,17.9402428,415.422241,0.71966213,189.711639,32.3696251,-0.0009860325,-23.2985764,-2.77462,0.00016533304,-4.52384949,143.549469,143.4195,-1.69669533,0.133105755,5.27110434,-2.43822575,1,0,4,5879.361,249.0146,1109.16284,3,0,0,0,0.12,1,0,0,0,0.0296477079,1,0,0,0,Grip,-67.00782,0.01982699
948,18.9602432,17.9602432,416.0686,0.7196423,189.243958,32.31386,-0.000982696,-23.38891,-2.78816223,0.000166828977,-4.516697,143.5771,143.447083,-1.69740868,0.133107454,5.272235,-2.43878365,1,0,4,5880.424,248.934708,1108.807,3,0,0,0,0.12,1,0,0,0,0.0296424162,1,0,0,0,Grip,-67.01345,0.019820746
949,18.9802437,17.9802437,416.713867,0.7196228,188.77446,32.2578278,-0.0009788828,-23.4791012,-2.80170441,0.0001906592,-4.50954437,143.60466,143.474518,-1.69812775,0.133105844,5.27340841,-2.43935037,1,0,4,5881.48047,248.8553,1108.45325,3,0,0,0,0.12,1,0,0,0,0.0296371412,1,0,0,0,Grip,-67.02071,0.0198145024
950,19.0002441,18.0002441,417.358032,0.7196034,188.303146,32.2015266,-0.0009755165,-23.5691471,-2.81505585,0.000168313272,-4.50229645,143.632126,143.501923,-1.69883347,0.13310644,5.27443075,-2.43990016,1,0,4,5882.5376,248.7759,1108.09961,3,0,0,0,0.12,1,0,0,0,0.02963188,1,0,0,0,Grip,-67.02547,0.01980842
951,19.0202446,18.0202446,418.001068,0.719583869,187.830063,32.1449547,-0.0009726864,-23.6590481,-2.828598,0.000141505734,-4.49504852,143.659531,143.52919,-1.69955444,0.13310793,5.27561474,-2.4404707,1,0,4,5883.593,248.696655,1107.7467,3,0,0,0,0.12,1,0,0,0,0.0296266321,1,0,0,0,Grip,-67.03187,0.0198023673
952,19.0402451,18.0402451,418.642944,0.719564438,187.355164,32.0881157,-0.0009698563,-23.7488022,-2.84194946,0.000141505734,-4.487705,143.686844,143.556488,-1.70025253,0.133109584,5.27664852,-2.44101143,1,0,4,5884.64355,248.617752,1107.39526,3,0,0,0,0.12,1,0,0,0,0.0296214037,1,0,0,0,Grip,-67.0389252,0.0197961777
953,19.0602455,18.0602455,419.283661,0.7195451,186.878479,32.0310059,-0.000967085769,-23.8384113,-2.85549164,0.0001385255,-4.48045731,143.7141,143.583588,-1.700964,0.13310951,5.27791834,-2.441571,1,0,4,5885.68945,248.539276,1107.04565,3,0,0,0,0.12,1,0,0,0,0.0296161864,1,0,0,0,Grip,-67.04609,0.01979005
954,19.080246,18.080246,419.923248,0.719525933,186.400009,31.973629,-0.00096412166,-23.9278717,-2.868843,0.000148205436,-4.47301865,143.741241,143.6107,-1.70166779,0.133108616,5.27896261,-2.442122,1,0,4,5886.734,248.4609,1106.69653,3,0,0,0,0.12,1,0,0,0,0.0296109859,1,0,0,0,Grip,-67.0519257,0.01978389
955,19.1002464,18.1002464,420.561676,0.719506562,185.919739,31.9159851,-0.000961589452,-24.0171833,-2.88219452,0.0001266104,-4.46558,143.768341,143.63768,-1.7023716,0.133107871,5.28005,-2.44267321,1,0,4,5887.77441,248.382843,1106.34888,3,0,0,0,0.12,1,0,0,0,0.0296057966,1,0,0,0,Grip,-67.05714,0.0197779443
956,19.1202469,18.1202469,421.198975,0.7194875,185.4377,31.8580742,-0.000959176454,-24.1063442,-2.895546,0.000120649929,-4.458046,143.795334,143.664612,-1.70307159,0.133108646,5.281106,-2.44322014,1,0,4,5888.81348,248.304932,1106.00183,3,0,0,0,0.12,1,0,0,0,0.0296006314,1,0,0,0,Grip,-67.06243,0.0197719745
957,19.1402473,18.1402473,421.835083,0.719468355,184.953873,31.7998962,-0.000957329466,-24.1953564,-2.9088974,9.23493644E-05,-4.4506073,143.822266,143.691467,-1.7037735,0.133109912,5.28227854,-2.4437716,1,0,4,5889.849,248.22731,1105.65613,3,0,0,0,0.12,1,0,0,0,0.0295954719,1,0,0,0,Grip,-67.06887,0.0197659954
958,19.1602478,18.1602478,422.470032,0.7194493,184.468262,31.7414551,-0.000955542,-24.2842178,-2.922058,8.937204E-05,-4.44307327,143.8491,143.718231,-1.70446968,0.133110985,5.28329849,-2.44431567,1,0,4,5890.88232,248.149857,1105.31116,3,0,0,0,0.12,1,0,0,0,0.0295903329,1,0,0,0,Grip,-67.07565,0.0197599661
959,19.1802483,18.1802483,423.103821,0.71943,183.9809,31.6827469,-0.0009537248,-24.3729267,-2.93540955,9.086216E-05,-4.435444,143.875885,143.744888,-1.7051754,0.133112818,5.28440952,-2.44487357,1,0,4,5891.91162,248.072739,1104.96765,3,0,0,0,0.12,1,0,0,0,0.0295852069,1,0,0,0,Grip,-67.0822754,0.0197539385
960,19.2002487,18.2002487,423.7364,0.719411254,183.491745,31.6237736,-0.0009512373,-24.4614849,-2.94866562,0.000124375219,-4.42791,143.902588,143.771561,-1.705862,0.133115664,5.28557539,-2.44540715,1,0,4,5892.938,247.9959,1104.62537,3,0,0,0,0.12,1,0,0,0,0.0295800921,1,0,0,0,Grip,-67.08946,0.0197478365
961,19.22025,18.22025,424.3678,0.71939224,183.000824,31.5645351,-0.0009486902,-24.5498886,-2.96192169,0.000127352541,-4.420185,143.9292,143.798035,-1.70656776,0.133113638,5.286638,-2.4459672,1,0,4,5893.96143,247.91925,1104.28394,3,0,0,0,0.12,1,0,0,0,0.0295749977,1,0,0,0,Grip,-67.09739,0.0197417643
962,19.24025,18.24025,424.998016,0.719373345,182.508148,31.5050316,-0.000946023967,-24.63814,-2.97517776,0.000133313,-4.41255569,143.95575,143.824539,-1.70725822,0.1331138,5.287816,-2.44650722,1,0,4,5894.98047,247.842957,1103.94409,3,0,0,0,0.12,1,0,0,0,0.0295699127,1,0,0,0,Grip,-67.10162,0.01973591
963,19.26025,18.26025,425.627045,0.7193544,182.0137,31.4452648,-0.0009434173,-24.7262363,-2.98833847,0.000130332774,-4.404831,143.982208,143.850937,-1.70794868,0.133114144,5.28890228,-2.44704843,1,0,4,5895.997,247.766922,1103.60547,3,0,0,0,0.12,1,0,0,0,0.0295648463,1,0,0,0,Grip,-67.1075,0.0197300054
964,19.28025,18.28025,426.254883,0.7193356,181.5175,31.3852348,-0.0009407064,-24.8141766,-3.00149918,0.00013554527,-4.397011,144.0086,143.877258,-1.70863724,0.133116156,5.289959,-2.447588,1,0,4,5897.0127,247.690933,1103.267,3,0,0,0,0.12,1,0,0,0,0.029559793,1,0,0,0,Grip,-67.11349,0.0197240785
965,19.300251,18.300251,426.8815,0.71931684,181.019531,31.3249435,-0.0009382338,-24.9019623,-3.01456451,0.000123630161,-4.389286,144.034927,143.903473,-1.70931435,0.133115,5.291068,-2.44811249,1,0,4,5898.024,247.615311,1102.93018,3,0,0,0,0.12,1,0,0,0,0.0295547526,1,0,0,0,Grip,-67.12072,0.0197182447
966,19.3202515,18.3202515,427.5069,0.7192981,180.519821,31.26439,-0.000935820746,-24.98959,-3.02762985,0.00012065284,-4.38137054,144.061172,143.929626,-1.710001,0.133116081,5.292075,-2.44865155,1,0,4,5899.033,247.539886,1102.59412,3,0,0,0,0.12,1,0,0,0,0.02954973,1,0,0,0,Grip,-67.12554,0.019712396
967,19.3402519,18.3402519,428.1311,0.7192795,180.018356,31.2035751,-0.000933512,-25.0770588,-3.04079056,0.000115437433,-4.373455,144.087357,143.955734,-1.71068954,0.133117765,5.293188,-2.44919419,1,0,4,5900.04053,247.464569,1102.25867,3,0,0,0,0.12,1,0,0,0,0.0295447167,1,0,0,0,Grip,-67.13205,0.0197065026
968,19.3602524,18.3602524,428.7541,0.719260931,179.515167,31.142498,-0.000930979848,-25.16437,-3.053856,0.000126607483,-4.36553955,144.113449,143.98175,-1.71136284,0.13311851,5.29428053,-2.44971633,1,0,4,5901.043,247.389679,1101.92517,3,0,0,0,0.12,1,0,0,0,0.0295397174,1,0,0,0,Grip,-67.13899,0.0197005924
969,19.3802528,18.3802528,429.375824,0.719242334,179.010208,31.08116,-0.000928194437,-25.25152,-3.06692123,0.00013927056,-4.35752869,144.13945,144.00766,-1.71204376,0.133119449,5.295344,-2.45025039,1,0,4,5902.042,247.315048,1101.59265,3,0,0,0,0.12,1,0,0,0,0.0295347385,1,0,0,0,Grip,-67.1452,0.01969478
970,19.4002533,18.4002533,429.9963,0.719223738,178.50351,31.0195618,-0.0009250515,-25.33851,-3.0798912,0.000157146133,-4.349518,144.16539,144.033524,-1.71272278,0.133120775,5.296387,-2.45078254,1,0,4,5903.039,247.2406,1101.26111,3,0,0,0,0.12,1,0,0,0,0.0295297727,1,0,0,0,Grip,-67.15154,0.0196888838
971,19.4202538,18.4202538,430.61557,0.7192053,177.995071,30.9577045,-0.0009215065,-25.4253426,-3.09286118,0.000177251059,-4.34160233,144.191269,144.059341,-1.71339607,0.133121088,5.29754353,-2.451308,1,0,4,5904.03271,247.166412,1100.93066,3,0,0,0,0.12,1,0,0,0,0.0295248181,1,0,0,0,Grip,-67.15816,0.01968302
972,19.4402542,18.4402542,431.2336,0.7191872,177.484909,30.8955879,-0.0009179763,-25.5120125,-3.10583115,0.000176508911,-4.333496,144.217072,144.085052,-1.71407127,0.133118868,5.2986,-2.45183635,1,0,4,5905.023,247.092514,1100.60144,3,0,0,0,0.12,1,0,0,0,0.0295198765,1,0,0,0,Grip,-67.164,0.0196772926
973,19.4602547,18.4602547,431.8504,0.7191686,176.973022,30.8332119,-0.0009152505,-25.5985184,-3.118801,0.000136290328,-4.32529449,144.2428,144.1107,-1.71473885,0.133117214,5.299629,-2.45235538,1,0,4,5906.012,247.0187,1100.27271,3,0,0,0,0.12,1,0,0,0,0.0295149535,1,0,0,0,Grip,-67.16791,0.0196717381
974,19.4802551,18.4802551,432.465942,0.719150543,176.4594,30.7705784,-0.000912256539,-25.68486,-3.13167572,0.000149698462,-4.317093,144.268448,144.136276,-1.71540642,0.133117616,5.30063629,-2.45287561,1,0,4,5907.00049,246.944992,1099.94434,3,0,0,0,0.12,1,0,0,0,0.02951004,1,0,0,0,Grip,-67.172226,0.019666
975,19.5002556,18.5002556,433.080231,0.7191323,175.944046,30.7076874,-0.000910111645,-25.7710381,-3.14455032,0.000107244705,-4.3088913,144.294022,144.1618,-1.71606827,0.133118555,5.301687,-2.453389,1,0,4,5907.983,246.871735,1099.618,3,0,0,0,0.12,1,0,0,0,0.0295051448,1,0,0,0,Grip,-67.1780853,0.01966041
976,19.520256,18.520256,433.693237,0.719114065,175.426987,30.64454,-0.000908219954,-25.85705,-3.15732956,9.458454E-05,-4.30059433,144.319519,144.18718,-1.71673775,0.133116633,5.30264473,-2.45391417,1,0,4,5908.96436,246.798569,1099.29224,3,0,0,0,0.12,1,0,0,0,0.0295002628,1,0,0,0,Grip,-67.1843262,0.0196547732
977,19.5402565,18.5402565,434.305,0.719095945,174.9082,30.5811367,-0.000906611269,-25.9428959,-3.17020416,8.04342562E-05,-4.29229736,144.344955,144.212524,-1.71739578,0.1331171,5.30370951,-2.45442367,1,0,4,5909.942,246.725723,1098.96777,3,0,0,0,0.12,1,0,0,0,0.029495392,1,0,0,0,Grip,-67.18839,0.01964913
978,19.560257,18.560257,434.915466,0.719077945,174.387711,30.5174751,-0.0009053154,-26.0285759,-3.18307877,6.479386E-05,-4.2840004,144.3703,144.237823,-1.71805382,0.133118212,5.304817,-2.45493531,1,0,4,5910.91846,246.652969,1098.64368,3,0,0,0,0.12,1,0,0,0,0.0294905361,1,0,0,0,Grip,-67.19425,0.0196435675
979,19.5802574,18.5802574,435.524658,0.7190597,173.865509,30.45356,-0.0009045706,-26.1140881,-3.19576263,3.723835E-05,-4.275608,144.395584,144.263,-1.71871376,0.133116752,5.30576754,-2.45544934,1,0,4,5911.88965,246.580643,1098.32153,3,0,0,0,0.12,1,0,0,0,0.0294856969,1,0,0,0,Grip,-67.2005844,0.0196380038
980,19.6002579,18.6002579,436.132568,0.7190418,173.341583,30.389389,-0.000903617358,-26.1994324,-3.20854187,4.76633431E-05,-4.26721573,144.4208,144.288147,-1.719368,0.133116469,5.30682564,-2.455957,1,0,4,5912.86035,246.508377,1097.99963,3,0,0,0,0.12,1,0,0,0,0.0294808671,1,0,0,0,Grip,-67.2049561,0.0196323749
981,19.6202583,18.6202583,436.7392,0.7190238,172.815964,30.3249645,-0.0009031705,-26.2846069,-3.22122574,2.234301E-05,-4.258728,144.445938,144.313187,-1.72002792,0.133117989,5.307791,-2.45647335,1,0,4,5913.827,246.436417,1097.67908,3,0,0,0,0.12,1,0,0,0,0.0294760559,1,0,0,0,Grip,-67.2102,0.0196267832
982,19.6402588,18.6402588,437.3445,0.7190057,172.288651,30.2602844,-0.000902440632,-26.3696136,-3.234005,3.6493293E-05,-4.25033569,144.471008,144.338211,-1.72068024,0.133118078,5.308934,-2.45698,1,0,4,5914.79,246.364746,1097.35986,3,0,0,0,0.12,1,0,0,0,0.029471254,1,0,0,0,Grip,-67.2168,0.0196211748
983,19.66026,18.66026,437.948547,0.7189877,171.759644,30.1953526,-0.000900966,-26.45445,-3.24659348,7.37316441E-05,-4.241848,144.496,144.363129,-1.72133446,0.133116052,5.309919,-2.45749068,1,0,4,5915.75,246.29335,1097.04187,3,0,0,0,0.12,1,0,0,0,0.0294664688,1,0,0,0,Grip,-67.22229,0.0196155142
984,19.68026,18.68026,438.55127,0.7189696,171.228943,30.130167,-0.000899267965,-26.5391159,-3.25927734,8.49016942E-05,-4.233265,144.52092,144.387985,-1.72197533,0.133115143,5.3109436,-2.45798326,1,0,4,5916.708,246.2221,1096.72449,3,0,0,0,0.12,1,0,0,0,0.0294616986,1,0,0,0,Grip,-67.2261658,0.0196099728
985,19.70026,18.70026,439.152679,0.7189517,170.696533,30.0647278,-0.0008969145,-26.62361,-3.27196121,0.000117672607,-4.224682,144.545776,144.412766,-1.7226181,0.133115277,5.31201029,-2.45848012,1,0,4,5917.663,246.151077,1096.40808,3,0,0,0,0.12,1,0,0,0,0.0294569377,1,0,0,0,Grip,-67.23088,0.0196043365
986,19.72026,18.72026,439.752777,0.7189338,170.162445,29.9990387,-0.000894605764,-26.7079315,-3.28445435,0.000115437433,-4.216099,144.570572,144.437424,-1.723259,0.133113652,5.31298733,-2.45897436,1,0,4,5918.61426,246.080383,1096.09326,3,0,0,0,0.12,1,0,0,0,0.02945219,1,0,0,0,Grip,-67.23637,0.0195988454
987,19.7402611,18.7402611,440.351563,0.718916,169.626678,29.9330978,-0.000892133161,-26.79208,-3.29704285,0.000123630161,-4.20742035,144.595276,144.462067,-1.72390556,0.133113191,5.31400442,-2.45947742,1,0,4,5919.565,246.009735,1095.77856,3,0,0,0,0.12,1,0,0,0,0.02944746,1,0,0,0,Grip,-67.2405,0.0195933133
988,19.7602615,18.7602615,440.949036,0.7188983,169.089233,29.8669071,-0.0008894371,-26.8760529,-3.309536,0.000134803122,-4.19864655,144.619934,144.4867,-1.72454834,0.1331151,5.314929,-2.459977,1,0,4,5920.512,245.939362,1095.46509,3,0,0,0,0.12,1,0,0,0,0.0294427369,1,0,0,0,Grip,-67.24551,0.0195878353
989,19.780262,18.780262,441.5452,0.7188804,168.5501,29.8004665,-0.000886904949,-26.9598522,-3.322029,0.000126607483,-4.189968,144.6445,144.511169,-1.72518539,0.133115053,5.31596375,-2.460469,1,0,4,5921.456,245.8693,1095.153,3,0,0,0,0.12,1,0,0,0,0.0294380374,1,0,0,0,Grip,-67.25227,0.0195823871
990,19.8002625,18.8002625,442.139984,0.7188628,168.009308,29.7337761,-0.000884119538,-27.0434761,-3.33452225,0.00013927056,-4.18119431,144.669,144.535614,-1.72581673,0.133116066,5.31697369,-2.46095443,1,0,4,5922.397,245.799408,1094.84167,3,0,0,0,0.12,1,0,0,0,0.0294333417,1,0,0,0,Grip,-67.25757,0.01957693
991,19.8202629,18.8202629,442.733429,0.7188452,167.466843,29.6668358,-0.00088114047,-27.1269245,-3.34701538,0.0001489534,-4.1724205,144.693436,144.559952,-1.72645378,0.133117244,5.318026,-2.461449,1,0,4,5923.3374,245.72963,1094.53088,3,0,0,0,0.12,1,0,0,0,0.0294286665,1,0,0,0,Grip,-67.26363,0.0195714086
992,19.8402634,18.8402634,443.325531,0.718827546,166.9227,29.5996475,-0.000877863553,-27.2101955,-3.35941315,0.000163845834,-4.16355133,144.717819,144.584229,-1.72708321,0.133118153,5.318985,-2.46193266,1,0,4,5924.27344,245.660172,1094.22156,3,0,0,0,0.12,1,0,0,0,0.0294239968,1,0,0,0,Grip,-67.26982,0.0195659138
993,19.8602638,18.8602638,443.9163,0.71881026,166.3769,29.53221,-0.000874035468,-27.29329,-3.37190628,0.000191404251,-4.154682,144.742111,144.608475,-1.72770119,0.133117378,5.320055,-2.46240234,1,0,4,5925.205,245.591049,1093.9137,3,0,0,0,0.12,1,0,0,0,0.0294193458,1,0,0,0,Grip,-67.27579,0.01956034
994,19.8802643,18.8802643,444.5057,0.7187926,165.829437,29.4645252,-0.00087019254,-27.3762035,-3.38420868,0.0001921464,-4.14571762,144.766327,144.632568,-1.72834015,0.13311848,5.32096434,-2.46290231,1,0,4,5926.135,245.5221,1093.60657,3,0,0,0,0.12,1,0,0,0,0.0294147059,1,0,0,0,Grip,-67.28046,0.0195549224
995,19.9002647,18.9002647,445.09375,0.7187755,165.280334,29.396595,-0.000865709037,-27.4589386,-3.396511,0.000224175164,-4.136753,144.7905,144.656677,-1.72896576,0.133120209,5.321916,-2.46338439,1,0,4,5927.06445,245.453156,1093.29944,3,0,0,0,0.12,1,0,0,0,0.0294100828,1,0,0,0,Grip,-67.28654,0.0195494965
996,19.9202652,18.9202652,445.68045,0.7187583,164.729568,29.3284168,-0.000861449051,-27.5414944,-3.40890884,0.0002129993,-4.12778854,144.814575,144.6807,-1.729599,0.133119628,5.3229785,-2.46387768,1,0,4,5927.98828,245.3847,1092.99451,3,0,0,0,0.12,1,0,0,0,0.0294054709,1,0,0,0,Grip,-67.2930756,0.0195441265
997,19.9402657,18.9402657,446.265778,0.7187411,164.17717,29.2599926,-0.0008572337,-27.6238689,-3.42121124,0.00021076703,-4.11872864,144.8386,144.704666,-1.73021889,0.133118853,5.323949,-2.46435332,1,0,4,5928.911,245.316315,1092.69,3,0,0,0,0.12,1,0,0,0,0.02940087,1,0,0,0,Grip,-67.29785,0.0195387937
998,19.9602661,18.9602661,446.849731,0.718724132,163.623108,29.1913242,-0.000853033271,-27.7060623,-3.43341827,0.000210021972,-4.10966873,144.862549,144.728546,-1.73083878,0.133118823,5.32489252,-2.4648304,1,0,4,5929.832,245.2481,1092.38611,3,0,0,0,0.12,1,0,0,0,0.0293962825,1,0,0,0,Grip,-67.30247,0.0195334479
999,19.9802666,18.9802666,447.4323,0.7187071,163.067429,29.1224117,-0.000849235,-27.7880726,-3.44562531,0.000189914135,-4.10051346,144.886444,144.752319,-1.73145676,0.133118272,5.32581234,-2.46530581,1,0,4,5930.75,245.180115,1092.08325,3,0,0,0,0.12,1,0,0,0,0.029391706,1,0,0,0,Grip,-67.30763,0.0195281878
1000,20.000267,19.000267,448.013519,0.7186901,162.510086,29.0532551,-0.0008456899,-27.8699017,-3.45783234,0.000177253969,-4.09145355,144.910248,144.776077,-1.73207283,0.133115411,5.326841,-2.4657793,1,0,4,5931.665,245.112381,1091.78162,3,0,0,0,0.12,1,0,0,0,0.0293871537,1,0,0,0,Grip,-67.31238,0.0195229761
1001,20.0202675,19.0202675,448.593323,0.71867317,161.951126,28.9838543,-0.0008426662,-27.9515457,-3.47003937,0.000151185668,-4.082203,144.934,144.799759,-1.73269081,0.133117378,5.32777929,-2.46625638,1,0,4,5932.57861,245.044754,1091.48035,3,0,0,0,0.12,1,0,0,0,0.0293826,1,0,0,0,Grip,-67.3153839,0.0195178427
1002,20.0402679,19.0402679,449.171722,0.7186564,161.390533,28.9142113,-0.000839761633,-28.0330067,-3.482151,0.000145228114,-4.07304764,144.957687,144.823349,-1.733305,0.133117452,5.328758,-2.466729,1,0,4,5933.48975,244.977325,1091.18,3,0,0,0,0.12,1,0,0,0,0.0293780677,1,0,0,0,Grip,-67.32201,0.0195125621
1003,20.0602684,19.0602684,449.748718,0.7186397,160.828308,28.8443241,-0.0008371848,-28.1142826,-3.494358,0.000128842657,-4.063797,144.9813,144.8469,-1.73392487,0.133117616,5.32978153,-2.46721029,1,0,4,5934.39746,244.910187,1090.881,3,0,0,0,0.12,1,0,0,0,0.0293735489,1,0,0,0,Grip,-67.32719,0.0195073113
1004,20.0802689,19.0802689,450.3243,0.7186229,160.264481,28.7741966,-0.0008347717,-28.1953716,-3.50637436,0.00012065284,-4.054451,145.004852,144.870422,-1.73453331,0.133117422,5.33064365,-2.46767688,1,0,4,5935.30225,244.843262,1090.58289,3,0,0,0,0.12,1,0,0,0,0.0293690357,1,0,0,0,Grip,-67.33243,0.0195020624
1005,20.10027,19.10027,450.8985,0.7186065,159.69902,28.7038288,-0.0008323736,-28.2762756,-3.51839066,0.000119904871,-4.04520035,145.028336,144.893784,-1.73515129,0.1331176,5.331613,-2.46815729,1,0,4,5936.20459,244.776566,1090.28577,3,0,0,0,0.12,1,0,0,0,0.0293645374,1,0,0,0,Grip,-67.33739,0.0194968488
1006,20.12027,19.12027,451.471283,0.7185898,159.131943,28.6332188,-0.0008305862,-28.3569927,-3.53050232,8.937204E-05,-4.03585434,145.051743,144.91716,-1.7357502,0.133115649,5.33262968,-2.468612,1,0,4,5937.105,244.710022,1089.98938,3,0,0,0,0.12,1,0,0,0,0.02936006,1,0,0,0,Grip,-67.3426,0.0194917079
1007,20.14027,19.14027,452.0427,0.7185732,158.563248,28.56237,-0.0008286945,-28.437521,-3.54242325,9.458454E-05,-4.026413,145.075089,144.94046,-1.73636055,0.133115754,5.3334837,-2.4690845,1,0,4,5938.003,244.643646,1089.69373,3,0,0,0,0.12,1,0,0,0,0.0293555874,1,0,0,0,Grip,-67.34619,0.01948652
1008,20.16027,19.16027,452.61264,0.718556762,157.992966,28.4912815,-0.0008270262,-28.51786,-3.55443954,8.341449E-05,-4.01697159,145.098389,144.963638,-1.73696327,0.133118749,5.33445024,-2.46954679,1,0,4,5938.89648,244.577637,1089.39966,3,0,0,0,0.12,1,0,0,0,0.0293511264,1,0,0,0,Grip,-67.35133,0.0194814913
1009,20.1802711,19.1802711,453.181152,0.7185401,157.421066,28.4199524,-0.000825358,-28.59801,-3.56645584,8.341158E-05,-4.007435,145.1216,144.986771,-1.7375679,0.133117929,5.335395,-2.47001314,1,0,4,5939.79053,244.511612,1089.10559,3,0,0,0,0.12,1,0,0,0,0.0293466821,1,0,0,0,Grip,-67.3586349,0.01947626
1010,20.2002716,19.2002716,453.74823,0.7185237,156.847565,28.3483849,-0.0008231684,-28.677969,-3.57837677,0.000109479879,-3.99799347,145.144745,145.009842,-1.73817444,0.133118033,5.336376,-2.47048235,1,0,4,5940.678,244.446075,1088.81372,3,0,0,0,0.12,1,0,0,0,0.0293422528,1,0,0,0,Grip,-67.36304,0.01947102
1011,20.2202721,19.2202721,454.313873,0.718507349,156.272476,28.2765789,-0.000820949,-28.7577381,-3.5902977,0.000110969995,-3.98845673,145.167816,145.032852,-1.73876953,0.13311857,5.33733559,-2.47093678,1,0,4,5941.565,244.380646,1088.52222,3,0,0,0,0.12,1,0,0,0,0.0293378327,1,0,0,0,Grip,-67.3681259,0.0194658972
1012,20.2402725,19.2402725,454.878082,0.718490958,155.695786,28.2045383,-0.0008187594,-28.8373165,-3.602028,0.000109479879,-3.97892,145.190826,145.0558,-1.73937225,0.133117586,5.338195,-2.47140265,1,0,4,5942.44775,244.3155,1088.232,3,0,0,0,0.12,1,0,0,0,0.02933343,1,0,0,0,Grip,-67.37353,0.01946086
1013,20.260273,19.260273,455.4409,0.7184746,155.117523,28.1322613,-0.0008165549,-28.9167023,-3.61385345,0.000110224937,-3.96928787,145.213791,145.07869,-1.73996735,0.133116484,5.339104,-2.47185969,1,0,4,5943.33,244.2504,1087.94214,3,0,0,0,0.12,1,0,0,0,0.02932903,1,0,0,0,Grip,-67.37778,0.0194557551
1014,20.2802734,19.2802734,456.0022,0.7184582,154.537659,28.0597477,-0.000814499334,-28.9958954,-3.625679,0.000102777267,-3.95965576,145.236679,145.101486,-1.74056435,0.1331187,5.34005547,-2.472319,1,0,4,5944.211,244.185425,1087.65271,3,0,0,0,0.12,1,0,0,0,0.029324647,1,0,0,0,Grip,-67.38191,0.0194507483
1015,20.3002739,19.3002739,456.562073,0.7184422,153.956223,27.9869976,-0.000812131038,-29.074894,-3.63750458,0.000118414755,-3.94992828,145.259491,145.124252,-1.74116135,0.133117989,5.340986,-2.47278023,1,0,4,5945.0874,244.120773,1087.36475,3,0,0,0,0.12,1,0,0,0,0.029320281,1,0,0,0,Grip,-67.38854,0.0194456223
1016,20.3202744,19.3202744,457.120483,0.718425751,153.373215,27.9140148,-0.000810462749,-29.153698,-3.6491394,8.341449E-05,-3.94020081,145.282257,145.146912,-1.74176216,0.1331179,5.34181547,-2.473247,1,0,4,5945.962,244.056351,1087.07776,3,0,0,0,0.12,1,0,0,0,0.02931592,1,0,0,0,Grip,-67.3929443,0.0194406547
1017,20.3402748,19.3402748,457.67746,0.7184098,152.788635,27.8407955,-0.000808437,-29.2323074,-3.660965,0.000101287151,-3.93047333,145.304947,145.169556,-1.74234581,0.133117869,5.342831,-2.47369123,1,0,4,5946.8335,243.9921,1086.79163,3,0,0,0,0.12,1,0,0,0,0.0293115769,1,0,0,0,Grip,-67.3978043,0.0194356367
1018,20.3602753,19.3602753,458.232941,0.718393564,152.202484,27.7673416,-0.0008072305,-29.3107224,-3.67269516,6.032642E-05,-3.92074585,145.327576,145.1921,-1.74293518,0.133118123,5.343817,-2.47414422,1,0,4,5947.703,243.928055,1086.50635,3,0,0,0,0.12,1,0,0,0,0.02930724,1,0,0,0,Grip,-67.4026947,0.0194307566
1019,20.3802757,19.3802757,458.786926,0.7183775,151.614761,27.6936569,-0.000805562246,-29.38894,-3.68423462,8.341158E-05,-3.910923,145.350128,145.214569,-1.74353218,0.133118585,5.344639,-2.47460818,1,0,4,5948.57227,243.864044,1086.22119,3,0,0,0,0.12,1,0,0,0,0.029302923,1,0,0,0,Grip,-67.40778,0.019425692
1020,20.4002762,19.4002762,459.339447,0.7183615,151.025482,27.6197376,-0.000803908857,-29.4669628,-3.69596481,8.266943E-05,-3.90110016,145.372635,145.237061,-1.744112,0.1331199,5.34564638,-2.4750495,1,0,4,5949.43555,243.800461,1085.938,3,0,0,0,0.12,1,0,0,0,0.0292986147,1,0,0,0,Grip,-67.41302,0.0194206424
1021,20.4202766,19.4202766,459.890472,0.7183454,150.434647,27.5455875,-0.0008021066,-29.5447865,-3.70750427,9.011419E-05,-3.891182,145.395065,145.259415,-1.74469376,0.133118123,5.34649,-2.47549534,1,0,4,5950.29736,243.73703,1085.65552,3,0,0,0,0.12,1,0,0,0,0.0292943213,1,0,0,0,Grip,-67.41888,0.01941568
1022,20.4402771,19.4402771,460.440063,0.7183293,149.842255,27.4712048,-0.0008002149,-29.6224117,-3.719139,9.458454E-05,-3.88126373,145.417435,145.2817,-1.74527168,0.133116364,5.347449,-2.47593522,1,0,4,5951.157,243.673752,1085.37366,3,0,0,0,0.12,1,0,0,0,0.0292900372,1,0,0,0,Grip,-67.42239,0.0194107555
1023,20.4602776,19.4602776,460.988129,0.718313336,149.248322,27.3965931,-0.0007982934,-29.6998386,-3.73058319,9.60746547E-05,-3.87134552,145.439743,145.303955,-1.74585533,0.133118287,5.34830427,-2.47638488,1,0,4,5952.014,243.610687,1085.09265,3,0,0,0,0.12,1,0,0,0,0.0292857662,1,0,0,0,Grip,-67.42591,0.0194058735
1024,20.480278,19.480278,461.5347,0.7182975,148.652832,27.32175,-0.000796297449,-29.7770672,-3.74212265,9.97970346E-05,-3.86142731,145.46199,145.326111,-1.74642754,0.1331183,5.349274,-2.4768188,1,0,4,5952.869,243.547821,1084.81274,3,0,0,0,0.12,1,0,0,0,0.0292815063,1,0,0,0,Grip,-67.4322,0.0194009114
1025,20.5002785,19.5002785,462.079742,0.7182816,148.055817,27.24668,-0.000794375956,-29.8540955,-3.75356674,9.60746547E-05,-3.85141373,145.484177,145.348236,-1.74700165,0.1331168,5.35015154,-2.477257,1,0,4,5953.72,243.48526,1084.534,3,0,0,0,0.12,1,0,0,0,0.0292772558,1,0,0,0,Grip,-67.43703,0.01939603
1026,20.5202789,19.5202789,462.623322,0.7182658,147.45726,27.1713772,-0.0007922608,-29.93092,-3.7651062,0.0001057575,-3.84120941,145.5063,145.370285,-1.74757576,0.13311699,5.35102272,-2.4776957,1,0,4,5954.57129,243.422668,1084.25525,3,0,0,0,0.12,1,0,0,0,0.02927302,1,0,0,0,Grip,-67.44069,0.0193910524
1027,20.54028,19.54028,463.165375,0.7182499,146.857178,27.0958481,-0.000790264865,-30.0075436,-3.776455,9.97970346E-05,-3.83119583,145.528351,145.392258,-1.74814987,0.133116275,5.35191154,-2.47813535,1,0,4,5955.41846,243.360382,1083.97778,3,0,0,0,0.12,1,0,0,0,0.0292687975,1,0,0,0,Grip,-67.4456253,0.0193863325
1028,20.56028,19.56028,463.7059,0.718234241,146.255554,27.020092,-0.000788075267,-30.0839653,-3.78780365,0.000109479879,-3.821087,145.550339,145.4142,-1.74872208,0.133116677,5.352782,-2.47857332,1,0,4,5956.263,243.298355,1083.70154,3,0,0,0,0.12,1,0,0,0,0.0292645879,1,0,0,0,Grip,-67.44986,0.0193814
1029,20.58028,19.58028,464.244934,0.718218446,145.65239,26.944109,-0.0007857665,-30.160183,-3.79915237,0.000115437433,-3.81088257,145.572281,145.436081,-1.74928665,0.1331156,5.3536334,-2.47900128,1,0,4,5957.10645,243.236389,1083.42554,3,0,0,0,0.12,1,0,0,0,0.0292603858,1,0,0,0,Grip,-67.4549255,0.0193764865
1030,20.60028,19.60028,464.7824,0.7182028,145.047729,26.8678989,-0.000783413067,-30.2361965,-3.810501,0.000117672607,-3.80067825,145.594147,145.457855,-1.749857,0.133117,5.35452747,-2.47943854,1,0,4,5957.94629,243.174728,1083.15088,3,0,0,0,0.12,1,0,0,0,0.0292562,1,0,0,0,Grip,-67.45886,0.01937168
1031,20.6202812,19.6202812,465.318359,0.7181872,144.441544,26.7914639,-0.0007808213,-30.312006,-3.82175446,0.000129587715,-3.790474,145.615952,145.479584,-1.75042343,0.13311553,5.3553896,-2.47987127,1,0,4,5958.783,243.113266,1082.87708,3,0,0,0,0.12,1,0,0,0,0.0292520244,1,0,0,0,Grip,-67.46466,0.01936679
1032,20.6402817,19.6402817,465.852783,0.7181717,143.833847,26.7148037,-0.0007780359,-30.3876114,-3.83300781,0.00013927056,-3.78026962,145.6377,145.501251,-1.750988,0.133118138,5.35629368,-2.48030257,1,0,4,5959.617,243.052078,1082.60449,3,0,0,0,0.12,1,0,0,0,0.0292478632,1,0,0,0,Grip,-67.46826,0.0193619877
1033,20.6602821,19.6602821,466.385681,0.71815604,143.22464,26.6379185,-0.000775369641,-30.46301,-3.84426117,0.000133313,-3.76997,145.659378,145.522858,-1.75155258,0.133116141,5.35718,-2.48073363,1,0,4,5960.45068,242.9909,1082.332,3,0,0,0,0.12,1,0,0,0,0.0292437114,1,0,0,0,Grip,-67.47494,0.0193572566
1034,20.6802826,19.6802826,466.917023,0.7181407,142.613937,26.5608082,-0.000772703439,-30.5382042,-3.85551453,0.0001333101,-3.75967026,145.681,145.544434,-1.75212288,0.133115754,5.358109,-2.48117375,1,0,4,5961.28125,242.929962,1082.06067,3,0,0,0,0.12,1,0,0,0,0.02923957,1,0,0,0,Grip,-67.47813,0.019352559
1035,20.7002831,19.7002831,467.4468,0.718125343,142.00174,26.4834766,-0.000770484039,-30.61319,-3.86657715,0.000110969995,-3.74927521,145.70256,145.565964,-1.75268173,0.133117,5.35887146,-2.48159933,1,0,4,5962.112,242.869049,1081.78931,3,0,0,0,0.12,1,0,0,0,0.0292354431,1,0,0,0,Grip,-67.48251,0.019347813
1036,20.7202835,19.7202835,467.975067,0.7181097,141.388031,26.4059219,-0.000768607249,-30.68797,-3.87773514,9.383948E-05,-3.73897552,145.72406,145.587387,-1.75323868,0.133115917,5.3598094,-2.48202324,1,0,4,5962.9375,242.8085,1081.51965,3,0,0,0,0.12,1,0,0,0,0.0292313267,1,0,0,0,Grip,-67.48813,0.0193431266
1037,20.740284,19.740284,468.50174,0.7180947,140.772842,26.3281441,-0.0007665517,-30.7625389,-3.88889313,0.000102777267,-3.728485,145.7455,145.608734,-1.75379944,0.1331176,5.360672,-2.48245382,1,0,4,5963.76025,242.7482,1081.251,3,0,0,0,0.12,1,0,0,0,0.02922722,1,0,0,0,Grip,-67.49197,0.0193384662
1038,20.7602844,19.7602844,469.026855,0.7180792,140.156143,26.2501469,-0.0007651069,-30.8369,-3.89986038,7.224153E-05,-3.71809,145.766891,145.630035,-1.7543602,0.1331187,5.361485,-2.48288441,1,0,4,5964.584,242.687851,1080.98218,3,0,0,0,0.12,1,0,0,0,0.0292231254,1,0,0,0,Grip,-67.49788,0.0193337612
1039,20.7802849,19.7802849,469.550446,0.71806407,139.537979,26.1719284,-0.0007632748,-30.9110527,-3.910923,9.160431E-05,-3.70759964,145.7882,145.651291,-1.75492287,0.133117437,5.36235666,-2.48331857,1,0,4,5965.40234,242.627869,1080.715,3,0,0,0,0.12,1,0,0,0,0.0292190462,1,0,0,0,Grip,-67.50334,0.0193289667
1040,20.8002853,19.8002853,470.072449,0.718048751,138.91832,26.0934887,-0.000761681,-30.9849949,-3.92198563,7.96892E-05,-3.69710922,145.809464,145.672531,-1.75547409,0.133116975,5.363271,-2.48373747,1,0,4,5966.21729,242.568176,1080.4491,3,0,0,0,0.12,1,0,0,0,0.0292149745,1,0,0,0,Grip,-67.507,0.0193243232
1041,20.8202858,19.8202858,470.592865,0.7180338,138.297211,26.01483,-0.000759610557,-31.0587273,-3.932953,0.000103522325,-3.6866188,145.830658,145.693665,-1.75602722,0.133118987,5.364151,-2.484161,1,0,4,5967.03467,242.508347,1080.18262,3,0,0,0,0.12,1,0,0,0,0.0292109139,1,0,0,0,Grip,-67.51125,0.01931956
1042,20.8402863,19.8402863,471.111725,0.7180184,137.6746,25.9359512,-0.000757718866,-31.132246,-3.94392014,9.458454E-05,-3.67593765,145.8518,145.714691,-1.75658417,0.133118227,5.364958,-2.48458958,1,0,4,5967.844,242.449051,1079.91858,3,0,0,0,0.12,1,0,0,0,0.0292068645,1,0,0,0,Grip,-67.5173645,0.019314887
1043,20.8602867,19.8602867,471.629,0.7180033,137.050552,25.8568535,-0.0007550675,-31.205555,-3.95488739,0.000132567948,-3.66544724,145.872879,145.735718,-1.75712967,0.1331196,5.36592245,-2.485004,1,0,4,5968.6543,242.389786,1079.65454,3,0,0,0,0.12,1,0,0,0,0.02920283,1,0,0,0,Grip,-67.52137,0.0193101615
1044,20.8802872,19.8802872,472.144684,0.7179883,136.425018,25.77754,-0.000752133143,-31.27865,-3.965664,0.00014671823,-3.654766,145.8939,145.756653,-1.75768471,0.133121312,5.36666155,-2.485432,1,0,4,5969.45947,242.330872,1079.39209,3,0,0,0,0.12,1,0,0,0,0.0291988049,1,0,0,0,Grip,-67.52697,0.0193054769
1045,20.9002876,19.9002876,472.658783,0.717973351,135.798035,25.6980076,-0.0007492584,-31.351532,-3.97663116,0.000143738,-3.644085,145.914856,145.777557,-1.75823212,0.133120522,5.367595,-2.48585033,1,0,4,5970.264,242.271988,1079.12988,3,0,0,0,0.12,1,0,0,0,0.0291947927,1,0,0,0,Grip,-67.532814,0.019300865
1046,20.9202881,19.9202881,473.171265,0.717958331,135.169617,25.61826,-0.0007464879,-31.4242,-3.98740768,0.0001385255,-3.63340378,145.93576,145.798386,-1.7587719,0.133121029,5.36841869,-2.48625827,1,0,4,5971.06738,242.213272,1078.86829,3,0,0,0,0.12,1,0,0,0,0.029190788,1,0,0,0,Grip,-67.53676,0.0192962978
1047,20.9402885,19.9402885,473.682159,0.7179435,134.539734,25.5382957,-0.000743374752,-31.4966545,-3.9981842,0.000155656016,-3.62272263,145.9566,145.819183,-1.759325,0.133120745,5.36928368,-2.48668623,1,0,4,5971.86865,242.154678,1078.6073,3,0,0,0,0.12,1,0,0,0,0.0291867964,1,0,0,0,Grip,-67.54167,0.0192916337
1048,20.960289,19.960289,474.191467,0.717928767,133.9084,25.4581165,-0.000740440446,-31.5688934,-4.00896072,0.00014671532,-3.611946,145.977386,145.83992,-1.759861,0.133118853,5.370134,-2.48709059,1,0,4,5972.6665,242.096344,1078.34753,3,0,0,0,0.12,1,0,0,0,0.02918282,1,0,0,0,Grip,-67.54597,0.0192870852
1049,20.98029,19.98029,474.699158,0.717914,133.27565,25.3777237,-0.0007377891,-31.6409168,-4.019642,0.000132567948,-3.60116959,145.998123,145.860565,-1.7604084,0.1331187,5.37094927,-2.48751235,1,0,4,5973.462,242.038223,1078.08862,3,0,0,0,0.12,1,0,0,0,0.0291788485,1,0,0,0,Grip,-67.5490341,0.01928267
1050,21.00029,20.00029,475.205231,0.7178993,132.641449,25.2971172,-0.0007352867,-31.7127247,-4.030323,0.000125120278,-3.590393,146.018784,145.881165,-1.76093864,0.133116856,5.37180662,-2.487911,1,0,4,5974.258,241.980072,1077.82959,3,0,0,0,0.12,1,0,0,0,0.0291748922,1,0,0,0,Grip,-67.55341,0.0192781053
